asset_id,day,date,Hydrogen,Oxigen,Nitrogen,Methane,CO,CO2,Ethylene,Ethane,Acethylene,DBDS,Power factor,Interfacial V,Dielectric rigidity,Water content,top_oil_temp_c,load_pct,vibration_g,health_index,RUL_days
TX-101,0,2026-06-15,13.463271812785388,9593.113635876061,36231.95884515099,35.64486146360446,197.7210508469025,832.7874818429977,2.5877593921543802,16.301185575649402,0.11486508342406886,0.5271577134152597,0.0018003470878133919,35.23216132306672,60.17502871371109,12.218688596729013,67.61428633384457,76.78876439019746,0.056789135630718954,13.4,180.0
TX-101,1,2026-06-16,15.202737208466674,10144.559699344993,36262.57645167708,22.7345521591553,193.70823196502215,862.3701876565764,2.680561075878329,14.449715497546633,0.12989882622468793,0.45670844421533785,0.002290483506377444,33.317130228384194,59.49767245502134,12.162753065105006,66.75866699407783,80.68981263834284,0.057933472351999256,14.0,177.81
TX-101,2,2026-06-17,13.953824783254687,9768.824103667717,36715.951762514305,29.084140892459192,174.6895861175779,809.3370228797215,2.5402738569991943,15.994321488107529,0.10284851472141131,0.5345242677033885,0.0018718242060990398,35.15853969107671,60.93838559095101,11.690653460279762,66.37032571267224,69.7045924714668,0.04636946153434929,13.4,180.0
TX-101,3,2026-06-18,13.854786318005013,9402.08017720548,35973.944961571164,27.71398207428728,200.55485125105827,938.4597327124727,3.223265588014972,16.330770217945574,0.09803029030981153,0.4788350843977923,0.0019760845367280803,33.31266556604197,57.82933129136537,10.677300387645598,62.008259517195555,78.1981938137875,0.04094520944639939,16.0,170.51
TX-101,4,2026-06-19,13.865512337881832,10649.614148893033,34287.472057877145,33.768902876069966,181.73427156847515,883.5649953705896,2.524988972544709,14.321933848198874,0.11680616274914792,0.41363397884038255,0.0021303270930637572,35.23773560233228,59.10877506645481,10.553942145611545,65.2163885231416,70.76405832748958,0.052326762113547046,14.47,176.0945
TX-101,5,2026-06-20,15.06555643657033,10800.889445660458,34521.28874505395,24.984168829058845,204.0937941599672,917.5997347177412,3.6795937876202185,16.670222491829158,0.10713742118299019,0.5731651445609781,0.001643371083703145,34.36024846725025,58.61013608789171,11.610190196844233,60.869941557331074,80.08120757451523,0.04777777302901227,15.07,173.9045
TX-101,6,2026-06-21,10.587581116492027,9492.210459396229,35627.02769490039,34.312620390073704,240.54455558684475,1133.1089972805864,3.207204716637998,13.020923759936272,0.05735907438537382,0.5133855731171918,0.0017561176714069023,34.58464273982032,59.08185480141029,11.859209113583615,68.19794069236293,76.25638853956276,0.04841365162961312,14.5,175.985
TX-101,7,2026-06-22,11.893038741522565,9162.658527647822,34027.38418185334,29.873406054943835,236.07019231677484,910.4219617178309,3.4913697555115286,14.001408802921695,0.07630112467165952,0.4517441618883814,0.0017824321806392742,37.128469732435164,58.76791998116342,12.838489203736344,62.29121846573892,82.45258410299395,0.053849509661058635,14.88,174.598
TX-101,8,2026-06-23,14.530086307025728,9979.618736932283,33690.42460914122,32.393011074879475,191.71358073052974,801.9515388986201,2.3610312128401905,15.34517583544424,0.1315818251282087,0.5079995806786719,0.0019644085021670353,35.28582613960254,61.95900261256024,12.219382501363857,63.76721830749879,83.85030968047911,0.05428756438461614,13.4,180.0
TX-101,9,2026-06-24,19.607267975987977,10091.617218610952,32551.061936559,23.342185329674383,233.9334652741385,1037.8932576626637,2.9102403933586998,14.233625357728025,0.12922888584484404,0.4446477158978256,0.0017315818943132522,35.643326794689045,59.40809231571062,11.99487813327993,64.50967130442646,77.70059639039147,0.06407481861313717,14.11,177.4085
TX-101,10,2026-06-25,15.271754720705237,10321.96939663843,30899.655797937954,29.95972057468575,184.15195751582428,802.4949551661098,2.5609238165356247,14.331753118598376,0.11831805084712027,0.4336803641130218,0.0020091894477783255,34.51583056666642,59.50849035845706,13.002757825304604,66.61434631101177,85.69918485954194,0.048454943207500996,13.99,177.8465
TX-101,11,2026-06-26,12.91217216498789,9888.07059155975,35484.99358254244,31.10651063503853,179.43045776918254,907.23918253023,3.1141141650694526,20.03494807506784,0.13753689222563342,0.457337832472059,0.001913784991535247,33.536557998163,59.11393947905477,12.31560500359034,68.6175608626647,69.16732929805113,0.043458535599322036,14.46,176.131
TX-101,12,2026-06-27,8.558132910784035,9918.667039727547,32875.17117628087,27.596777964373242,183.68265994266628,892.4589956597954,2.1211358043216846,12.065909509218018,0.14258494224056598,0.43562887093629843,0.0016709643264636081,36.83691352832131,64.35760075386061,10.828433371174658,63.89525312963591,77.73244440752407,0.06728697644405593,13.4,180.0
TX-101,13,2026-06-28,12.039428764715288,9877.361077028945,36554.67515212349,32.43813673197034,193.79841037358423,889.2941628387167,2.312552095815009,14.523652512050669,0.09467225019982091,0.5116084944813128,0.0018334018343542952,35.47153852254514,61.519073726729744,12.155429327668466,66.0552692251976,75.42524278062294,0.05000084393091415,13.4,180.0
TX-101,14,2026-06-29,12.835325899371458,10158.247130836655,34805.426803173024,40.75047916272385,232.89028613985923,930.8677242045201,2.6184713951526164,12.775177056033165,0.12382285906177731,0.5131374612573569,0.0021440430210174833,33.255414013025806,61.39115772233727,12.454420338214362,61.66870794675657,71.2278015404004,0.052637172043565196,13.4,180.0
TX-101,15,2026-06-30,15.15740039506873,9853.914407098222,34793.02346386808,29.045081985470084,204.57609462457194,1017.7193578394525,1.7166707795343512,14.526299470980632,0.10353024842744894,0.514799699484355,0.0018884256256036132,33.243278217521414,60.491993225571164,13.727350214164185,60.398415785251586,81.91062410958551,0.04671474776877106,13.4,180.0
TX-101,16,2026-07-01,14.816026962513458,9473.550744648026,34331.08765528825,36.82552310843294,213.27960551444488,1038.5849284327956,3.5887059444888467,15.878173357859152,0.13487869052335585,0.521949657936915,0.0022483964530391177,34.70342904646529,60.09981872378881,11.302576176699723,67.96875180378456,65.57357101508107,0.057823503424176616,13.4,180.0
TX-101,17,2026-07-02,14.428046827484522,10585.62354673366,36501.73797746252,39.44886218160579,216.3436507896318,774.2367795477408,2.9665234135508998,12.655985614810369,0.08963440315267451,0.5755614216638361,0.0021912601432693087,34.30106957142125,58.4794239503394,12.03278209287626,61.350319551856614,69.63087778082735,0.05312009471551244,15.22,173.357
TX-101,18,2026-07-03,18.46593610832009,10304.38073611222,30417.4209828038,31.887796296956715,203.27048472367863,933.1112228298155,3.8081048408256035,10.873523446390514,0.08817793149617789,0.5295453161396677,0.0015255216801638174,36.47594904805351,60.552534919050984,12.846583985843404,63.287169015434614,81.51010951972968,0.060684715559890384,13.4,180.0
TX-101,19,2026-07-04,15.698634060411505,10117.200446349349,35540.68647856345,26.06956758654214,198.9808959463882,887.7981974038113,3.1916969321767477,16.99964849382059,0.07882927836043183,0.49374954848402114,0.002444436664297692,34.25641177118744,58.76662497406452,12.202306191831193,67.53315557145596,75.09140844448527,0.0632896059043699,14.88,174.598
TX-101,20,2026-07-05,17.57038194769958,10420.91003344503,36108.23300264819,42.044890670403106,197.92989206604253,739.7182166346789,3.8021271807585704,14.084601138086349,0.10215760888686067,0.5654775342430264,0.0015193221376823226,33.74835278589386,57.59808309432172,11.205863709974576,66.31890981805098,79.19350274250216,0.05276274179328554,16.28,169.488
TX-101,21,2026-07-06,10.7617023483229,8844.948281683679,35108.70717078076,28.068076258914637,211.3224975698638,956.1562900977016,3.069120716029341,16.520266170751707,0.10458422748230137,0.5265032352800734,0.0017885980211390354,34.82038858616854,60.295164144985435,12.820528475417419,63.81877648332628,79.1693380458569,0.04734161208084621,13.4,180.0
TX-101,22,2026-07-07,14.64737349801561,10414.759521012036,31013.879257891687,23.96492604516615,172.59273047884332,713.3107104121357,2.6608677799224116,16.498867799455482,0.0943023186723485,0.5098895040970927,0.0023267652490132377,36.327686132267694,59.89629309791079,13.353585889569397,65.27637997530233,68.3008142093803,0.04405599647801265,13.52,179.562
TX-101,23,2026-07-08,10.558390462304951,9555.933073133174,34283.96662385114,34.48554404086659,236.7534913431876,789.4254787698368,3.1964137341299597,12.918912121684931,0.10949394176926405,0.4934456674656137,0.0014507282522457409,35.92829699156849,59.0924989307869,11.466099761626445,61.79074276613093,69.76573378649955,0.05427890440694917,14.49,176.0215
TX-101,24,2026-07-09,14.432266977190784,10164.331001141241,35723.84370785769,37.091258480048054,195.5840279947485,781.8513746523415,3.5336112082859916,14.33702365580549,0.12229184889154754,0.5191688556591235,0.0019606587409389965,35.3487758940463,62.92651884018945,14.076980529053753,65.20814340539833,76.2815247465366,0.06076240157466386,13.4,180.0
TX-101,25,2026-07-10,12.463016901697959,10166.535186309127,34948.27430409229,32.07782251812862,185.87403118521615,772.8346005352824,1.9635082820043541,12.765231774020783,0.09082649430121334,0.4853404206675619,0.002581169348728855,36.105993369907296,58.55686332548756,12.347708452450957,63.778765290949025,72.72508929567924,0.05185325649415382,15.13,173.6855
TX-101,26,2026-07-11,16.85751335092618,9830.370758057992,37127.70306546872,24.818921588562468,202.7698448436178,1107.8138981276666,3.1115398713126377,17.866429013212347,0.10183040356346416,0.5290388547664898,0.0019829650416821926,34.829592418835794,58.83077640491187,12.430301358957554,62.4453884324427,80.32468189050743,0.060852870044459106,14.8,174.89
TX-101,27,2026-07-12,16.09959422171169,9856.875633222155,35907.93115861739,29.005578699976056,221.45566239784358,753.4875132627901,2.832196315940677,11.018376009752004,0.0700987833954559,0.5681931114906955,0.002268555494591506,34.28051976671521,57.74624481593865,9.035471162158348,63.369513476202094,94.36332009797923,0.054348842714636476,16.1,170.14499999999998
TX-101,28,2026-07-13,13.32128314185153,10232.540104750153,31878.083294011114,29.08265842265358,204.83592564102355,893.1119478543161,3.39540306084504,15.689290452472104,0.11336652036215994,0.46558138588846204,0.0022693446225231645,36.62893694762399,58.54477572052288,11.112304344285441,69.0073530089607,73.46924810643952,0.06403821392066557,15.15,173.6125
TX-101,29,2026-07-14,13.672392864323449,10727.522788135355,35262.971633610905,31.880750611188866,234.24239290627503,871.0583618044664,2.5294389520375207,14.10287158394329,0.10904667901286277,0.42171204639097426,0.0021912412707953367,34.461228682382256,61.721718991100346,9.605739695099528,62.6403026746875,61.50825479012718,0.04173770533636048,13.4,180.0
TX-101,30,2026-07-15,15.742997703326829,9910.386687275122,34493.24486210397,29.814013396108717,207.117453577444,819.3171166445513,3.3534248204495256,16.32533194077097,0.10770075875312203,0.5278266721375632,0.002088925400242598,37.035073302731064,59.86935874342124,11.692916781665422,62.739417258927865,66.74189863537731,0.037555282123989245,13.56,179.416
TX-101,31,2026-07-16,12.333608060307245,9964.659809173965,35668.59025699543,30.885979304203467,187.84063950861903,972.0147651215971,3.3697063361504735,14.680703385155965,0.08694167710670576,0.52742139604149,0.0020563920762458315,33.551872740584955,59.89802961602339,12.26203581207438,62.300915640536736,76.51874714269954,0.03545177514742211,13.52,179.562
TX-101,32,2026-07-17,19.008558300036512,10623.974992529716,34494.96533139407,32.46787195907166,155.05456203338397,807.4921871787734,2.853110539923935,12.855733957146281,0.11428792965261318,0.5998648265373997,0.0016470155841712096,34.16253659591481,60.3531725524649,13.61111614849962,61.33287706238029,76.99228897845553,0.0682129885081311,13.4,180.0
TX-101,33,2026-07-18,10.044722555462197,9359.465396577085,34152.78678707832,28.06798946403287,219.60668339662254,919.332777585667,2.112518970178936,16.03082080580162,0.088449222252887,0.563722360847062,0.0018117237390689242,34.36338471689776,60.8116974162068,12.762926482336937,66.34429809180861,61.51522146092154,0.055380344399282515,13.4,180.0
TX-101,34,2026-07-19,11.897075844976804,10117.638055794132,32152.53112920188,32.92287352445887,187.32433584757035,797.3892279791582,3.3569100682412,15.483289043353503,0.08772046397214206,0.5725589424510532,0.0018678042735290772,35.032107673970934,60.4033701715179,11.380334065871386,66.41340888019978,70.7323812226822,0.04588361677783791,13.4,180.0
TX-101,35,2026-07-20,19.087927919410024,9479.706973743783,30174.43933814102,38.76627902023667,254.544529278026,867.5784587640535,2.0315809796899074,14.379032047608112,0.09427554100318662,0.49050380794888715,0.0016659835874234456,35.57956114247648,60.78676106292913,10.505594380180693,67.09759019508466,91.42147985556713,0.0517196033243706,13.4,180.0
TX-101,36,2026-07-21,13.988024513794482,9928.998392796238,36230.51353393712,22.078567276074732,206.94744057760016,868.7628840429752,3.9239125064780227,14.651654532390085,0.1333577522223904,0.4448129651108996,0.0021761777500408377,35.31940026379123,58.69642912820282,12.17739611463694,68.6375565104948,72.4096663657072,0.03308037350830237,14.96,174.306
TX-101,37,2026-07-22,14.947311520567663,9548.788452603743,34315.31812267224,30.344317713618857,169.64823848991196,770.7473328543458,3.2410334177627624,13.95456260766064,0.048705113163588665,0.5392422018304067,0.002081710926582272,34.28612517596352,58.02475468341264,12.835807896314337,66.0480518676813,94.06081826147259,0.05420188598724938,15.77,171.3495
TX-101,38,2026-07-23,16.163109423786043,9916.536034945717,36633.55173440158,33.89801382671886,228.89743927369437,858.2941665090173,2.7822962635280186,14.04179365817604,0.1158160344235798,0.5749187220148366,0.00186234785205521,34.57522627220691,60.471115835804696,11.754238499987098,67.85616095941967,56.985781675047626,0.04173294953083106,13.4,180.0
TX-101,39,2026-07-24,12.652750998115662,8839.821993806927,33072.72311126239,26.2171384996821,199.94250230418203,989.0372713328211,2.8774696744046486,12.938372559457692,0.09886090917572943,0.5524586810720675,0.0017072123551655286,34.08942511607855,60.837823438911336,11.778463884269199,66.94245407212843,74.89082566563762,0.05701663648089567,13.4,180.0
TX-101,40,2026-07-25,11.894765657878077,9993.957674605866,34578.619971273685,24.73379571682471,172.79669272935305,954.859922821973,2.824523808891011,12.95543943670534,0.09807642126153336,0.5564009428674651,0.0013157786463884233,33.50336131009667,58.6156703371571,13.46117886672033,65.8477609487579,81.13853792368981,0.0385983908087377,15.06,173.941
TX-101,41,2026-07-26,11.64139237418842,10223.906858361355,35116.5486618709,33.577275690099626,200.41448816032593,922.2514981163702,3.0790595424525544,16.55553477816985,0.11614016563888942,0.4190064002804115,0.0013258194333977435,36.001745397651504,61.781587639892905,10.979376980486663,59.42049378036312,75.79227856805761,0.059308382263505294,13.4,180.0
TX-101,42,2026-07-27,20.392783567302942,10258.148786050726,34256.56660682861,26.388259746288316,204.49859010447625,876.0588236891795,2.4924660471355917,19.097511301726573,0.13570336804144262,0.5568024341777714,0.0017237448806572617,35.85501932429728,60.959439614246854,12.442545624204053,68.74899580113133,80.08296914289022,0.05740014236304336,13.4,180.0
TX-101,43,2026-07-28,16.91071885011663,10170.395704001054,31432.777740571633,31.292349499699053,193.24738138624883,797.6127233887984,3.8409083096504117,18.457990681771406,0.12718441200591224,0.5127606708427938,0.002405187536285797,35.012053180601825,60.30419591534667,10.906528629538016,66.19097391349652,75.48308742739533,0.03697347883165536,13.4,180.0
TX-101,44,2026-07-29,14.846408664550209,9960.135218071595,38595.12233328928,35.36564201364695,204.70178563722882,919.9029847840866,3.022106189052099,14.594172030408904,0.07835145605223427,0.49244740611965354,0.0017761705230042461,33.74968446107685,60.7668327218213,12.391264659933235,59.639877465895765,74.01852290003899,0.059957013858999236,13.4,180.0
TX-101,45,2026-07-30,18.177671216688964,10512.918421442619,35077.82641380292,26.68967998966778,182.90055660040647,927.5683923800286,3.1896400171825814,17.57466222321013,0.12199959300684168,0.4933885671734414,0.0016267382363417391,34.6808934029891,60.325846792215785,11.797916754610595,63.266317675767034,77.0230785197592,0.044960422585893896,13.4,180.0
TX-101,46,2026-07-31,13.115801748823879,10155.72641715172,34196.01483974159,32.15575983283893,210.1402698967783,808.8456799126741,2.759379438067294,17.875553879832925,0.07675840974531425,0.39416727755147346,0.0014414464540272467,35.02910994657667,60.04637591704905,11.88238914457488,68.6425694867855,53.61732453517649,0.053959338744308236,13.4,180.0
TX-101,47,2026-08-01,19.68431460541072,9436.109617554142,34240.38697642021,27.1911095602377,186.89092481035345,873.8990395981568,3.713742641842252,18.67477335097504,0.09328121549919705,0.5952530107032235,0.0020106729430953876,36.753691026701084,59.860052025519764,12.131057826046144,66.0964234179285,100.0,0.05851285574844789,13.57,179.3795
TX-101,48,2026-08-02,12.878206410145609,10484.498935137928,34276.33492583132,28.52714949030839,223.0515292219144,902.4868470216923,3.139287957255903,15.027970443730585,0.1067316625321087,0.5212482948718075,0.0014189099201883755,35.66657266860953,58.52697087025455,10.557700864440589,64.82476626842396,75.67184802651563,0.043064938354277195,15.17,173.5395
TX-101,49,2026-08-03,17.493095573003924,9328.912416814546,34186.11250245488,28.07186098858307,204.04941290945357,922.3091427717791,2.496053525188228,16.448565354912457,0.101260047366694,0.4054026873344045,0.0014124225678808907,34.98768070707069,59.668549023320466,11.896579886425366,64.91605263040934,76.80447871608145,0.059476496098483,13.8,178.54
TX-101,50,2026-08-04,11.666685297247327,9414.014203549603,32813.352284225235,32.46114625752524,229.98176218133742,865.4928449408392,1.7491500779201727,11.592014274779249,0.08333926554407978,0.47211355562523927,0.001877483411823582,35.038581122980915,59.532380503766326,13.049339610543408,62.97194808295589,68.10145632419565,0.05478875538520462,13.96,177.956
TX-101,51,2026-08-05,10.393073790221642,10194.84585266,35205.106367452536,30.2996817305245,236.94999304356193,850.2234043764225,4.030149085262039,14.549137101543801,0.07445967110059544,0.5034959790497413,0.0016771264399043696,34.2482441521865,60.59554995002323,12.555582088650125,63.13349689923722,82.8992411603712,0.06157507758021134,13.4,180.0
TX-101,52,2026-08-06,19.308905269689873,10264.70670356286,37726.857424171394,21.653233298678682,198.9279962201756,830.6395794941259,3.059612930563696,13.857101561606525,0.09667684316100536,0.5941087440102024,0.0019490840610738866,35.413792317190214,59.651596005113646,12.075713287956834,65.01805004130821,78.58659252778527,0.06165307535547177,13.82,178.467
TX-101,53,2026-08-07,19.94218199280999,10154.810040954584,36179.0937720712,25.323234151054773,203.6302486366006,975.2231571906871,3.4329843192085767,15.423219465590101,0.11772787919135905,0.524538335449691,0.0023600918774777965,35.28935915695711,59.46645252664345,12.335841256933024,56.208216872441675,78.06308589108039,0.013515871747852168,14.04,177.66400000000002
TX-101,54,2026-08-08,9.829609777783746,10225.884300470492,35955.05867453359,25.285744054716588,191.24739893950243,1009.6432790891306,2.757984934213662,19.48584062480597,0.09996160293647308,0.5204018088440634,0.0024850623195495822,35.13102711619342,58.4964840289638,11.89027254830571,64.89316779142973,64.08206678238747,0.04744167928659177,15.2,173.43
TX-101,55,2026-08-09,12.77342371800769,10462.178878593717,35069.22374837051,29.704240468112026,203.46745745679786,917.8497614724932,3.30840709984489,13.000575542661238,0.07916824734757456,0.5552339607701265,0.0018762989383385809,33.58315790740313,60.66571906407466,12.463369806032686,60.40785422822988,76.83585372370885,0.057355830924283736,13.4,180.0
TX-101,56,2026-08-10,16.12315935511879,10315.990741880698,32191.4618038185,32.79375124726449,199.6403571720086,861.3767873020284,3.4352778047098633,17.95854902134846,0.1358874010920072,0.5657403935752953,0.001967079745510945,35.35272016302634,61.150234307676364,12.121177949299462,65.39229256373463,81.59002505500946,0.04940717353974068,13.4,180.0
TX-101,57,2026-08-11,12.812139190879016,9792.76346708207,36267.82075546749,31.173848186716924,212.5986081909525,953.6063393761751,2.812579268551195,16.512496327259612,0.1075768520691679,0.43825934565442604,0.002432691437355873,34.49925525624308,57.51735698522222,10.954956290413698,61.936864517965034,75.41738654926027,0.04726149494453763,16.38,169.123
TX-101,58,2026-08-12,13.989504097078221,10309.85098274124,35679.750722385405,32.75945234237221,214.09263409232776,949.290773440179,1.9460233291112785,14.271123495471077,0.056395798710210526,0.5018029963398898,0.0019986101083326966,36.04553227478968,61.78145158908168,12.202775048252366,63.4989167678093,78.8812889003659,0.04472082362675687,13.4,180.0
TX-101,59,2026-08-13,14.995822045669954,10493.068158480384,33884.457308021156,35.22793744379692,219.54574861176812,823.6166546295343,3.4869470641087004,16.39713269074301,0.10203851774745315,0.4618838270986174,0.001742238194427329,34.462337423096976,60.81389169493794,11.044374832598603,66.3125367458596,65.06595576897286,0.04795931415561151,13.4,180.0
TX-101,60,2026-08-14,15.328943263722026,11222.565072529458,32245.368688959265,38.57994833846871,209.09622580983583,932.893753441277,3.059173956694102,15.889453636390465,0.09692629791275965,0.5727025090728729,0.0018630586567325834,36.13223457217925,59.033449319680464,11.939748153598712,61.784112343129344,78.64018976278015,0.06445125956926534,14.56,175.766
TX-101,61,2026-08-15,14.767931460537438,9901.557150648045,32770.76607386415,30.093743496690138,174.34514862782785,826.9697610624938,3.113393023054568,17.638026395482793,0.15618421722459008,0.47067074574645495,0.002430590046993632,35.243752480401646,59.77312852988044,12.432594451726152,65.18574945103988,75.88316580489774,0.04591666837173331,13.67,179.0145
TX-101,62,2026-08-16,10.805671020603448,9228.187398738959,36306.48976656245,29.877037572456747,194.38091212130323,900.6804501378523,3.3974661264578137,15.360727886052796,0.08687890126718066,0.5613146477824474,0.0024737556508944896,35.49455665532285,61.460495267016135,13.241959996813812,68.39029794921355,79.912793416901,0.05598347047074883,13.4,180.0
TX-101,63,2026-08-17,16.558981720039508,9451.331162726477,36401.44631371917,24.501799425686176,190.51235730409363,1004.285205424647,3.4201100813470986,17.974796579371727,0.09456651232625415,0.44238755793616164,0.0019278688408788972,35.10203129724057,60.11848307451002,13.133680478756702,63.91618872498967,77.81627577442339,0.040113728505653944,13.4,180.0
TX-101,64,2026-08-18,16.35095183413144,10001.554275092818,33500.37332343096,30.122053728878317,202.82248776845847,878.3875896530324,3.885670621133842,14.803107995384241,0.09512207779645325,0.3951274521194929,0.0017317377944061569,34.73692657554365,58.97122098573504,13.381707593377797,64.50518667381134,85.30755399454603,0.05061704634050368,14.63,175.5105
TX-101,65,2026-08-19,15.11168350926473,9955.601776143749,35007.592503242915,39.91550681343551,160.2154444559067,739.8763404449057,2.728414584471943,15.029055763875137,0.11380208849528026,0.5236543599013738,0.001884726226135829,36.01904369324176,61.5452931047291,12.184057831271566,67.88797271746053,77.18116210745703,0.044385169732171166,13.4,180.0
TX-101,66,2026-08-20,17.093450517000015,10055.306561289339,35002.67969350897,38.70663091756772,157.6918727122975,786.5852663872345,2.406464786812815,14.273478704862388,0.0949078366046794,0.4246337176113476,0.0017044525903067522,34.13915832147643,63.68613613811384,13.801741947747146,63.764751746946054,72.0913336775456,0.03850796002811706,13.4,180.0
TX-101,67,2026-08-21,9.2756087603242,9941.559906795737,33004.29603351195,30.937941656743433,174.80685459439786,839.0420433351794,3.0743135476514154,15.732419195567875,0.1083494391748403,0.4339755507921481,0.0022564057190406685,34.19978830339815,60.94928687191096,11.989361323381807,60.87083750276616,72.47041836335049,0.05365363742063768,13.4,180.0
TX-101,68,2026-08-22,16.838896141423795,9929.50605127779,38063.55778120211,36.42007942841991,201.77954553944053,960.0097449709556,3.9668967425940935,18.920969201566052,0.07544000238355006,0.45367334444214247,0.0024454756360201553,33.941718949162365,58.01618830006248,11.513805869300953,66.26068012842376,74.18082634711124,0.04349436379594408,15.78,171.31300000000002
TX-101,69,2026-08-23,12.977362614826474,9643.831467793645,33240.98074268211,42.81102121830106,212.96450558331486,970.9407243523791,2.755461265940538,14.628086645627903,0.0857289203725929,0.36741458325403986,0.0015865972169456402,33.189381320019606,56.62532433307259,10.804641025701898,68.9748670381449,74.64451065836516,0.06290563762321175,17.45,165.2175
TX-101,70,2026-08-24,16.232947730702627,10391.279412857579,33198.20600939085,34.04294286131774,221.69022513325885,853.8682166213046,3.279770185308083,16.132375517149665,0.08900894757739834,0.44386157838645024,0.0016447615004305184,35.08650554192146,60.49051480318397,11.207474169542085,65.07975602397829,79.56429628910789,0.05618190714665301,13.4,180.0
TX-101,71,2026-08-25,19.655640360367464,10638.49041609902,32997.41713448691,39.86145039647813,196.59806665282582,983.5898249963542,3.0339933130255443,14.175701243086065,0.06384606280450135,0.4914217744891826,0.0015321850294083175,35.96729923584277,62.27518898570887,11.20308901070331,65.90591222755782,69.1968678239362,0.043715152698632104,13.4,180.0
TX-101,72,2026-08-26,17.323484111596116,9980.730869078294,38479.29608386202,29.05268821370705,227.30597968559806,907.7930730366226,3.3978890048721166,14.105684685340107,0.09900882324896836,0.4942250560350533,0.001749182865546264,35.66208153458175,60.97537350836755,12.593554694905567,69.61089696175293,86.59475840989043,0.04625055310150865,13.4,180.0
TX-101,73,2026-08-27,16.119156955302536,9688.199655370894,35046.71063222911,28.485434620060964,239.82231551099747,929.095852027437,2.890985435947789,17.387237143712753,0.056587691804091775,0.3992948702567355,0.0022387515965659323,35.06046844811737,60.37566945039114,10.67360389668145,64.9302988674489,91.02807528321074,0.05824199619795863,13.4,180.0
TX-101,74,2026-08-28,15.509119635428437,9780.473044947532,34210.85429626121,20.858523678088837,212.67537403886783,967.6386486785483,2.212190336414692,13.677166215386368,0.07685070735533156,0.45173244025956183,0.00201604448804657,32.915597845011526,60.921405657535594,12.753855069933682,64.24669223588926,55.15433192012367,0.040035813739976105,13.4,180.0
TX-101,75,2026-08-29,18.69870580230809,8611.002859635713,34304.95317561296,25.624840490186262,223.71562794430952,845.9908838285231,3.2019770103678056,16.130920838338184,0.1367245167946004,0.4898529028162315,0.0021128133108867836,33.51494452087256,61.78562034494062,11.239491151928636,63.317737507736766,74.82201764120632,0.03437115654660151,13.4,180.0
TX-101,76,2026-08-30,15.686310086786815,10483.733136462506,35585.867646994586,23.600687820062564,205.24969231818775,959.3623122383592,2.061005617017046,12.850467972364573,0.1175308720816304,0.5135047717098643,0.002123591474638026,36.859494807623314,60.702829167759305,12.65788801043318,73.13223658165498,73.28956353527607,0.04202117236381505,13.4,180.0
TX-101,77,2026-08-31,16.2833891947414,10219.495514694447,33946.569216107586,26.403521801615586,254.02442293875066,926.1474776310419,2.6338573092989623,16.831860604559196,0.09781709696877332,0.48735592768410846,0.002168681861574348,33.70811773176831,60.528940805875756,13.912954807731753,66.39853298659193,71.99030316973229,0.044928947195717585,13.4,180.0
TX-101,78,2026-09-01,13.768980079964672,9873.01866097611,34244.38693448345,36.16739536319629,173.26500872493762,968.9600040329707,2.8101567374287195,15.753895571390744,0.07746024179598274,0.5664315533424717,0.0023736904880515618,35.95959052575007,57.72786783630969,12.829121071066053,66.21456526290713,62.15783002293946,0.04975702616229185,16.13,170.0355
TX-101,79,2026-09-02,16.093603467099786,10278.037636911575,35354.52273389771,33.062326500493995,237.50307492634738,998.0827127928544,1.5664725231086283,14.365122890324637,0.09670697944912097,0.41239507136365144,0.0020282549174696937,36.24875777241051,58.37014821061411,12.336400938689872,62.25252956811069,69.62470381056258,0.06477393634170035,15.36,172.846
TX-101,80,2026-09-03,13.372326539664526,10231.106244505312,31257.563767878026,40.938088481665126,220.1855522995836,885.4000125879791,3.2877732549999474,12.18036114210438,0.12365061483505316,0.4838007612251785,0.0019387791454854697,34.50834438503452,59.129022895881626,12.694670611628409,65.76772055031267,80.21398513122432,0.04991205310514429,14.45,176.16750000000002
TX-101,81,2026-09-04,16.539599433231544,9790.57562803748,39459.4636828191,23.807179850971867,233.4529061368815,1009.4325960576776,2.573920597017203,19.458547221111946,0.11990980565890637,0.5485569503411456,0.002008406656107763,34.78277384178132,59.685886759440585,12.390530596319516,69.2035588251017,76.45051374289136,0.0408855637686271,13.78,178.613
TX-101,82,2026-09-05,17.47328118715494,10460.575373197396,36309.31905689557,35.39465772418291,202.9172533546338,825.6808666295536,2.56590328467961,11.729073503084283,0.104738972230919,0.4958275608386703,0.0018680036886410873,32.044381175654934,58.12902379545875,13.120840651403167,63.00612199981061,77.88473342125474,0.036093145700247437,15.65,171.7875
TX-101,83,2026-09-06,19.316116447077693,9927.986169972663,35580.08079296707,43.31639340940006,238.76627426174622,875.4747502970354,2.7033899075648202,14.348909976960936,0.11019796496953072,0.49473879328745646,0.0018814267564989586,36.46718125070904,59.828685162333244,14.29958909303732,65.27222769125652,89.28254715379782,0.05357319422710627,13.61,179.2335
TX-101,84,2026-09-07,17.888881719748344,9637.694474241138,33292.48155482518,34.0063554835002,228.31019339143262,903.220520160037,2.3568033324581514,12.279483267421346,0.07145727195627519,0.41161889435303095,0.0020328456078341265,36.12504392170803,59.979876319612785,9.739585242662148,64.42771861899635,73.69760802693915,0.07095998750225439,13.42,179.927
TX-101,85,2026-09-08,10.628586261241331,9804.661198700402,38411.70536108913,33.97804867359164,219.90704630462298,909.1667549619102,3.1649717693286323,16.55521906055707,0.08381027362214467,0.54390292894541,0.0015880990949343383,35.328367972831536,60.26811144492949,11.383706911807892,64.93194417402306,70.01967877867557,0.03928298673138256,13.4,180.0
TX-101,86,2026-09-09,13.939155775159067,9448.00568231417,35645.594928186496,25.998060754530712,222.9819815862837,805.4816745656944,2.7168525422094967,13.750793183569641,0.12650293457749678,0.5165144972808295,0.0019364798592366819,35.498719441069724,56.83921147900547,11.956866410359092,70.9925425334143,76.05877205122138,0.05067913169169336,17.19,166.16649999999998
TX-101,87,2026-09-10,16.644385138926587,10447.802621657172,31005.066614220283,23.35718707477103,213.04992324035376,842.8098750481993,3.6560126311099572,14.369651220229553,0.06130938528573765,0.4365993041578001,0.0011750971941108276,34.765874462717086,59.71742380910342,11.575537290218103,68.23663711708922,84.58815869213355,0.04829611576643889,13.74,178.75900000000001
TX-101,88,2026-09-11,8.595918997569433,10308.640790246129,36110.72045701715,33.33610859294453,228.57534869696133,806.8137522831169,4.00437769309257,13.081144493716264,0.11498445854401709,0.41563261527933243,0.0017209205938189848,36.51636864672533,59.608650265498724,12.839922605132799,65.71086616615774,74.16033475199862,0.0636385032493269,13.87,178.2845
TX-101,89,2026-09-12,14.2900235260443,9109.630946218265,33393.51981609659,34.565440644101905,216.9575921302173,774.635339981165,2.6378287402958995,13.836557301595507,0.09269060811771551,0.4312043205699224,0.0018114886675641565,34.27138951474047,61.15729988964288,12.809121310990244,64.56256862573355,71.86368163303415,0.05139924312039114,13.4,180.0
TX-102,0,2026-06-15,11.559503753497676,9529.889395537142,33730.37367205709,24.182631001038644,203.2411911812575,958.3772539026967,2.2064508496008792,15.050257422432066,0.09560128409467329,0.5170754342768401,0.0019961183695689235,33.54640072006837,58.10641605171425,12.029423575584973,68.08634275923653,57.28650103165597,0.0534572657980158,15.67,171.7145
TX-102,1,2026-06-16,18.56886601586293,9923.487061896893,36100.404992052885,26.490311397870027,197.64096002625766,770.3269185353479,1.827828345790563,16.885531602450552,0.08030010144551117,0.47722360774982847,0.001584067324018942,33.590030296916126,59.73924344985807,11.270422805864353,66.1339129939841,78.62030735183673,0.053208496463246074,13.71,178.8685
TX-102,2,2026-06-17,15.715802372785332,10788.884102465943,32864.81246191023,29.736639273703485,222.71036443398214,1001.1631847470429,2.2891181753277134,14.37528911668826,0.12716242191734523,0.5254039552599533,0.0020585789094439318,34.782315306565344,59.42429861143838,12.288219063090324,64.24287762504655,74.65937103164444,0.050785987061150374,14.09,177.4815
TX-102,3,2026-06-18,12.965785414519502,10266.06468694072,40828.48929683084,21.132037210446732,206.56510251918516,839.1847929104875,3.2887012887596248,15.093114946655723,0.11523709548084927,0.558775328825439,0.0020577263353304545,36.13205228841418,56.48355315931698,13.590452297916023,66.12518645567702,83.62274684596146,0.03780124255158479,17.62,164.597
TX-102,4,2026-06-19,12.507690355183993,10072.969147072386,34965.924221325076,31.437970149486095,221.80343926578007,758.782374775772,3.4869095358586546,15.016563819915854,0.09592436277750906,0.4264442382807555,0.0021509146005130597,32.585892148968966,60.97259101685807,10.507894164527007,65.16037373785242,74.04664930137663,0.06169538147293884,13.4,180.0
TX-102,5,2026-06-20,14.46403449295833,9652.930719427168,33986.79460805759,36.39269785556851,210.8673594425938,869.1496014781471,2.881776790017743,11.865645818829107,0.10776948401703082,0.4120092146152267,0.0022255389397506367,35.128621592491264,63.58042769936088,10.899864446275695,64.6920137268781,89.3863016073845,0.06191389640291414,13.4,180.0
TX-102,6,2026-06-21,12.9113638452603,10111.983714186725,35003.99871283017,31.443720151125007,186.19609535107452,892.8543677839413,2.200973812361643,15.270246903736163,0.10900041346843664,0.4886290293678058,0.0015154847328245637,35.98853186285146,60.5467875569892,11.273984902299024,64.1581986594858,62.99464477774529,0.03974589872222096,13.4,180.0
TX-102,7,2026-06-22,13.386565960928582,10614.210406140075,33720.99321822505,33.24066591315705,189.4316640253347,919.83580486815,2.929302248928099,16.746113200185487,0.08930377323562885,0.42137358749987797,0.0015854152905909102,34.46812250605724,58.12641004398292,12.410212015679551,63.602695505425764,93.99685240021145,0.03262285404862868,15.65,171.7875
TX-102,8,2026-06-23,15.610899536129404,9436.023488247165,34013.19731923464,30.752351785575016,153.71884459687573,918.9460893430422,3.951453731137084,14.093123403262814,0.10519615713611019,0.55124608465627,0.0019508139499919011,34.419039811468515,56.58639539441737,12.640990719394974,64.66049477081332,66.89852918889471,0.051265967102776935,17.5,165.035
TX-102,9,2026-06-24,13.248958929581455,9735.786934442238,36212.58231221742,23.358999164612108,221.20086182763183,788.1851069505277,2.668649295822368,18.845892388133155,0.12254709523284846,0.504880199624772,0.001717840935349635,34.470727693300105,60.10991297187854,12.037523232339598,64.7273872111221,74.75333988732652,0.04785624890294886,13.4,180.0
TX-102,10,2026-06-25,10.674063793079961,9741.744628919583,36829.24810797369,23.214896535834782,196.4917298871663,834.4196856983325,3.055675214699056,14.222733637866364,0.12954787329949338,0.5253291577095127,0.0016064590502668367,35.6712280116137,58.838022215606905,11.423003628622466,65.94145706032137,71.06602064215892,0.058928558163229554,14.79,174.9265
TX-102,11,2026-06-26,12.676469815459814,9690.526723704319,33687.258212903784,27.23403108417421,222.29495524070327,950.3037034888242,3.8549719770060356,19.53528840779851,0.07938565936135321,0.5035209563663644,0.0016471399050069701,34.22239407225173,59.05487623461649,10.942845125861727,61.84433818130476,73.84572497183797,0.03783281581613593,14.53,175.87550000000002
TX-102,12,2026-06-27,17.526380877412898,9541.123231291243,40619.137940192784,27.810959373486465,201.77976097988326,796.3727052427172,3.85304587906382,17.239001361605833,0.10593831741472226,0.43265987256102173,0.0020632000633173863,33.87856895398274,62.19353289521004,12.809194731853173,65.2863171154632,55.508994694021425,0.040165840213409694,13.4,180.0
TX-102,13,2026-06-28,17.06328339479962,10606.441845861578,37218.33962298426,22.1134734194602,206.39873828959549,981.2412173186344,2.1708322172088774,14.984190969253527,0.10547684796616913,0.4849617707576633,0.0014443514433796396,34.67430188992627,59.509041854617465,11.851927595452246,63.309585723724794,71.45590277406826,0.04960293717653022,13.99,177.8465
TX-102,14,2026-06-29,16.327363814909134,9847.786618571667,34180.702143263996,30.540965424298804,161.97765764722894,938.1628101781166,2.9997184514385205,15.079387053195124,0.1192146861518893,0.40235922349758757,0.001407849839042311,35.27380384532352,59.98932471730723,12.170176943191933,63.61361877448266,80.31482939391945,0.059326388429911205,13.41,179.9635
TX-102,15,2026-06-30,16.45194688185458,9869.585770797708,30784.621224771196,33.93103307557119,224.8588335012796,951.5646729587183,2.560178786316247,16.347588787335514,0.11721059415922891,0.5779408123899543,0.0017371670227316128,34.773545415455864,61.12090807671518,12.057410071438158,61.64801719384617,78.31693028021363,0.05578661633815167,13.4,180.0
TX-102,16,2026-07-01,15.263888688993006,10109.792463589973,34482.58819662854,37.481903516324884,182.43870051446942,853.0143389788977,3.0054927567637626,16.757908055401785,0.07005253659810927,0.43448516251172803,0.0013886814476795847,35.03269522525327,58.322541274190186,11.615449889982083,66.98413456967512,69.86765823373723,0.05231282022743365,15.41,172.6635
TX-102,17,2026-07-02,14.101986276744833,10336.057157548219,35950.25613469602,26.636497159230576,197.10779313250907,983.4994718176396,3.1966884351270486,12.206075884497738,0.11311236122342766,0.4457694688781881,0.002423753920988302,36.024098839841024,60.4348282138776,12.157232843436194,64.37290323191775,80.42819161120022,0.046292218305379385,13.4,180.0
TX-102,18,2026-07-03,15.706709611919681,10435.967183259725,33876.38691294882,27.02085874250919,176.62180259782414,814.8421803099062,2.085802344279249,16.45965757803106,0.13617829084165542,0.5712664471735153,0.0015121746534120452,35.7248546715562,62.133159524885336,11.543190019261337,65.30434229195015,58.93685559356264,0.05266736167976642,13.4,180.0
TX-102,19,2026-07-04,11.809320811695848,10099.817508955757,31877.59415562224,32.82177036720967,221.02764973264226,837.3456110627866,2.4315387092947827,10.687953914900039,0.09467172931849646,0.4709203032859197,0.0015346941762955837,35.45301875631217,59.325044427203025,10.924264041354768,63.33628278307866,83.57043631143692,0.056029369437552226,14.21,177.0435
TX-102,20,2026-07-05,14.609921815504531,10309.552509232426,32678.176087226522,30.27498655081589,203.51212684563308,862.4130793201018,3.217729167978709,13.439133090711097,0.11019641415552237,0.5275929385765646,0.0011248520357908802,36.19030570351012,55.428551151970865,11.383950974443875,68.07604410277327,72.46170619798048,0.03533814017530458,18.89,159.9615
TX-102,21,2026-07-06,11.718788814849988,10513.45287316031,31156.990938902723,35.76374835434986,199.49192226685307,804.6083735646054,2.7084424638486544,12.965551317796717,0.11732450401717058,0.536621390488142,0.001484251659837186,34.596407881480665,58.70522150648358,13.29350996845937,60.94970264562074,87.83383283748012,0.049667052604830626,14.95,174.3425
TX-102,22,2026-07-07,11.514196780859738,9661.36290799536,33396.7623184631,23.75135764182128,202.51878545410153,801.7667559446526,1.9098168956309056,14.240647058303654,0.06394287607164235,0.46239195659662397,0.0017272691334189933,34.12878392797418,63.00144465238523,12.05641156716957,65.73611302698599,60.78881362926164,0.04346036866363078,13.4,180.0
TX-102,23,2026-07-08,15.645907889824535,9487.735543543497,36816.12568703597,24.116623524752693,194.9232095539857,853.1158688019553,3.082160329690958,13.719019856289147,0.09458212745858126,0.48819349541110074,0.0017796836727826098,35.48509386849711,60.35758256225614,11.911386054746833,63.70862499961412,81.37235224415997,0.04764165756185819,13.4,180.0
TX-102,24,2026-07-09,14.079908136522189,10052.345014944063,38393.1733659417,23.433982216510863,216.0759541441915,748.5463071009516,3.108636579114312,18.15016565521746,0.10977337048934616,0.5085312539269896,0.0018318651593590774,35.03104720048855,59.62190577689496,11.214023392068645,64.13037315357539,76.58704928501152,0.0423278293146936,13.85,178.35750000000002
TX-102,25,2026-07-10,12.581154537945947,9319.878281203914,35781.450052177795,32.86803636881122,205.34030917960993,977.2136394182933,3.043933818540364,15.784021874731513,0.10607674851275126,0.4954229990290896,0.0018407534515611059,37.21415261579191,59.32207353021974,11.334122288879563,66.30202947035032,77.01483532236004,0.03595208452389673,14.21,177.0435
TX-102,26,2026-07-11,18.368034763691217,9952.902712324583,32778.13780956856,36.09099743310432,213.24889573859784,798.8366406441669,3.8885914201288623,16.317594736732385,0.09979607768749908,0.579510940281089,0.002047789335148892,34.971916924895964,59.009549825967014,12.581850439307079,66.42980890197194,75.11744111911769,0.042100136461323975,14.59,175.6565
TX-102,27,2026-07-12,15.38978956249822,9965.100607118931,32333.051362531598,22.793671907073065,212.06673589466536,691.8489347958649,3.10270526348063,14.04383388449235,0.12616493213759822,0.4753265895423062,0.002197845264275569,34.60308615876221,60.17062223022921,12.736836530920051,63.61233285102626,82.97243907598724,0.04006302122893517,13.4,180.0
TX-102,28,2026-07-13,15.883778527675137,10461.319861393926,36320.07498358067,39.74061484973008,185.52316598405193,789.668059892113,2.5028324457524405,16.320885133096873,0.10995845868538758,0.5051128329823708,0.0016631128852678612,35.766867293329064,58.16294283352419,13.1589495823769,73.57231526941959,77.93160917257241,0.05583108135657743,15.6,171.97
TX-102,29,2026-07-14,13.521420693313322,9094.893339456592,33794.56127393956,24.69957106291832,171.88014481376,1037.7887953596519,3.1364312590128867,15.759375161227968,0.09381955269607502,0.4913564458778282,0.0022893652046718,34.96766288130478,60.796040907037096,11.803995702154984,63.97354132780386,63.74468667518511,0.03022250937632872,13.4,180.0
TX-102,30,2026-07-15,14.215314296800795,10028.248345996617,32427.739926582417,29.99732974559794,201.92357161366556,727.5193595152497,2.5424376702602496,15.814527787470936,0.10774117458791488,0.44231625418001197,0.0020475344151499207,36.022407225360475,61.16560943848635,11.904714212986065,63.59607106002712,69.96524412532396,0.054678197829096574,13.4,180.0
TX-102,31,2026-07-16,15.585311919428664,10314.7020030511,35263.7476262423,34.269180624867346,202.7686550248047,962.7750972905349,3.4354113851833192,13.390946739550373,0.06383711906258509,0.5771746428007276,0.0020769976192136787,33.285514104503875,58.92927075417193,12.771874292369828,64.16096950660132,70.90350864544698,0.06400881860312967,14.68,175.328
TX-102,32,2026-07-17,11.85813856084857,9600.923321122584,35422.772950096536,32.13329233575858,210.8319490642605,972.8990435655157,3.0992893103407586,15.978767877876818,0.09481581481369834,0.5031349151618357,0.0020322602540160904,35.215098135819034,61.15880971137414,12.55514568194483,65.13265100870055,68.52699212047168,0.0506767125806271,13.4,180.0
TX-102,33,2026-07-18,14.915946645312768,10096.590789906599,39413.0506142808,27.567810585142034,209.37915277174827,985.4769653795438,3.0490009570496914,19.67569023834433,0.09243921416537047,0.5162044611160024,0.0017603582765321054,34.64847526485671,60.37340086559499,12.84630406230773,65.95728450207072,85.07291879467789,0.04905034689407328,13.4,180.0
TX-102,34,2026-07-19,14.003494410482984,11351.992553639693,35788.47529888406,26.594923550314512,187.07638115607486,824.5856068374927,3.468284677928394,14.271245414213517,0.10254724951312971,0.4968245662780866,0.0022194477223822806,34.15325590711598,58.38664157078548,12.224297307181594,66.80287785409969,77.66025850478113,0.04190546270902673,15.34,172.919
TX-102,35,2026-07-20,17.032454526274183,9628.069536452183,33956.922710427236,25.478220458956276,227.01310738587205,950.6737232821879,3.3024966878394366,17.4944228422849,0.15625298496477447,0.41453869480449224,0.0017784870257368675,34.38382491582548,58.72377056642596,10.922416752396288,64.1010408078339,65.26717027768476,0.05335042367537413,14.93,174.4155
TX-102,36,2026-07-21,15.155094964285844,10240.514332381828,36015.45690327651,33.218679152058705,193.55004568814897,1069.6914722106933,3.117215558241049,11.27503049475041,0.07995248508467566,0.4129748505486092,0.002005200388745392,34.87819477594667,59.29736145315081,14.010926112400515,66.64694862223074,80.80878689157068,0.04068926512057897,14.24,176.934
TX-102,37,2026-07-22,12.002565326006962,10018.402749548477,35346.01427930445,20.927743851712073,197.4403679794311,901.1257666298803,2.8924254171144357,13.373219175306648,0.0892092963615772,0.4911570403213602,0.0020272400070830143,35.60479158255057,61.62128430742631,11.705652276472751,63.631531411653924,78.50124538827446,0.056108449164108544,13.4,180.0
TX-102,38,2026-07-23,13.697398700223344,10395.196738483086,36959.170682311946,36.673390817936756,236.64121058261344,830.6867089072449,3.0069491046662558,15.02255539323732,0.09803852862934985,0.4675368540194932,0.0015543313990306787,35.092679446029,58.84746651067813,12.085993480747625,62.61786937490344,66.20273323324527,0.05234298360376898,14.78,174.963
TX-102,39,2026-07-24,15.452764580419489,10289.640985660466,39371.72753283525,31.607062948056665,210.80471180129476,813.795093690614,2.3565462797318126,18.165658893546667,0.08153040440133394,0.4478027964265679,0.001988270323635034,34.90980758662261,58.64624024033506,11.6950267812869,68.68812715295032,68.55205112934561,0.03606327515633829,15.02,174.087
TX-102,40,2026-07-25,17.827780862699377,10246.148455969018,33758.96275870268,22.31543701372688,186.23889334303607,895.6236450520584,3.5828360449419097,12.926836050260686,0.09830960236977054,0.5337572329947449,0.001285619797963424,36.0337861679389,58.22632414169034,12.331995493456935,65.74004944883224,83.67669113171075,0.055509243808935405,15.53,172.2255
TX-102,41,2026-07-26,7.868128524810057,9607.610376422004,35276.41025870656,29.257029466121573,210.71185907873794,963.1493244535765,3.3042258682148393,14.57145011489107,0.0630732597775904,0.4772259375572591,0.0021249104444416864,33.909552747449524,60.94691209518236,12.908393297267304,65.38060092888753,50.48976106950083,0.03721911637288197,13.4,180.0
TX-102,42,2026-07-27,20.658567475668246,9726.73110348581,31031.713553742007,36.413822640630904,201.4550403262712,988.3952391166181,3.1384793376096827,15.917118272424338,0.10726018495429034,0.53487441559605,0.0026832291345668296,35.97100633595919,57.6294910232317,12.446661515278903,68.42444230430965,84.62160645228917,0.04573395016940901,16.24,169.63400000000001
TX-102,43,2026-07-28,18.494833335564383,10463.871199775602,40145.03487393946,26.49323382019602,191.06820097918438,875.5104761232037,2.7548889249806123,13.219958500472794,0.044746489886525145,0.47826502631384327,0.0021108074179099715,34.50677815449409,62.90307177529367,12.013375812715863,68.8730871655524,77.09136330183975,0.058264073098932584,13.4,180.0
TX-102,44,2026-07-29,15.837724661800687,10684.392315951782,35111.8787002648,32.729502844241544,208.57115519198896,876.9371633498145,3.202491159462338,19.468772492395363,0.09459206115809117,0.5209732446426624,0.002377333685260833,36.14025328094428,60.01757462657905,9.616611297042638,66.5501084559454,57.24420593101558,0.0646993723094123,13.4,180.0
TX-102,45,2026-07-30,15.508421613579781,10499.837009935995,33195.7777236379,22.49201873965638,206.48786821360662,897.3117248035087,2.7542295869214173,15.169322561465528,0.1553487178406452,0.5417262773684529,0.002314849581758996,35.843936891553355,62.21919321577829,11.809928327099255,58.83571607697412,73.49131093595192,0.05811735709996502,13.4,180.0
TX-102,46,2026-07-31,12.09059881465478,9911.817024755335,33616.46051399537,37.77035916773134,216.29020485070973,952.1232496515167,3.3108006565604855,14.925501494895746,0.10395112565055008,0.4407407709733841,0.0013440674063748298,35.15008113034502,60.48598538440822,13.209264568425377,69.7140074482471,87.55998787999158,0.040019764067061224,13.4,180.0
TX-102,47,2026-08-01,13.943204895150693,10240.16714794069,40063.80935548435,37.66636572944431,223.71729179434124,868.9769635560567,2.5584001844224376,16.577815766766477,0.0779867747153128,0.4880781824509849,0.001965566615299423,36.592912089122805,59.46795404556048,9.560750361427385,66.5133339429874,69.40782517516858,0.05042631024437747,14.04,177.66400000000002
TX-102,48,2026-08-02,14.739885897473629,9863.148002091117,36580.68116356941,22.607202121470227,191.01734806708163,954.7230330493906,2.692957612327816,11.782386581460056,0.11337110686513473,0.556154731522077,0.0019865014377070983,33.03915440153047,61.058954620048226,10.340112118580311,65.9263978305445,67.90028940206273,0.038401607142330346,13.4,180.0
TX-102,49,2026-08-03,13.67426994876093,9908.35122178637,33711.583499227105,33.220699706668555,192.4645290087873,978.4152697337457,3.1405865828217396,13.604885586807384,0.08268120232335428,0.4176251850476281,0.0020872199533600467,34.645412452748644,56.44170670790473,11.4642851272306,62.296897912235146,87.60542073736528,0.0329722138810669,17.67,164.4145
TX-102,50,2026-08-04,10.675947600797839,10554.98482155285,37713.52631492793,26.55792542432363,188.77248413358097,949.298831724265,1.836450101527345,11.277612630988887,0.09438533198298577,0.5774945283064563,0.0018692809735499781,35.10093679173515,61.70068390884602,14.106884733278147,63.26945458055506,74.86530621013259,0.06822055221342843,13.4,180.0
TX-102,51,2026-08-05,10.433402174425716,10513.79053527691,32963.36893527748,30.800858755826656,196.59010365354888,823.3590719439017,2.5084490361708625,15.552828728507508,0.11991078656325364,0.49351318984057485,0.002021033947619965,35.57117406629105,58.54257184048056,12.739692508412922,67.45802929117924,95.82901039000328,0.04623895809440418,15.15,173.6125
TX-102,52,2026-08-06,13.625754594995618,10384.482935786873,36638.208337824275,27.61871795578635,193.40751507474857,943.2904670574433,2.5862078796326693,14.17893202396997,0.1017918553473687,0.5497969342411129,0.001818620415146138,33.15761553796933,57.125103798722684,10.740586933293866,61.06049684540019,73.76311393104072,0.03811119846402395,16.85,167.4075
TX-102,53,2026-08-07,12.891735120536389,9612.957057508975,34118.984278304015,36.912332182644555,214.73800441375508,901.2903532220803,2.769486859709581,14.133534686753958,0.10655492939903899,0.5292084536676145,0.00172771474816982,35.03648075561423,56.95257064700546,12.211713784170596,67.28644772587606,72.75945098495299,0.06816526996140106,17.06,166.64100000000002
TX-102,54,2026-08-08,12.356284657691848,10108.720207651631,34928.35050666809,29.803978990170943,199.24089327684496,908.5684024007577,3.42397937173185,17.75547247254949,0.09995499510991686,0.5407658036085816,0.0017894699161199654,35.76595545272623,58.85701271425951,13.090659936088132,71.63192263217972,74.02332889622886,0.028074565091925918,14.77,174.9995
TX-102,55,2026-08-09,13.35578120026553,10615.937567144652,36106.15357405049,31.55569212312217,221.72898776783188,938.7562751398738,3.608862593725568,16.83884735329397,0.13043400905473918,0.5179398041953127,0.0022715778204481863,34.69287292691421,59.09780878266149,13.706767640418974,65.64861402896807,81.43904452689904,0.051237400144113904,14.48,176.058
TX-102,56,2026-08-10,13.240453047240107,10005.4914462912,37871.988035535425,33.09298130350317,167.3544414659211,882.7804434739077,3.891146896352356,14.572406276300088,0.06399042616531639,0.5946524442711272,0.0022047177529438376,34.9299871411872,59.442873395876894,13.082351929791736,63.37404979932142,84.18605139612791,0.055421952857242565,14.07,177.5545
TX-102,57,2026-08-11,15.73404577646205,10072.757402667798,34650.063926571645,35.55063833551142,184.30533203028878,770.2459898535833,3.3072200614462375,16.262476656134297,0.10960482305023533,0.520386418480902,0.0019038378864987358,35.787482704385525,59.931662809868186,11.512886439184822,64.0643260632338,91.16511759020665,0.032650239179545675,13.48,179.708
TX-102,58,2026-08-12,16.499364312887398,9160.444786188142,34783.53332335405,28.159957111053195,159.9399067505231,931.123007234701,2.809980968903902,10.801587314877512,0.11679136181548505,0.5717503088994468,0.0024470373026889715,35.35895644065147,60.06908720786567,13.328156620895797,70.0471507560203,84.068549623005,0.04058462397770199,13.4,180.0
TX-102,59,2026-08-13,15.604034559644766,10219.758072145714,31380.76606216554,32.68055463728704,247.12859321550363,951.1948932640634,3.736706540720878,15.36582946025741,0.09853563352032357,0.5190635695040487,0.0017552520056046703,34.03622481276561,61.89945683575405,13.372342342866519,62.02668105323795,82.74399043643092,0.0491304002439398,13.4,180.0
TX-102,60,2026-08-14,16.019425723471294,10230.109319717532,36988.700936248635,30.752999150858148,229.90028061374974,924.753027180794,3.3120921362347664,13.333474816925508,0.1431731802140967,0.5234912461602483,0.00221389922760353,33.39181418878846,58.765946965381346,13.23788368791873,65.86067335487782,59.68976212136859,0.06038289928983819,14.88,174.598
TX-102,61,2026-08-15,13.36865158694183,10705.658492938355,34824.3286427926,31.36859837400389,225.30441629133918,828.200562331627,2.5035765960830303,14.607003159203785,0.11654345599242445,0.4334561373693255,0.0014995896200332712,35.823720927043794,59.095532531149495,11.607773987079717,59.4295687941795,69.56816548518414,0.049924327033688494,14.49,176.0215
TX-102,62,2026-08-16,17.791133572868677,9614.38491688268,38314.75224046499,26.927941625361274,188.0917726995979,1022.9886041518241,3.1057300761819584,13.895950541976847,0.09689733737638814,0.5676536788771029,0.0024398608458877044,34.183206820729744,59.93634928488134,12.090156827667574,62.04127966845021,74.55451957880004,0.05005322860451701,13.48,179.708
TX-102,63,2026-08-17,18.42062843681021,10603.7125141556,34341.58120328198,29.286612829315256,215.06773878420927,853.184924085839,3.2943200758687015,14.82418702526157,0.0806120284452276,0.4521581643560177,0.0024341176088093306,34.8435785208567,62.460531140847465,11.486363739285089,65.87361560339448,94.14141378414593,0.03942613255336721,13.4,180.0
TX-102,64,2026-08-18,9.30655650030067,10643.295065643617,33346.381789213854,30.258503530447182,190.09181254586005,921.4530224764253,2.524731896407129,14.640119824233388,0.1089963065311307,0.4495845556862869,0.0017899747911062334,34.65261716640147,57.85677684866058,11.577439017201254,65.35638961970871,71.80360846729258,0.047286235070682754,15.97,170.6195
TX-102,65,2026-08-19,14.940294987280243,9672.128268783843,36382.12513173375,37.547582777346264,192.55085292277798,938.8158585182166,2.8801914222826763,15.730974690077009,0.1313155906240651,0.525432977150905,0.0014679756383570958,35.45399563144696,61.849295614963516,11.778403830001897,67.9869044183535,69.47907567078443,0.03514460840477726,13.4,180.0
TX-102,66,2026-08-20,15.42350705649792,9121.761639626842,34520.45797421282,36.807560268923936,163.6714866635565,797.6402563268882,2.4839838774192113,14.87336028057808,0.09268566428707582,0.5699568190848043,0.0022863044987275092,35.495272946068596,60.21844547151583,12.393229776984827,62.414052934059875,81.8576828284529,0.03887955745640799,13.4,180.0
TX-102,67,2026-08-21,17.506130981706693,10593.071251059415,35421.729204176176,29.497940463245584,209.90122695647077,671.0785303919462,3.1511291092427305,14.773292004320385,0.09898743773886018,0.5353266256448914,0.001977569323530582,33.85979314334884,59.787895993761936,12.067555484080824,65.34480173474304,76.29535493828054,0.060393690449185536,13.65,179.0875
TX-102,68,2026-08-22,11.741896340897558,10087.850228082425,37579.85939723648,21.71160507572852,205.51624641767359,853.1697198421565,2.8146448077634476,13.190384993571156,0.09660898568599112,0.5920627807213452,0.001620670891646836,33.83038999752117,58.04709814475474,13.727418286628101,63.61298088343614,74.79488751721861,0.04597217058893761,15.74,171.459
TX-102,69,2026-08-23,12.166731364790726,9882.424676692783,39916.48721147312,37.35067396764481,184.89284045802222,951.8059282449349,2.5842386136668116,11.447264722307558,0.1203902183532926,0.5580046423321775,0.00231381567531437,34.53013475078043,59.74983639899702,12.749765553658124,66.17448811204432,71.85090022962365,0.033809281798818355,13.7,178.905
TX-102,70,2026-08-24,15.341625582426037,10539.504819618056,32604.823421931687,33.58977307351246,208.61071472833672,960.0118610585866,3.4359877498595037,13.611069516149295,0.06766081199670108,0.473324023715856,0.002266738195258102,34.45799609647403,58.95893501421354,10.178649658075361,70.25794266365281,81.60570913140248,0.05769895981274765,14.65,175.4375
TX-102,71,2026-08-25,17.903176160338422,10288.354180771701,34511.34228964094,29.5828124468806,193.45687754561555,1110.7792603532,3.277956015649721,14.072399117297131,0.1093099354833256,0.4494565541071841,0.002451352015576768,34.33893090419286,60.7516281489337,13.065977629743134,66.15430563261498,75.7557599345571,0.050108020848560156,13.4,180.0
TX-102,72,2026-08-26,14.830676709338679,9711.65075553625,34101.03314046059,37.805241638105315,199.86571619555008,837.1362984493782,2.7418512015692458,17.200741361394446,0.11351213266328958,0.5280164589116129,0.0019227436403270626,35.573362470172945,59.03465831257403,11.740385968654225,67.90941346217524,81.99422143135251,0.04018090154049197,14.56,175.766
TX-102,73,2026-08-27,12.433420641274273,10054.351076406705,38452.26474933902,20.835120749864714,207.6313916524585,789.9165334741481,2.682834503237227,14.271143163871518,0.09158983313126219,0.4733102030170396,0.002002162118112911,34.46474443336942,57.80631392271877,12.779869612522777,67.25861650144664,81.74539448018135,0.034592655037359185,16.03,170.4005
TX-102,74,2026-08-28,15.896754457752452,10337.989427903462,32937.59586312083,30.464469615479363,199.7676839666363,1047.372052685461,3.9622480185062865,11.671287213339598,0.1498785401145598,0.4542387139423338,0.0022942019882982276,35.97049798086373,58.50646465973729,12.493267793839099,64.67739876720181,79.43464003705913,0.05230672302380626,15.19,173.4665
TX-102,75,2026-08-29,18.58901845611074,10037.69977157303,34664.25186114738,35.90458134221365,213.72922018181083,958.545071545671,2.6677066638707014,12.909474437203052,0.08864555713494597,0.46895893071597056,0.002235859780595874,35.97598405029405,59.7673045657014,13.430919018824353,69.10540818129539,76.94719133120431,0.0417810822845696,13.68,178.978
TX-102,76,2026-08-30,19.72612994830662,9969.491324485796,35252.33039286195,28.73189185125395,184.35377837049,782.5088455747766,3.316434161778644,13.43319789220676,0.1611906245799365,0.44569632086937605,0.0016227852575055892,35.510138715613444,62.293970218450944,12.064589656943221,66.71672726056183,60.251620660330325,0.043224884543082334,13.4,180.0
TX-102,77,2026-08-31,11.779152812587299,9052.47707502606,35233.96046804777,19.22143567359366,175.73394958648018,857.0244964789266,2.5843570820244617,15.792817004414136,0.1061116038380496,0.5446899372967728,0.0022257151198138035,36.140812789361384,59.99712239998642,12.30346690081667,66.53454110575757,76.13325357912821,0.04602805690082926,13.4,180.0
TX-102,78,2026-09-01,14.002672396980689,9591.220800835017,35843.233659819656,29.97115471357909,188.94267790728904,847.0204144540326,2.394800636108606,16.9576826824744,0.10157235339063575,0.4568599990213365,0.0022425643248806053,34.43955119020563,57.890249059481654,13.021222289219132,63.38870903130166,71.72880727832968,0.05041180020349178,15.93,170.7655
TX-102,79,2026-09-02,18.427767668370343,10010.018645433156,32601.765747709538,33.166272406924804,192.53464244658502,1051.0339177223573,2.999440139001055,10.529929004202668,0.10714729944311349,0.5972298896130115,0.002472776086563617,36.830954288756566,58.47035972192781,12.91215239597678,62.83401638078986,76.7943151953354,0.037270475712602676,15.24,173.284
TX-102,80,2026-09-03,13.066632705351852,9661.876651318193,36797.11056028523,34.456139797071216,207.79911553023112,791.9662865555691,2.84418028302514,13.507767034114547,0.11739351513388982,0.5589092426408593,0.002316915675809265,34.24478058058298,55.890700316565784,10.233038101869946,69.26488093424662,71.78996048544141,0.04249275381734888,18.33,162.0055
TX-102,81,2026-09-04,19.927980880308702,10632.579972744163,35048.897443839574,28.991185535762106,199.64898069914736,918.1730238709973,3.800023640659804,15.844934848474454,0.11452058066078283,0.5584635054535085,0.0016490971996926743,35.75486189247404,59.55814686800758,9.483904804227233,58.61549137404256,66.85505910785051,0.055312232285925814,13.93,178.06550000000001
TX-102,82,2026-09-05,15.341398696020889,10092.183353587832,38901.886965373385,24.11840971914195,201.7706218835306,924.3548418251053,2.6318634417308324,15.056653490165882,0.0680010133183131,0.5704953108637514,0.00179551563424087,37.0314001647785,59.95128851412382,13.028053565399183,64.84009139302654,74.75404934191576,0.04415970666777992,13.46,179.781
TX-102,83,2026-09-06,15.357371788098833,10158.999347207024,33431.48298216964,29.84429251650063,190.145595657858,1083.973125569187,2.955134615044191,18.09046430339312,0.09608755338384624,0.5129643820767454,0.0016035907785064193,34.552927408132135,60.31580200618387,13.586003830959866,65.66594833302881,86.069762889544,0.0564072911020292,13.4,180.0
TX-102,84,2026-09-07,19.882204018394056,9970.478891347473,39780.44542130361,28.048190383588473,187.04662030684204,803.1957720248772,4.165512335779035,16.638895145235796,0.09331758533239384,0.5624511348436747,0.0022063076555353346,36.96612747137559,57.678250750890136,11.734639891685745,63.61243584817152,59.21053858873119,0.06060327204779695,16.19,169.8165
TX-102,85,2026-09-08,14.188810332589926,10369.815602493281,39719.543868659224,28.71460974138008,193.98108134944752,909.4931335779197,3.493623676491705,13.866573949379701,0.0873807680573574,0.5528594635120683,0.0021135917971514106,32.95527173699518,58.16191230079634,13.50123586382721,66.20578484923644,68.902432551702,0.04829590342765018,15.61,171.9335
TX-102,86,2026-09-09,15.03971001840501,10367.866680140081,32283.47321028242,26.28173930952487,207.89154011165357,892.013233560364,3.285929591318355,12.540985205280805,0.10714257352542643,0.5545791809688736,0.002146045564144785,35.13911173976159,59.85617459615104,11.165148847228497,64.78400422268064,85.07764682304325,0.04880971493399875,13.57,179.3795
TX-102,87,2026-09-10,12.33058803195477,9753.876455617306,35401.70059455186,28.624571819331962,212.1667746874438,941.8275008599225,3.444491590202324,17.847118944530067,0.11991717448744722,0.453288046792602,0.0017289396660271185,34.92422852354017,59.323236964140875,10.861673273039058,63.67492461748102,71.20389653104769,0.04328152260238795,14.21,177.0435
TX-102,88,2026-09-11,14.052631541534984,10589.225425159166,35398.47608249848,42.85684398787259,205.89915675836914,876.7947380850198,3.002066441327433,15.51298395688708,0.10870507914342128,0.6038355662929512,0.0017464038605067293,35.85904605817773,60.311625896421184,10.428902257429382,67.31209634628429,85.14098848643124,0.0414282359622257,13.4,180.0
TX-102,89,2026-09-12,14.973198396324088,9137.322868996149,32482.387080631328,35.74360329804053,193.18894692962266,811.2957620049568,3.114730182229215,13.955175137137953,0.09058356684448929,0.5369663012837451,0.001651479992319696,34.09463478731817,60.231119988223305,12.969409790748205,68.71448090446955,69.67950623710702,0.05937376966919648,13.4,180.0
TX-103,0,2026-06-15,20.4786280407204,9433.114487290135,37656.95762158346,26.71756946590638,240.264929095892,947.3056583081988,2.491991735295889,13.955523040914986,0.11562362410447484,0.5526322208807781,0.001978785322482661,35.04465828096347,61.1375295489661,12.13179842701082,61.119485421984876,68.49620780287856,0.05235119943151666,13.4,180.0
TX-103,1,2026-06-16,18.64644724949308,10807.991212081024,36559.0588415429,31.44322294475073,215.0101234174941,846.6599319834515,2.923384519870893,13.351738557321047,0.07502514778584578,0.5166774505818102,0.002055653991975423,35.687652484509016,60.81916774633867,12.242644271323861,66.66984999703266,74.65853523018019,0.05412891395222401,13.4,180.0
TX-103,2,2026-06-17,12.82156679194092,10184.852962819565,36336.83537057202,26.665131138776808,201.10433337554605,850.1117992296512,2.7367466517419423,12.75014128979569,0.12531549850333112,0.5532842587360024,0.002161230156268201,36.97219595194382,59.71613145514741,15.031762415110634,64.31741175391033,77.04154681404813,0.04602222086059792,13.74,178.75900000000001
TX-103,3,2026-06-18,16.116976680180915,10417.807463943122,34772.16721389383,38.90390665429484,204.8845227862029,921.638830888816,2.5455011527431415,15.836998149100769,0.09731945558381269,0.4695880135331357,0.001767057677555491,37.67176337975668,59.604784124731445,10.543014579218733,62.90533562080228,74.5874572841903,0.055466670326164855,13.87,178.2845
TX-103,4,2026-06-19,16.66438956517594,10338.307275888263,33710.27938672534,31.729278775783367,182.61419350916665,850.428561358879,2.5411455127498703,12.623222290803461,0.12128418977716018,0.5344305850489444,0.002292999610993439,35.0393130660243,61.16521154829772,10.238710595357455,67.58926255413607,76.41695864004024,0.05627109600149166,13.4,180.0
TX-103,5,2026-06-20,16.14006989714584,9506.472422731556,32003.920449217905,26.473574866929738,211.467574114681,955.2073132140316,2.3160288613090687,13.037801265063571,0.08553528628118322,0.4821347469866592,0.0015913847507442044,33.577948233859864,58.767247055388665,12.086253836225005,61.45821698073953,74.07357192022587,0.060585528161418156,14.88,174.598
TX-103,6,2026-06-21,11.09466078775947,9896.77712079473,37049.51346750154,27.949272885594418,188.72968036989894,993.0796651445179,2.846898960514226,17.208990050411135,0.10857930782254398,0.48285776735450814,0.002143907159179259,35.320449513846036,61.53132423150371,11.451654462134982,65.12361820034486,74.5078745631629,0.05704148141639785,13.4,180.0
TX-103,7,2026-06-22,11.924462416667474,10508.488524118928,35932.65754434084,23.462758608817644,224.4021763945219,1078.7274464638185,3.5009169847747037,17.85396953445294,0.10170742763205176,0.4169247540130745,0.0014467638646497426,35.25508204386776,59.11203178840503,11.08542372167265,64.81175994809398,79.9246823028903,0.03547242453237853,14.47,176.0945
TX-103,8,2026-06-23,13.653367139158846,10754.935341560158,32849.42323955725,34.40295905237607,190.57615035177656,943.6635007879962,3.5486637536014336,16.482563533970044,0.11818319204427753,0.4424203233296022,0.0023340979120223897,34.14730688536518,60.389312648357304,12.258246186997226,66.45536767660874,77.69565340848152,0.04156190021475277,13.4,180.0
TX-103,9,2026-06-24,10.950397763112852,10436.174339980884,35371.66915503783,35.80780646090929,199.40995259684362,787.5868511458432,3.483064840502053,14.259258780677786,0.10684006914842042,0.46762702857602406,0.0024932905130701072,34.1234351758168,59.49385536884074,12.107448702697317,61.72345301873913,77.64415622870077,0.0661191047746749,14.01,177.7735
TX-103,10,2026-06-25,13.528613517918869,10197.571409515862,29501.129227922887,29.873045393264903,194.07761125992144,834.5201918071692,3.540725234814266,14.347512636752343,0.09645045025812826,0.48114035626054646,0.0014249552384704772,33.86801355992304,61.44164022918032,9.890049353120029,62.701053951152886,71.80223954968189,0.06743621867291566,13.4,180.0
TX-103,11,2026-06-26,17.305811296489107,9721.41473647345,37609.0273942311,26.37188143275242,220.55429875097022,791.2898203261587,3.5366289158945787,14.187732709058029,0.0794299151811746,0.4891428193461843,0.0020832032539160644,34.50525156947429,60.830930258992986,11.417006116335932,66.86111718179407,78.53777649629279,0.04939076945292065,13.4,180.0
TX-103,12,2026-06-27,13.675853062902151,10075.770397882634,36100.5074860674,40.390225438484975,219.19455681009828,978.0791959852673,4.544256097430142,16.03191695353569,0.10969287022623406,0.5352007537160827,0.0016973102067235242,34.55609836358124,59.2407460999615,12.647613977219562,64.47747631333641,76.10578740379442,0.06087454620148465,14.31,176.67849999999999
TX-103,13,2026-06-28,17.589452216112416,9919.139498479377,33660.00980624356,35.76437247266178,215.91781769017652,771.4994545363694,2.8434230305458597,15.331030924033525,0.11557659434242064,0.5455050747469885,0.002085171800352642,35.58524753135885,60.09620520356723,11.32614831181944,64.21620682687623,75.15192949312086,0.049653207499814105,13.4,180.0
TX-103,14,2026-06-29,9.343281286669589,9801.258332535284,35112.41130617831,28.687917994436248,195.53736385959203,939.039309664367,2.4605214064756833,11.743915572097578,0.09303660418326651,0.5382057202750895,0.0025062659118459917,35.78212823909474,57.79760436019673,11.76763276062323,65.76990314324459,76.42072893538874,0.055393045529428746,16.04,170.364
TX-103,15,2026-06-30,12.248853160617717,10032.471543775371,35840.64565955226,34.229891860051964,184.39332213541246,872.3874506205682,1.6480911599633299,13.757076064844451,0.08951170214057914,0.4490207745916278,0.0020496836450697954,34.94405456795473,56.61117918363358,12.215507969301756,62.21502760763292,78.88551167352412,0.037181487522713344,17.47,165.1445
TX-103,16,2026-07-01,15.090019615592821,9858.418335556747,35606.20376990066,30.731792621359304,195.43824766508376,777.0982148764604,2.261396018269484,13.832226121815562,0.09983440232140826,0.4695876026400442,0.0021875635791738395,34.72077908078832,58.55248091283073,11.72190370701209,65.67757950894966,77.59907775059668,0.0687837913199313,15.14,173.649
TX-103,17,2026-07-02,12.993271979989743,9963.2606692048,35852.24789363885,29.997960576667406,190.56301394358434,776.0594258924605,2.7445827204734923,12.852595174564398,0.06546786637752444,0.4602160579164707,0.0016858724837700637,35.583786545292945,60.90163775612144,11.096120710419125,64.21931410831064,60.13405870309972,0.04505660049817306,13.4,180.0
TX-103,18,2026-07-03,16.196945702107037,10412.468944807051,33573.90583661737,35.38111881487799,170.29538413093252,800.1897760684966,3.3548309328189383,18.342242457126495,0.10986863976367392,0.4979828806732994,0.0013414448760433375,32.97755294395652,60.1941143053438,11.641937330428826,61.68249445354365,75.5242606466404,0.0511513136750781,13.4,180.0
TX-103,19,2026-07-04,17.83324760562082,10068.30114150635,37456.78873666877,30.16858379955337,198.3363683628998,985.1449748997745,2.510779559979283,20.628894906532324,0.10750514956333472,0.5190414626418837,0.0021575287921917793,36.87713647533164,61.18876111750891,10.394944020996077,69.2104111543025,72.27282736443986,0.051071550728393235,13.4,180.0
TX-103,20,2026-07-05,11.1622380834742,10263.101009061947,33697.25141986489,30.636230981345584,194.99493384967542,1054.0010241388682,3.9911301500727947,15.093026340429482,0.1012795542273771,0.48132785168252423,0.002331801887450836,34.67108012966662,59.36799408803145,12.978592863664964,63.38510271405005,74.69795972441176,0.03418689218489007,14.16,177.226
TX-103,21,2026-07-06,17.112571035369502,10970.433469590935,36442.450745599584,37.451147768683654,183.78871693118901,918.9059425622561,2.528420037815305,14.544468908837315,0.11544422954705011,0.5050910306551649,0.0015762076932196336,33.684970894462246,57.92825410276384,12.491452589939591,71.19168360697,85.8996659520017,0.03104014800853936,15.89,170.9115
TX-103,22,2026-07-07,19.26322781420935,10468.200208507324,31909.400108942486,28.632912986963547,222.65505358249638,944.0346808747828,2.345452473806007,16.221484311592388,0.05724998807838825,0.48885889121213943,0.0023413870308200144,35.01839421557132,59.25159367505708,12.889346253772349,67.92425544525975,85.48031754293561,0.05874342428446388,14.3,176.715
TX-103,23,2026-07-08,18.24412438181144,10366.454278718767,35531.05729823295,30.603235208904017,196.0332566684767,803.010536555222,2.5223442455900957,14.435971036129581,0.1048290431920486,0.5720406299002132,0.001987460831637346,36.003476290877664,61.61897348464818,11.768553202311208,66.78407063411055,73.05177566620111,0.06322135894078477,13.4,180.0
TX-103,24,2026-07-09,16.907530014797796,9404.758122655823,35323.04930430769,38.40302015877326,197.18767605733527,935.8172024076055,3.272939418869573,12.9267542016708,0.11021415898427028,0.4303082423982687,0.0018123127680795812,36.075722967494194,60.53513443546254,11.695522192253472,66.33938306373557,74.51926201795895,0.05012578502351833,13.4,180.0
TX-103,25,2026-07-10,16.97045558016041,9636.316129670435,35080.67281110938,28.607887516189503,169.13407495410874,826.363539500056,3.784103223531916,15.769446629170469,0.07352823397197222,0.42298228120757947,0.001966350829966825,36.56118653317648,59.71986279779347,13.306999553404015,66.05579231245598,78.77000366276715,0.03664279490695431,13.74,178.75900000000001
TX-103,26,2026-07-11,17.812568765249274,9832.533981363196,36726.18490722182,26.105147718861115,204.42097509415666,928.1602363150105,2.9229833417120665,15.809090386172313,0.09467205849614983,0.46754701234793605,0.0024816450148381895,36.04895286636144,58.858702882427735,12.568444305594612,62.77196343589654,65.5225228507014,0.06033809441398977,14.77,174.9995
TX-103,27,2026-07-12,9.887701123057782,10463.427956788271,34494.55537485388,29.125033752957947,209.10885823426875,946.4959049595402,2.5868284115855458,16.435451217500127,0.10226741076050447,0.4371972603565981,0.0019490376549260782,36.381279015558924,62.514892197368546,12.717348457608677,61.428969535494886,78.9248552196471,0.05850860903859193,13.4,180.0
TX-103,28,2026-07-13,17.177123949956165,10392.477144343959,35726.526158495064,29.827474213776785,188.78032962156715,748.1651585198803,3.1698208833566754,15.372105687304376,0.11115151685649632,0.4331228153353553,0.002193505006794518,37.05454509462078,60.117675196166864,11.93833468079346,65.9270070682571,91.2586961976827,0.03976352238300109,13.4,180.0
TX-103,29,2026-07-14,15.609620800181714,9600.171288851177,33905.99055831001,29.948353508088715,227.92799006976324,1044.079248055099,3.224071072313353,14.24681055395303,0.14985477733277036,0.47862227593352397,0.0018286592256920788,33.22505695542127,62.09413735386711,12.968245592371295,72.25341660834934,63.883813182255,0.0645817080747911,13.4,180.0
TX-103,30,2026-07-15,15.210406555098382,10403.050108400068,31704.44571779106,37.54348330039381,216.74570596197321,896.8871972171027,3.3225563438305605,13.469009397915501,0.08841119828836602,0.47682776931873017,0.0014441816414929166,35.861758494203364,61.78739042127385,11.298655850236159,66.04460904783446,72.8756762029661,0.05328273962081031,13.4,180.0
TX-103,31,2026-07-16,13.117268276366913,9558.287421956182,37104.14977204749,29.89049040101377,241.4913956502507,903.7047971835312,2.536960979824754,17.45388175287188,0.1126160032829204,0.5363436431848212,0.0023571802036603754,34.347203706154204,59.80912003652207,11.828550168512207,61.12776038925315,72.89127879873405,0.06336379457876824,13.63,179.16049999999998
TX-103,32,2026-07-17,15.712014311381541,9326.969336077505,31888.32117667013,38.540492759946495,199.27668212592312,848.2071835438707,2.8630041175514984,12.045384491365336,0.1284619029902324,0.48034735312069854,0.002410220458321527,35.05165171444732,62.14429796185266,12.256694499043086,67.55969798860723,80.7527443687067,0.05623291066251971,13.4,180.0
TX-103,33,2026-07-18,16.04380343154813,9883.574641942207,38830.86938314572,25.68869668029455,201.20306087573348,901.1908700166076,3.2012203766717606,14.141054708210998,0.10629492611179175,0.4915578707398517,0.0015254142447686304,35.00955228625685,58.34915200045477,10.265614237551098,65.41061996206815,78.90306673615653,0.05526698042104577,15.38,172.773
TX-103,34,2026-07-19,16.701512121059082,9033.705489529695,32277.966144185062,40.09775792941132,180.2065785251741,948.8672824909352,2.656531189167077,15.15934547853513,0.08733491595452812,0.5280770577309822,0.0020410322351950097,34.551710226355766,58.424741820478935,12.26777419749251,61.36184360287223,78.41984833696671,0.076264849090369,15.29,173.10150000000002
TX-103,35,2026-07-20,19.050510153786036,10359.173943447082,34828.78540451771,20.54315674989425,174.7388715065557,1002.6234284882171,2.60512195993761,13.601495803671906,0.09668699048631958,0.44689768705767224,0.0016319693796345092,34.94952592721858,58.66270581799195,11.258981420221104,62.65642692155898,79.17888171067575,0.04767874309504643,15.0,174.16
TX-103,36,2026-07-21,14.464284096318439,10298.472948654442,34715.92078353412,28.852420182194923,210.62745223380736,953.4558274846105,2.926463250245698,15.161215551241042,0.08436419540533344,0.45696584784177374,0.0022307442505900424,35.44494206254462,60.682947657624865,12.280854348725523,65.13860982744487,80.57129512658216,0.05935108761022784,13.4,180.0
TX-103,37,2026-07-22,17.733684015571942,9949.611042027007,37773.985459817675,31.392761572711304,213.89981467156449,922.5670312667904,3.123503353742087,13.52849601949936,0.11402701676689653,0.6422647197453819,0.0018875614775629751,35.070994715424945,59.33069210347911,11.511980098438066,69.63334843435602,69.61623185818029,0.04525919526633639,14.2,177.08
TX-103,38,2026-07-23,10.237521528806095,9621.194137728877,31583.200214093304,33.41625079967825,257.2800809548392,870.6656965079583,2.166621033504881,16.799999328859467,0.08546150082139686,0.564967346527677,0.0019153912856630167,34.36818431091722,59.73306366638147,12.757776760936187,64.31773810773304,71.02620237765035,0.048011683970211286,13.72,178.832
TX-103,39,2026-07-24,11.184434446497345,10198.51580114699,31426.54681231018,28.043389171359944,216.50768639255247,924.2438626346174,3.295160286493195,14.869908654562382,0.12339492361971034,0.5462349598384896,0.0021338423012743023,35.92754577731354,61.125635331605366,11.56053648665311,60.968303264926,78.362897006741,0.05546089230831429,13.4,180.0
TX-103,40,2026-07-25,18.271415973415696,9531.839362477353,33187.13788144568,32.57026691429528,199.9304881367204,749.1390711543097,3.1875540818770953,11.29515417002209,0.08109486896253248,0.5675840686430054,0.0025474637053421343,33.78434363152804,59.50591269388096,12.042622523078705,70.3436807827447,71.05704841740479,0.04523115976966722,13.99,177.8465
TX-103,41,2026-07-26,19.646176675388585,9812.60542364087,36444.40341793292,22.891819896763202,197.96301872978017,767.2322529338876,2.472283109522148,16.67840271030453,0.09900189217826576,0.48404471297235124,0.0017753751128057249,34.77934392675872,60.45166975065104,12.982916206461763,57.12455994770959,68.34591060589753,0.05159096242189006,13.4,180.0
TX-103,42,2026-07-27,14.703410652113142,10201.688121263362,35535.08057225311,28.759964546927215,190.88445538972772,880.3598808211599,3.5743711749113714,13.53598413418857,0.09874386553712089,0.509167110699921,0.0024681052789623376,34.69969174176369,61.43820998401644,13.231979403265022,64.80873720502805,73.3142481673859,0.04670946327951784,13.4,180.0
TX-103,43,2026-07-28,14.232530597272254,10427.119930288416,35462.01995451103,31.46752154731251,178.95089479971912,822.6007938099813,4.07172341238849,14.64434854942262,0.0845045600884328,0.5715549582794649,0.002084542564605066,35.57815491686452,59.7929293870777,11.681326909423197,64.49124088250812,63.93809463761099,0.04912072590580103,13.65,179.0875
TX-103,44,2026-07-29,15.888099231127851,10925.231616921878,35171.998130010434,18.626956929980548,199.60950204946792,1119.1603306486645,3.43318311749252,13.378222112382822,0.11182213028861114,0.462899328755513,0.0015938577441359427,34.65163063676593,60.13728965885829,10.127844497566604,61.55252212838409,75.08268450545884,0.04591826824011046,13.4,180.0
TX-103,45,2026-07-30,16.18443381343827,9392.665836345719,36428.2274971066,24.385815795300008,234.3777424417575,762.7393372497347,2.453722864808294,15.834741606063659,0.13328466502995276,0.5157521518058086,0.0021688573760547175,35.01753690167306,58.46040231882721,11.509861651760621,61.36427084005617,64.77032025778503,0.05401748919319747,15.25,173.2475
TX-103,46,2026-07-31,11.630466053736114,10159.77700336168,32396.354495557804,31.79329552075367,191.7832507215902,1012.5292426920515,3.1618594477895323,17.471565785988282,0.08488706567149615,0.5028071670122084,0.0017056738525651166,34.58639475725558,59.606843665883055,11.274141779312862,61.35349142346291,63.69186141077878,0.02660251884292603,13.87,178.2845
TX-103,47,2026-08-01,11.830960609489626,10313.746948335922,31803.002935973433,23.477535328472282,237.40871922335234,849.0803160121396,3.160523004582418,16.28463429300099,0.11325052259562561,0.423884288469597,0.001930682096030153,33.38177273048161,63.669476788365486,10.4051247359844,61.85647934339054,66.67519316126797,0.0350333952327712,13.4,180.0
TX-103,48,2026-08-02,19.057781729269635,11211.223950541747,34048.50176137476,23.722802965085666,156.88608352201817,880.4713025182318,2.841817288419278,13.69740774727971,0.10442750507952457,0.5197586571407743,0.0020969249773813703,34.68387512803151,58.34756725563861,12.665833097806717,65.0375412782646,82.1068601986772,0.05790075549472232,15.38,172.773
TX-103,49,2026-08-03,10.734713792858653,9282.888896271199,33488.91856251894,25.05036079742329,216.76347471390514,928.1047740790334,3.5495919968926555,15.792973634821836,0.10417299163746739,0.5599864890172085,0.0021409182019205145,35.06810096343772,62.22067955089603,12.11518088315279,64.08697818524624,68.2974139297788,0.05703025459045412,13.4,180.0
TX-103,50,2026-08-04,18.711151625527407,9974.706299283285,37615.831247559676,20.48838181858766,200.5832173960694,896.7924070316451,2.6365028137963264,19.767722075963746,0.09867614734622478,0.47961346141977834,0.0020077886340300515,32.99718626147417,58.860198111982626,12.983239969445403,63.113163935201676,68.36899869759783,0.063095256365144,14.77,174.9995
TX-103,51,2026-08-05,19.020763202855488,10258.495236080571,34089.76533192267,29.14787079243283,185.64313135857307,820.4181504777084,2.477791755845784,13.763891186429586,0.0793055801863051,0.42181474407284253,0.0020658208009261716,35.23459558089344,62.551189137642474,11.331661631645296,65.88830176886981,77.50170063419841,0.04746162438874467,13.4,180.0
TX-103,52,2026-08-06,17.233000766249027,10387.614593425356,35654.82219039508,29.073796732344384,194.6093741168261,790.5796880962353,2.597041110691154,13.755984952196624,0.07752056475141132,0.5219961983343833,0.002358988360696103,34.09193756767085,60.42516215361695,10.96588886047029,64.0852334871825,69.47736336657779,0.05601895648606442,13.4,180.0
TX-103,53,2026-08-07,12.963635478473465,10505.830206853323,34508.5584526756,27.110745849178116,176.7277167388581,920.256360823628,3.44760920111309,15.54664251307375,0.1447766333282885,0.571489372623521,0.0019077416705848955,34.68197256619293,60.704545079228026,11.161980819574314,68.49886491959747,77.89280417474868,0.05256458910858533,13.4,180.0
TX-103,54,2026-08-08,17.06086100331245,10861.41494168453,35341.91070437501,29.80033168236426,232.00206015005747,977.4040332792908,2.839510079808139,15.01037289731804,0.10390761831877597,0.5180906472302491,0.0015930200447182659,33.45751539219844,58.66891496699632,11.035261556988658,63.06852795808249,80.07768513672004,0.04831070843675262,15.0,174.16
TX-103,55,2026-08-09,15.589183815030564,9387.848294978869,34076.71559415811,33.30859098501429,213.7605625449865,842.0340937449673,3.080831193189777,19.397695706964665,0.09964804141488724,0.4653406526928777,0.001947871283191352,35.09217710752683,59.773247428964176,11.968645299323498,60.66965960918948,67.29895619931239,0.04850664762928503,13.67,179.0145
TX-103,56,2026-08-10,14.50419608993269,9716.90536257,34645.97282784712,30.68414609293003,219.68362820978552,892.0630611819159,3.1995516026491266,13.916799397132158,0.11144191447196965,0.5187865148806179,0.002259745100953946,35.71346046244449,60.88310343432172,11.901582591342219,65.7348176811334,83.50807142761221,0.04347925430597206,13.4,180.0
TX-103,57,2026-08-11,13.114776663909403,10090.71569897518,35830.5593805309,26.26530845910789,200.4339535088734,892.4800980616972,1.8923599421982646,14.56081202148248,0.09685364334303068,0.49198535285884903,0.0024247742823731806,33.78420170149113,58.76306614319308,9.387804201680666,63.55725000147758,71.83485156699199,0.044900228236657444,14.88,174.598
TX-103,58,2026-08-12,18.32303201845128,10430.308761168482,35155.71344853461,28.539544827297515,222.4868438371214,898.4193712131319,2.590864980540771,11.567502645030897,0.09117371012208635,0.5377321808586304,0.002682961606862927,35.061610346189475,58.85196672731954,10.815034791715785,66.6558646889168,60.88307158092585,0.05550345101404888,14.78,174.963
TX-103,59,2026-08-13,17.453134818788737,10218.139726616431,34560.67665612289,33.22408250229981,205.41566359539468,837.7500926511526,3.925206161187513,14.296641240778968,0.1155150460089982,0.37906928586521427,0.0023829412648342786,36.46876374465458,60.04475068068996,12.558771034737758,66.67554554482268,69.85773144287421,0.055471223054393407,13.4,180.0
TX-103,60,2026-08-14,12.574108590382334,9695.621538177336,37253.8862864246,35.27943682763566,187.90323182835738,841.3138925199167,2.6772016987711638,16.46527913293098,0.08000030438379206,0.5178356319517976,0.002224054043190288,34.9117545497069,61.51509554529739,11.695689830510208,64.35843319701826,67.18203015094515,0.060171773476202055,13.4,180.0
TX-103,61,2026-08-15,12.700438659063389,10174.88590885753,34857.36786574813,25.149002198145244,189.8825246920514,1010.6297791232587,3.10082877131724,12.981699317266315,0.10610656574697384,0.49269429842027274,0.0030362139206732545,35.28512384134227,59.42906272940046,13.420027917787104,59.47689149812146,75.75456125104878,0.06994428494681074,14.09,177.4815
TX-103,62,2026-08-16,14.651402146920738,9133.34947767596,34208.164071178806,37.69227685806766,209.61982519277777,832.8915112389985,2.657378596410488,13.880599457700374,0.10722395768107992,0.5669098066469327,0.0023157269038397515,35.45601218210913,58.00253285991378,10.672067486006558,66.5997560636413,64.23623121653685,0.04774432978931396,15.8,171.24
TX-103,63,2026-08-17,15.912451338558531,9431.203002318656,32951.47533128227,29.955850470002282,212.205284714688,984.9215016331005,3.303526717385276,15.14731318998439,0.08507610492885902,0.44645465020777403,0.0018467368735012558,35.409935584980566,60.50493555994102,9.900098014274878,62.64296891519749,84.63606041284925,0.0507921504780414,13.4,180.0
TX-103,64,2026-08-18,10.748973260691042,11177.910590799076,34942.11653537047,32.35489472897733,210.15661978295415,870.5923627071851,2.6362131590893028,19.24334997013188,0.12006411739235502,0.5410968600554338,0.0021728867575154633,33.99668260963831,61.91629528761041,11.156867341988251,65.84986039445194,61.88488075628345,0.029591411493524806,13.4,180.0
TX-103,65,2026-08-19,15.954873607959344,9595.450366402545,31021.664857405452,33.143041586714574,244.6015857809118,1011.1648206864049,2.8713410573671636,15.017690613393892,0.11775412513567828,0.5561064009917454,0.0018969392843522905,35.034177715724574,60.45092221014681,12.553876320278832,64.6007706739662,74.03931803945005,0.06379832329754388,13.4,180.0
TX-103,66,2026-08-20,18.62856210732866,10238.705286718045,38438.21814004586,28.514534400416025,234.69328503032818,943.4012354828441,4.635513061107295,12.615036146435045,0.08621309495565317,0.5209398914100274,0.0021191702158936975,36.95013898417502,58.9974379750507,12.904918518693885,68.48738901404599,80.63718265776518,0.0403900365807568,14.6,175.62
TX-103,67,2026-08-21,19.223276415762594,10614.662465657708,36199.16903958075,31.475270787161794,206.7898219564725,893.7011366208498,3.320392567126321,15.062269705889955,0.08302950049294718,0.4475704177586204,0.0017743891239043125,35.22213224254945,59.95956624534719,12.21534379328875,66.50243940063834,69.98143259266497,0.06465660168345348,13.45,179.8175
TX-103,68,2026-08-22,14.196867518857577,9783.286507609246,35964.772474664904,21.277750478810567,186.49081845897126,978.4858238953466,2.131289035468945,17.23514839386631,0.1302227313271827,0.48152723310881257,0.0020875438302278932,36.119087084851024,59.29981621793472,12.867775520526182,62.986553614607985,71.17918165333457,0.04200663535675027,14.24,176.934
TX-103,69,2026-08-23,16.02794159758441,10578.984526282775,34631.77413576567,24.110824830692824,180.6812167055379,931.5679537096432,3.922058206697135,15.787449998628794,0.09226206898697495,0.5383091983425142,0.0019281504093239762,34.62171478263579,58.562311341457104,13.408448844246356,57.38237624751301,81.38287360223416,0.045362550622024635,15.13,173.6855
TX-103,70,2026-08-24,13.768977805645163,10846.157578058906,33571.737815599896,27.073493999681705,199.76131407072816,933.107790864979,2.7790721088535655,11.85228213892823,0.0826860363823647,0.564066692823226,0.0020224330367406536,35.45108728370382,59.60786818924044,11.34050230382673,70.03270834962623,73.49446514359136,0.04556630120472874,13.87,178.2845
TX-103,71,2026-08-25,18.28842709906602,9638.819820566307,33810.545312452006,30.531842329477154,202.40844662872692,920.7689078322571,4.045834544697744,15.672496492704742,0.052438920744984,0.516314947171578,0.0020113639983468795,35.04345002435146,60.36892096409426,11.971321712325201,64.84216372083384,79.90435367816629,0.04457919202805499,13.4,180.0
TX-103,72,2026-08-26,12.156940993082474,11511.890726311196,33568.28511243753,30.988092611261955,172.52368522730052,909.3174732041138,2.5333872246553324,14.115054114299978,0.12090129331542249,0.5236004784189037,0.002170522857372446,33.22879516160814,62.755342754743516,10.808118689058125,69.58568244288159,83.1723509278519,0.0557733274178468,13.4,180.0
TX-103,73,2026-08-27,12.435045657274856,10075.794922409761,34058.15717871028,30.639345046056945,197.47329076094124,736.9111594742074,3.560892075492294,14.837785686901277,0.09030399200995526,0.4719836383585116,0.0021075378729100303,34.10624366170553,56.61723666228893,12.407129803208276,66.55730899387046,73.40294540257894,0.03852097124809992,17.46,165.181
TX-103,74,2026-08-28,15.266806622667856,9267.733815843205,32945.53880662468,26.747426645578592,219.38336305832811,870.9911239650467,2.77606679411177,18.90938503082249,0.10704924994377428,0.5169497255237413,0.0018890897764373676,34.40362833236322,56.72039033997427,12.968740531923558,66.34492911726913,73.5666720542927,0.048627732981637445,17.34,165.619
TX-103,75,2026-08-29,17.208432786783167,9222.644963460074,33820.23733689239,24.826171153205653,237.96861298807647,970.052442548264,1.8986536794323179,11.972476746720048,0.09735308653285028,0.47637798939637876,0.0016026853375769336,36.94476223765049,60.46880987097387,12.474816322863092,62.92395515230336,80.77819317742401,0.04619567239017988,13.4,180.0
TX-103,76,2026-08-30,14.149970478877503,10305.50097991263,31742.0048698794,38.49959390649213,206.2200573306636,1002.4755367024339,2.462290121690591,13.153669751943614,0.07676199556800375,0.5125148836332419,0.0020197949905754737,34.53558818076882,58.47889621067208,10.733403730269158,64.85454829858803,71.2753057632912,0.04314393007641738,15.23,173.3205
TX-103,77,2026-08-31,19.64126845839483,9958.837160903633,37540.08586785385,27.854962833392648,207.5016444100038,895.5619186994932,2.151188845240939,17.856676612527824,0.09729692785935169,0.537320910981648,0.0017743913832615323,34.83515561842024,58.699721460114965,13.235998482763394,65.93422804235203,77.9364282134471,0.0635818414710498,14.96,174.306
TX-103,78,2026-09-01,18.46902389069707,10382.671268068143,32156.545305925076,27.049597288791624,182.56220171164816,958.2026954900639,3.085325970875026,12.21897513273881,0.09622511573977545,0.4252943832140611,0.001984053053579072,33.34462749601281,60.79324124007692,12.377962626034073,70.72384548004064,81.78298631597875,0.045770857441774976,13.4,180.0
TX-103,79,2026-09-02,17.454210279823457,9301.16805952741,33075.05479263783,32.2004746863195,159.5088168747612,897.0271372052894,2.4898683539407895,15.202614110306527,0.07844527283905474,0.5212124068727595,0.0020057982271002167,36.40036591688133,60.01010180115243,11.231357195038534,64.25934243251815,64.24610882386615,0.054061372547054405,13.4,180.0
TX-103,80,2026-09-03,16.769550738945817,11234.598018346409,33756.32801879119,29.202558297136946,191.1924853388,916.9690960904979,3.1908452672398067,14.893250311142978,0.12172651833746065,0.4691510248122611,0.002295852214367214,35.53849785364108,59.98195512015158,11.685063359242854,72.28000327619411,68.46393079406336,0.05297933176968415,13.42,179.927
TX-103,81,2026-09-04,12.749342789273602,10892.810374310653,36773.65265759841,27.15655091087605,212.99340139403344,920.6156577021244,2.7416876190126307,16.516328434456348,0.10778610782208821,0.5107849356942976,0.0019874240866273015,35.43105449259965,60.344081492238686,12.059093333025018,63.07695225203731,88.55012992609994,0.039495800566514534,13.4,180.0
TX-103,82,2026-09-05,16.282908656639236,9839.879628849283,38519.0945388986,26.03765675853148,188.07008198804678,822.4145549390539,3.1617325254753053,12.253898680862717,0.09042943010484468,0.39238170885728574,0.002072126406238427,34.499785141243734,57.76791488410222,13.08560940297406,61.07699930484518,81.37554952022572,0.04298959176012196,16.08,170.21800000000002
TX-103,83,2026-09-06,19.80471413368628,10374.775269463073,32983.90425825195,25.97642582316806,214.91969702558418,879.0097495431867,2.915328746489317,17.544477723544198,0.08502622253260088,0.5045646886087727,0.002286388338095692,35.8091174883856,59.76058099871899,11.711094119147342,59.7835536124372,66.55004005867843,0.053183592265747336,13.69,178.9415
TX-103,84,2026-09-07,14.586353433173292,10037.463539283113,37078.50721926812,24.631992178477134,198.11943257428953,915.0968770728974,2.6479200312127418,17.862954227854836,0.11817173603226296,0.5145066663544378,0.0025382695337985758,33.50110472038986,59.98841057834148,12.36633696893406,62.256334859618235,77.40571633454182,0.03893417506212122,13.41,179.9635
TX-103,85,2026-09-08,17.071671954822758,10528.917384064453,35544.66680225666,21.311387788032686,183.54101389346638,945.1768002570528,3.010599321756183,9.611994764615023,0.12485660767736481,0.5068328253126916,0.0017542776007999866,35.994955597566666,58.98368998063965,11.311547882395786,66.0750579530421,89.24830767393836,0.06623587177972887,14.62,175.547
TX-103,86,2026-09-09,16.07913449671232,10231.19282942516,36582.99786416965,24.29722762607958,215.79369675767128,841.2741225485178,3.1592390333982903,14.545064744785325,0.1100241665422843,0.505905173250323,0.0010780909187536102,35.178891711705184,60.96322942844889,12.445928348338454,64.69224216137427,88.13729353544325,0.05311373129121661,13.4,180.0
TX-103,87,2026-09-10,16.31301990057932,10522.245947025285,35725.1859993932,26.09882637542422,154.17782743688375,861.8303278385534,3.3804727629405584,14.293807337164388,0.11602356744563459,0.5074364087960137,0.0023864198210786555,34.70478329287934,60.70142223985153,12.50588506453536,69.50480561789358,61.34690154932578,0.045415917254468426,13.4,180.0
TX-103,88,2026-09-11,17.54554831616551,10772.948239889323,35480.14302528416,29.132163459956715,218.12078878380964,969.4962140185346,2.8201691606663464,15.660614624355093,0.12361054524823939,0.5945229496637225,0.0022227814877705874,35.044138896665594,59.91888723594314,12.557396557193623,64.65298147256165,76.51712399217911,0.03942123735469125,13.5,179.635
TX-103,89,2026-09-12,18.891171589473476,9429.907636425662,34135.77647909398,31.090419725892126,242.83200470593806,866.1853612118139,2.6669920930198017,13.898366165332412,0.13317794335222627,0.35938265032469896,0.001699178596355424,37.73128870915955,60.886323110237456,10.89401505066078,64.87424605347569,75.5396365285429,0.05846125245905606,13.4,180.0
TX-104,0,2026-06-15,16.165655043837646,9730.10584849352,36574.168884196406,26.508736515685694,179.33325008021941,759.2072902434844,2.2174358027497996,13.207109687751457,0.07644420464598259,0.5156618263687359,0.0016401794522527895,31.856333697975256,58.4341323381158,11.52814035227858,63.183651536384104,87.15619743447347,0.0438645744071085,15.28,173.138
TX-104,1,2026-06-16,17.642770389597594,9990.50870015957,34915.3905486548,25.823098555759813,198.82434696838465,838.7923098482066,3.0850121571272853,14.527500734752623,0.081107441336168,0.5495947169850297,0.0021280521440064275,34.55193726585775,60.21823957055297,11.916177478498037,62.39722718821018,75.5639698321693,0.043789882451926256,13.4,180.0
TX-104,2,2026-06-17,12.165198493139702,9188.616334866738,34282.78529292274,32.83485329791861,186.1068129324228,1101.6566953726376,3.442842826826366,17.608660265320957,0.11590486024147517,0.5926432487469286,0.0017638994049582375,32.43926261434138,59.33081158747068,12.558218575547537,65.45455091524394,77.20378088774227,0.06320910002669873,14.2,177.08
TX-104,3,2026-06-18,16.146172723387497,10399.45646379551,33120.87451629448,24.523031553919814,232.28227846048975,908.0721228117654,2.6883854082769325,13.757211012905763,0.08701753756723485,0.4645520489477079,0.0016150556592189021,33.499579597779494,59.70749343351837,11.4070741296796,68.32147785632989,77.34461322613534,0.052653176800779834,13.75,178.7225
TX-104,4,2026-06-19,12.770638777336648,9939.485792110012,35722.00220726288,33.58097869856338,198.12216346963268,986.3299023459367,3.0039946544539715,16.58569423703536,0.090202955828217,0.4093705816715679,0.002080507696405557,35.72532406314662,60.86302099771135,12.42218666143744,63.95423910213504,68.54602998843527,0.055517282690437805,13.4,180.0
TX-104,5,2026-06-20,16.279342248594826,9719.550454578088,37218.848378384115,25.585672427261997,188.3295324241792,1030.914016987333,3.4342909688669563,14.283981388217954,0.10574761419287101,0.5077396122261919,0.0011763158405067866,34.09352605052662,59.92373007433608,11.643388523440693,65.74130769449125,84.03585850358336,0.04678464215346073,13.49,179.6715
TX-104,6,2026-06-21,11.827035611631405,10162.425829255522,34346.75333286439,29.21968249589049,194.16452561693842,1079.347024000879,1.8796478695010275,14.223332193734707,0.09992621948703216,0.46094287538586104,0.002269947749638485,35.81325767871964,59.92836807226719,11.729326244656306,64.66412949730505,74.16170677081752,0.04921626971874238,13.49,179.6715
TX-104,7,2026-06-22,14.436002695449602,10126.224657296196,36506.42412965573,23.848699262007116,178.98672201533702,760.1185576413181,3.4331987001788,15.500646586380926,0.11010535031865543,0.42852508808182654,0.0025354844368640416,34.39114909185464,60.25230871066688,12.854384660678372,62.03906073261179,70.62940513189866,0.05179171774600874,13.4,180.0
TX-104,8,2026-06-23,23.572419226394118,10150.562371426013,38212.722301261434,36.02836572595978,207.36020072989038,820.8643382695457,3.5298768054091174,12.003779316703906,0.13201750247354185,0.5100002654109128,0.0012049329358105472,34.65949390496816,60.98092173138441,11.762976126960233,67.14501743298072,68.19980665830164,0.036940176272123926,13.4,180.0
TX-104,9,2026-06-24,14.785663790857184,10015.782833644957,34303.231297875354,36.136455733210965,182.99585249721883,925.053248586588,3.0339849855818124,11.886568095727833,0.07361939632662975,0.5005955508124316,0.002594359999606089,35.57926981189881,57.41154776228305,8.889511934880662,67.19916077901314,74.2302921365744,0.0614126596951037,16.51,168.64849999999998
TX-104,10,2026-06-25,12.357846237865676,10175.106248929264,36692.346926055725,27.762681808967592,191.4782885953787,902.0210264878713,3.2713381732801645,14.971331990976179,0.11947992675518973,0.4769032405366485,0.0016014814383610671,36.97697536811318,59.09304939518633,11.431557916282253,64.80259003678344,75.53744887723185,0.046133163575117174,14.49,176.0215
TX-104,11,2026-06-26,14.947698309152972,9980.118884285914,35349.63865404161,18.21256270506342,237.617526140157,888.2169349172354,3.2903113097234926,12.243797316931952,0.090579994775015,0.4663842066839793,0.0024409171293525637,34.414186393164115,61.137119980410134,11.349579547326805,63.642143181038165,73.0355986783945,0.062838451268293,13.4,180.0
TX-104,12,2026-06-27,9.330442022909644,9342.168222362783,31105.389668620366,24.56248940119275,183.76799897615786,770.8414996727689,2.6329261266926656,10.97057103813317,0.07964022552464638,0.56002101999551,0.002121076421084331,35.18746767217253,58.49583216558133,10.463915040955277,61.58253177339716,74.65432138483187,0.058681767797266686,15.21,173.3935
TX-104,13,2026-06-28,17.70710225140596,10315.306181241667,33524.88627186411,30.12274916201994,193.57314939925507,883.90481892042,4.0185639484799065,11.475999525992775,0.09530646368155479,0.5605874453598079,0.0015602325514899387,34.35625257473375,59.20644225364854,11.776710277946016,60.21212852118135,79.76228848270432,0.056662872825131445,14.35,176.5325
TX-104,14,2026-06-29,16.525125975053843,9564.81316285446,35173.02158157459,25.50279880215456,193.34806678456974,1072.2774341736701,3.047847688798128,12.624946848025653,0.10360670681327828,0.4324102036968345,0.0016402968822454966,33.958876864051206,59.33353582170648,12.9369689955892,66.73519459405051,79.18396262597862,0.03901075434409458,14.2,177.08
TX-104,15,2026-06-30,13.376056933693054,10136.000553441594,33743.36002922317,28.60816779849451,208.827173850599,872.0981855038958,3.1130297945510126,18.185456912039136,0.09656282402026005,0.5589668904859603,0.0021678110201922077,33.532758006513234,58.34679445610471,11.166404116930103,62.43549524920165,74.27768203114549,0.056146440480818224,15.38,172.773
TX-104,16,2026-07-01,18.765475250114168,10154.087544362541,34108.64088789358,19.58879378185063,201.41179150834677,902.0616154955993,3.091464376769479,19.212480595406667,0.12481193092386145,0.5392530459124993,0.0017113768609785202,34.48700525080326,59.857733089607244,11.224592875989647,66.50139357495536,77.85527079372564,0.03911692206945308,13.57,179.3795
TX-104,17,2026-07-02,18.590450127288374,10051.15516690443,31541.857706515497,29.743285708275153,205.6241291184581,977.8233889148593,2.831261798436692,16.655876534894414,0.10374283973540432,0.43424726954812104,0.001575449967955246,36.122559870149345,61.79397626757265,12.322909230404722,69.48712016354008,83.45287879233285,0.056836287294797214,13.4,180.0
TX-104,18,2026-07-03,12.266065533798985,10865.714375516172,36072.60286441655,28.070806126941893,186.63459989389403,920.5427025211086,2.1644704575807725,16.399346550705726,0.08092858370611947,0.5185304054412143,0.0018435138987925523,34.735581287275295,58.864635190852404,11.838770568819198,70.66813863805206,86.08047701638912,0.05354478954995457,14.76,175.036
TX-104,19,2026-07-04,14.924117203305142,10422.100595346443,37259.94078821511,25.850908088962353,198.45122264735596,754.2433416345536,3.5615510551304475,19.13004851540171,0.10160165249246171,0.3937494937548492,0.0021826671549731095,34.09591083385092,59.00497583750331,12.626576389791003,65.76366237653818,71.0951297972912,0.04350394367398336,14.59,175.6565
TX-104,20,2026-07-05,15.377508165662498,9795.267223743816,32781.52573279398,28.3371840926082,206.7918524651037,885.7517226544294,2.2932457008759073,16.97812924275108,0.04522377126113333,0.47768174224857823,0.0018139404636338253,35.148178877871416,60.842492711704104,13.126764808261035,62.86278537994352,79.69265869866786,0.051958183878814616,13.4,180.0
TX-104,21,2026-07-06,9.86538187445033,10950.270127717054,32122.4497455196,32.097486361548576,207.79919888395494,922.0509425863262,2.7527115589191964,16.654505302281006,0.06879265052113809,0.49670856056630386,0.0018308375970342624,34.32270205793297,60.64312168118032,13.077478542719684,63.9702327144894,81.24544871940623,0.050497406654445985,13.4,180.0
TX-104,22,2026-07-07,12.321803372285974,9871.023953379468,34401.02821841677,26.516700437472768,208.56965857311667,918.7716950163807,2.204675150865291,11.696948009521284,0.10849368906411509,0.45923567856027325,0.002090612346530097,35.78093157810919,58.09357074389166,10.588462745423815,70.02329504718588,77.81256626369967,0.04580759343326729,15.69,171.6415
TX-104,23,2026-07-08,12.198178642061208,9744.77957554636,32618.85532777338,34.41706087045295,184.46497692787358,987.4827670573013,2.7996855401149943,12.913299632765371,0.09147396823972398,0.3687916611249291,0.001963769426997798,34.82988080886984,61.23711411982195,10.11369507201662,68.48559908259064,81.56479435998125,0.06252043563698663,13.4,180.0
TX-104,24,2026-07-09,14.841835871987588,10506.948417051377,32057.51193018619,33.56523782602267,184.5767447580011,767.887853406165,2.4379297409178196,15.01106227725854,0.08351401583564794,0.51880367658479,0.001457528733498795,32.87290245638414,62.058581151215364,12.903800129401434,61.85210949225858,74.97600285223568,0.06019507060201324,13.4,180.0
TX-104,25,2026-07-10,16.257601824871816,10074.11154809174,37190.308162625195,26.3464376239939,200.62356897329258,898.5721089366086,2.863618976164479,14.220388977158496,0.10145736475656982,0.5017203747992763,0.0016854717072396423,35.80179590990045,58.535422188350616,11.781766555452826,64.11415858183985,77.86482890127373,0.028808960597826675,15.16,173.576
TX-104,26,2026-07-11,17.672729444788374,9661.504826193917,37439.92658955411,27.609175377419227,199.02312828531979,1053.102883205474,2.8613308956031656,17.477699769346916,0.10078090171129121,0.5207709415146745,0.0020209875768234125,35.84785162630013,58.971702580720425,11.015951476980815,63.08427142886894,75.79768301059273,0.04779181214449671,14.63,175.5105
TX-104,27,2026-07-12,17.130824629413528,10652.36584991076,33048.323325529986,26.330256041930337,171.2752116337429,1062.4298392607284,3.1523347495609135,15.959604640103155,0.07319583229937904,0.49994150054965625,0.0021527743953239256,34.74724230946558,61.61355843723959,14.31183112564283,62.158811518718146,66.82330203218643,0.041222439344714236,13.4,180.0
TX-104,28,2026-07-13,19.818597480049473,10521.177658514842,34728.9443644127,30.18279832200437,183.66912747606557,971.2021726194547,2.810049087945723,14.479846921090001,0.11217579543058515,0.49060025309583893,0.001929510201950646,35.01057520552907,61.19303312068961,13.646493075483834,66.75645869673825,81.42651378899413,0.04800145937898876,13.4,180.0
TX-104,29,2026-07-14,12.87660641049385,10326.993116117557,35342.481649201145,22.886856756251255,193.43860753148803,893.3682381214758,2.7447710664857605,17.963471189084256,0.10959678073804434,0.5686587458944324,0.002079027578495648,35.08138783642508,58.59510327358463,12.011929533196566,65.03916177702632,64.06308892772614,0.044604725302296054,15.09,173.8315
TX-104,30,2026-07-15,14.030152204450912,10206.73977202786,35922.70022397141,27.093407590173975,209.3773920508377,885.4336856521186,1.5651899875725217,14.030595936096915,0.12157977280284757,0.415909712168616,0.002033807360124662,36.58526121418529,58.85908057048428,12.002149080427685,61.087951228316236,88.01784913330857,0.04916667373003386,14.77,174.9995
TX-104,31,2026-07-16,15.139880528382054,10677.15023275281,36322.95678929096,25.621856337516302,187.05444151825367,939.5945043618639,2.68793947246853,10.765513375758946,0.09893518402721845,0.42598936694375955,0.0024848845260691177,35.176787637763155,58.64223741488464,11.301367585337546,59.33180723637824,66.20430490575598,0.06016323202540699,15.03,174.0505
TX-104,32,2026-07-17,21.695358436477175,10363.198256599479,34815.91492275794,27.84020312173042,180.87008372847276,1064.7812719471792,2.9056256490678125,19.23125966012501,0.12787039019220123,0.4129601784326863,0.0018002142812722126,34.33095487582618,59.88023045384139,11.939685746886246,73.98871728619443,66.38217700420194,0.052289699356643904,13.54,179.489
TX-104,33,2026-07-18,16.84952322740341,9999.213997765402,35220.361155562714,24.775955528467065,202.12972389205365,940.9119196939498,3.1638002921355644,16.140401807824183,0.12825215801272466,0.5468483270957171,0.002021388384049231,33.82824164811672,59.09999208793332,11.780368848082585,65.75703749402435,71.17333790800484,0.04064266800815648,14.48,176.058
TX-104,34,2026-07-19,11.43540393263899,9174.411120472234,34530.098592450864,22.651672789648476,179.98948631685215,868.4878501724558,2.332041345304283,15.759504376997395,0.11480446127211374,0.4725286490112301,0.0018688918077169995,35.53742977013908,58.929007354147984,11.217266088402704,68.58949543455887,82.0735019097023,0.0560155000234392,14.69,175.2915
TX-104,35,2026-07-20,17.77693386418228,9011.360637316318,37707.671093586214,31.960310582918712,220.2156276801147,930.972942329309,3.0244624123400783,14.449381575275892,0.10734288753772411,0.4844126045547724,0.0022603628300195337,33.4135433554478,59.187636207308586,14.044823248476646,63.12175860928282,73.09053021549218,0.041174190666499244,14.37,176.4595
TX-104,36,2026-07-21,16.007537018657473,9631.867554928902,34628.7781303859,34.244332680175354,186.02473162370367,963.0888895412177,3.4111146577801783,17.10991218943859,0.10281081989836081,0.6620629538488393,0.0023163601089626245,35.324877624406824,58.686113378877394,11.902940874125859,69.2789809307001,88.67627692501014,0.06478329100440229,14.98,174.233
TX-104,37,2026-07-22,17.35557692018886,9372.169896852214,35974.32363565134,23.792988109735013,170.25057613238482,919.132694766179,3.261599723634875,16.80675419696161,0.10994272480772188,0.5265792992871374,0.0017046042245022872,34.895023315315335,57.739324821548266,9.996630870599805,67.22192812952922,68.97500484967233,0.05872498502143054,16.11,170.1085
TX-104,38,2026-07-23,18.325042733640117,9690.341337688402,36180.622189110596,26.694216356931793,163.08242250746352,909.8647523553967,2.7645630601421196,14.119821978825737,0.1395068623569105,0.4237071508633664,0.0021148613406114414,34.00519276285525,61.36239211390099,12.298431236175066,66.13803304754184,67.44088305918191,0.042344120867116766,13.4,180.0
TX-104,39,2026-07-24,17.78175152203766,10885.398860863781,35960.615634448375,25.512896396142835,206.77877044924136,1094.1977635470087,3.0512114053594557,17.9236817187872,0.08519341268322576,0.4978956974181807,0.0021858695618376628,35.397328308262864,58.850416979833255,11.1904825428694,67.96485320930798,84.53240650120117,0.0651214355812192,14.78,174.963
TX-104,40,2026-07-25,20.411791449758603,10067.309718161297,34377.60151153681,36.754954693892344,214.26138563703174,821.4035793065927,2.4831821672405443,15.983860402712619,0.09645450677032001,0.4986785022629651,0.0023217600094130584,35.75903714498504,61.99480987262765,10.068463893626634,65.7601937516636,80.55750817917766,0.03473414143312316,13.4,180.0
TX-104,41,2026-07-26,13.035313076070084,9579.757418835541,35043.396342119835,38.139269843470316,240.451788093298,834.8569957541374,3.263278625246787,16.117595704284632,0.10775251543029496,0.5199489817369617,0.0020911227507353983,36.68757012080642,61.653699771552084,10.939846102401733,67.38716324264165,82.13898699609162,0.053149672871517895,13.4,180.0
TX-104,42,2026-07-27,18.394273111508188,10094.037017149518,35400.9354421525,30.606202723385216,159.63511828400664,893.5681284875301,2.6658747127727147,12.627104043614885,0.12868036569479047,0.5252103759267229,0.0019910506757166357,34.43519664889757,60.44425437694311,12.991436093317514,62.519102469359176,74.96137302178713,0.058680664988511724,13.4,180.0
TX-104,43,2026-07-28,9.19199661274761,9971.215118797298,34141.41725890492,29.33085071122483,189.96742887256195,911.0099684165837,3.961813610211359,14.352155052142898,0.10583422018188214,0.5997373209204556,0.0018349953264882334,36.81467534892897,60.00798450994066,13.781896225864926,67.25060337483896,77.45686690065938,0.049343693181134136,13.4,180.0
TX-104,44,2026-07-29,13.127875680362369,10037.895774982177,36794.722918040046,29.934442845016648,193.66754389876286,879.9373972657781,3.496238306791527,17.450322910199713,0.0866569897246326,0.4665706071276255,0.0021138076759001337,36.52753206475725,61.71898546246884,10.748147787820088,64.20777209002442,67.5551715624839,0.04732487478084742,13.4,180.0
TX-104,45,2026-07-30,19.813229988106063,9288.699675608492,31762.26941343962,25.857229232831987,205.74621205151985,949.6603856512605,3.2187242174307666,17.351370806462032,0.06473828811532142,0.5594168269179468,0.0019063714039861126,35.731494309804866,58.014861859855195,12.00495669700907,65.70881231176705,84.24600829998735,0.03414745377392235,15.78,171.31300000000002
TX-104,46,2026-07-31,15.092257645604713,9457.382354428928,36010.99208841655,33.88608268228063,225.74340485016177,857.19764365533,3.4636132428443953,17.721803174954108,0.06713506060289068,0.5306172460049225,0.002287553376134032,34.74127361361256,58.18383963371234,12.942955756109663,61.40147351732673,73.57318852391278,0.04959875942196671,15.58,172.043
TX-104,47,2026-08-01,17.146614155111997,9686.684220243733,33630.83262234429,30.494577393815554,220.12780955239498,1082.9960000522517,2.246259400110613,15.630684035573156,0.07826929947531416,0.5509405621603372,0.00171843663580723,34.32535178181767,59.116093711404005,11.923801061280196,65.96959279057612,78.8696111488681,0.04994232453817217,14.46,176.131
TX-104,48,2026-08-02,11.010326932678256,10363.893075155094,34894.08267267395,35.8086739500735,185.84522441040127,771.8180218119204,2.9829869986584625,17.59190537656853,0.10321884273232103,0.49001651004135716,0.00173889589470277,36.75776646668082,58.45559610767283,11.27460574237176,66.71010258825207,60.151834480905684,0.0627459066538134,15.25,173.2475
TX-104,49,2026-08-03,16.872579342652067,10449.615535905556,36116.234023899306,29.19438241271815,178.73702579689154,888.7939647020031,2.5123818441236825,15.972310620152767,0.11613559661096204,0.5738404315599104,0.002111530292165859,35.924575356595184,59.55428289415479,11.521722861991805,66.42101567245041,71.90821701826474,0.05269185788827658,13.93,178.06550000000001
TX-104,50,2026-08-04,11.816423431993737,9559.18615876185,36270.81860203658,34.43345037703048,180.2868766206664,953.6491448405136,2.733632163482363,15.03301035240062,0.12833888831581294,0.5403743617011474,0.0022387615964066577,36.90879035845697,58.9441809884253,11.014125025007454,62.83363318931423,72.96399157274708,0.02645449385708107,14.67,175.3645
TX-104,51,2026-08-05,14.377715289909569,9727.714634052543,36567.519534795596,31.7620968950502,187.98606744461327,947.1968676290323,3.3616315299118846,13.462908420417179,0.09013951489235164,0.38873184064510086,0.0016728020076892146,34.25753043957642,60.111249264909034,11.054617320640185,63.45964403885267,65.1973545473392,0.05171113898531271,13.4,180.0
TX-104,52,2026-08-06,16.277143783754724,10201.182674209911,35024.722263810516,22.29463501749303,187.600926722143,867.4154662145212,2.7983523435396873,15.149962435979672,0.12851082744742037,0.54060481063423,0.0017037446660453917,35.678402875296634,60.9604535514986,11.193932527048435,67.54659776790632,73.71698691243789,0.035900465099855554,13.4,180.0
TX-104,53,2026-08-07,16.365608173911426,10108.480911807263,34544.64474162835,29.812734575083503,185.61829042223076,948.8104403037687,2.978274682745537,15.332897687896455,0.10714283848857746,0.4422707192786838,0.0017317150934353844,32.79005554038379,60.84711338773561,10.787789976253233,65.39770912968696,77.96790579951642,0.05602352838892521,13.4,180.0
TX-104,54,2026-08-08,11.387949258491822,9967.419190929655,38340.5608415755,38.57157339992158,219.74646188053902,926.9994511055072,2.497446805577311,16.437243250782107,0.09683957542506319,0.5280264137636422,0.001810146963544365,34.82706688716007,60.246221040114634,12.246278091493858,66.48116814338074,70.3664401238008,0.036567155478897974,13.4,180.0
TX-104,55,2026-08-09,19.874355119699384,11244.62708451168,35894.84142240476,23.38003952634945,184.53609766314247,940.7294055240775,3.6705578058406427,12.574218730916288,0.09751334358302198,0.5097966032221984,0.0022593735353857625,34.65639890559962,57.654277963017115,12.621197559452902,68.37438789551372,74.33926830603872,0.05405240091306432,16.21,169.7435
TX-104,56,2026-08-10,13.576526311718787,9577.113602637053,37052.851361094436,31.937479239072303,209.80737198803766,1020.169211839569,2.4725788328407132,13.895947463681155,0.10315866697669392,0.47178433811193793,0.002234940960581735,34.812600779096016,58.511200788754216,12.065771675187662,65.51101631242037,82.47745650317064,0.053931409031474246,15.19,173.4665
TX-104,57,2026-08-11,16.383439174079506,10160.145842003612,34623.55495741614,26.418904424443678,205.77676703318753,873.3500187293088,3.8449113102205077,17.684364589546437,0.11265678264703217,0.5189233469646493,0.001973612284705647,33.73887626865287,59.67574166501705,12.101400033405257,65.68836942333398,78.7562909361266,0.059213301978776854,13.79,178.5765
TX-104,58,2026-08-12,12.923537784921399,9658.462196395494,37901.71335948632,33.85490794596574,192.18458115733358,891.423106483821,2.9486430266625505,15.063148244562766,0.10945366184477227,0.6267496373049916,0.002056926968348796,35.662598150425254,57.470284940714784,11.515100007221164,68.68644500814982,78.21852313085293,0.0061088541513516365,16.44,168.904
TX-104,59,2026-08-13,17.02206960694859,10959.082197314385,31008.184827760415,37.59693837822756,144.56088738748144,975.0399156042731,2.99567568699388,10.300057569510766,0.10892275654479573,0.557541987457603,0.002109166101146472,35.58482763705961,59.38248583149141,10.138610244778977,67.07559206701119,88.99803135557036,0.061295808542274594,14.14,177.299
TX-104,60,2026-08-14,9.036372511195962,9242.552796394533,33308.06451640532,30.0,200.0,900.0,3.0,15.0,0.11202207888040029,0.47259204375781483,0.0020217719241773058,33.05019882434697,59.761290689296146,12.007384974130325,65.42989032094088,73.72686134524034,0.052442417432305724,13.69,178.9415
TX-104,61,2026-08-15,14.206968908202988,10143.097471277159,37004.063986620495,41.47979202603445,225.74695346342557,968.8503643468468,8.247856484829798,21.32238334843387,0.0888954811165959,0.5193073450496095,0.001963114503534254,34.69606532347986,59.32604570434786,11.491879007584313,69.19378195582993,78.34191331248716,0.05231546825278321,14.21,177.0435
TX-104,62,2026-08-16,17.54901075734548,9734.271548846602,38790.76725095334,51.406058225700015,254.11338543485317,1038.0488204949681,13.816855602858723,27.498026993888246,0.12742134781537323,0.5300372581442379,0.0030454158763685824,36.81126768155912,59.388354925605974,11.730974168773347,63.226882740880036,74.20938773791444,0.07201103138754594,14.13,177.3355
TX-104,63,2026-08-17,15.746166780957058,9801.484600210637,33776.39023308041,61.496843486402206,279.7556138116415,1108.0819801799182,18.359521941640374,34.14294089923387,0.08010131112367341,0.5113436509006368,0.0034826832799975433,35.430719256469985,58.362475562881436,11.203042346718794,68.30585830638314,80.49772615795459,0.05382845708865145,15.37,172.8095
TX-104,64,2026-08-18,22.710965942833795,9245.813306334076,34517.26109059727,75.0813349000438,309.0876551425089,1174.9040564641027,22.95787659693829,39.67525296099941,0.1159454512233856,0.5008375354535871,0.0038443608246827763,35.15134693365674,57.999384084422225,10.289531950426724,70.54847174240977,78.86694365981953,0.03664543149640127,16.98,166.933
TX-104,65,2026-08-19,8.527328477094136,10016.157735593788,37741.489014949955,87.22819532979383,337.26496318297023,1244.2844395186485,28.288713311174273,46.15962653482501,0.064365350017978,0.5567266224348609,0.004353901326285269,36.13231594254734,57.92682908852505,12.653682708811319,67.89884115283279,81.26980157069337,0.031812422308760815,19.2,158.83
TX-104,66,2026-08-20,10.496821699135456,9631.996049905114,34740.359656654895,95.17841113150757,369.62986732473627,1315.9517161961792,33.51682373636213,53.49633439703324,0.10477152220100944,0.4576084226139081,0.005100937987546402,35.3217913690485,56.56573952790602,14.411244039639683,72.55551892815775,78.56082547396996,0.06927369755230228,23.01,144.9235
TX-104,67,2026-08-21,13.957706488541417,10066.259692914029,34025.76837920475,108.98715990209705,391.57873160121466,1383.0061378415764,38.5373940250798,60.240705933545684,0.09891303869731857,0.5555195486178731,0.005531317160886821,35.31741044879942,56.36429862092335,12.170627083619081,73.62085065167115,79.87531504927571,0.04721682440288339,26.32,132.84199999999998
TX-104,68,2026-08-22,10.387671152620076,9408.066068680013,33964.39999460406,120.2484267112995,420.7464095301378,1463.6494509727952,43.6478872031595,64.48105240376103,0.1274949736646131,0.5563305174314597,0.00609096946116823,34.55747353446117,55.743227146314595,11.006672873275313,73.40195607712387,84.13383956829779,0.05205355682251458,30.46,117.731
TX-104,69,2026-08-23,12.673171562215188,10205.184351335769,34059.98256196931,128.88571335322496,444.98206758092977,1538.314601102847,47.91727270925213,69.25335489296066,0.08076869217756341,0.49250321997662166,0.007023132837475082,33.98896731329675,56.12041615265303,12.466492816749508,74.5710005661294,80.23760817249273,0.057710362167598055,33.15,107.91250000000001
TX-104,70,2026-08-24,13.760670141609856,10136.276311485733,34461.93903147868,143.8079516162973,488.3705935883774,1593.8127533103452,53.54746207277909,76.215088585873,0.09591461024385403,0.4054813876145621,0.007474603513310882,35.96534211224277,54.54186142143242,11.608802496679338,75.28821457506967,83.3332476467996,0.052086419064870076,38.85,87.10749999999999
TX-104,71,2026-08-25,15.606954541675066,9594.351832606626,34650.14023599232,152.04519711581221,503.54193105633624,1637.4857134766244,61.30236700157071,81.07531748180027,0.08835292801076854,0.4860204423241236,0.007832791033777634,35.479732515522514,54.14933351326714,12.732710942769357,75.28324994426495,81.46000674159112,0.05569707881522698,43.48,70.20800000000001
TX-104,72,2026-08-26,14.889878413143014,10504.555953127528,37146.01857192331,160.267305517346,534.5831990441427,1750.9942088681028,65.15429720826201,87.10973228634532,0.0995730716185888,0.5568434316725281,0.008318928657688808,36.19917046867721,52.77886873886009,10.963006095341282,77.70878014541454,82.8705640823651,0.033509336686408014,48.64,51.373999999999995
TX-104,73,2026-08-27,14.137586603832492,10662.368482813627,35921.48402023693,175.37341432710957,557.5526721115087,1813.2187775884413,75.80338144119769,95.41469122853597,0.07441219824157008,0.5555281370146384,0.008077455867459418,34.352952360591274,53.55756148779689,13.158222668795958,81.36455072643489,85.91545293024757,0.04949024134694749,53.67,38.210499999999996
TX-104,74,2026-08-28,14.820436806912445,10391.2590903362,38107.12933698846,194.41573021610577,588.9280101668005,1834.6041008296984,76.61574822822519,99.10958158865441,0.13411880557417546,0.5999144491670667,0.009263652400752434,35.025674453658,52.329730688659254,12.57606950356139,81.8147227752826,82.74340723773726,0.05454531871868811,58.88,28.571999999999996
TX-104,75,2026-08-29,15.154193562951276,9836.054468684393,34675.730986712166,193.2560770032497,608.0082502718028,1904.864793856378,83.6610013362631,108.37100990920784,0.1143326213294631,0.5683339589359141,0.009792208462088486,35.20336452469571,52.73149619470616,11.846449677829963,78.22693052902154,82.84226631916151,0.050582643872514876,62.12,22.578000000000003
TX-104,76,2026-08-30,15.413261076831388,10225.961141696824,34411.69513030887,204.07844858517097,638.75297409236,1973.6668490941447,89.22464794641438,112.3310333179911,0.08085694344383701,0.49483557924807225,0.009747316980684657,35.59125294204827,51.551056896717135,12.528935546957898,83.58959087771385,90.22950398670983,0.04979905451624204,67.52,12.588000000000008
TX-104,77,2026-08-31,10.247350983384443,9419.344897638703,32756.86787744468,223.51758824823463,683.286225795537,2074.7067066277004,87.53819670838135,122.17821145146696,0.11326430880512992,0.3610665179166974,0.011377631414506205,33.17668285647721,51.1759129452069,11.111415375243038,83.99780839951364,90.24594270328969,0.027268223698788747,71.49,7.702000000000001
TX-104,78,2026-09-01,17.086131443581944,9095.918643203131,35853.537844435006,225.97715826554864,679.5227861791466,2133.5408057175146,93.81935972423084,129.75609563926153,0.1248327452579748,0.47953748466949087,0.011394290907091943,36.594936823340696,51.97191183156017,13.907635970442026,84.39541396677653,86.40778807801077,0.049150101990632515,73.14,7.372
TX-104,79,2026-09-02,15.363113818990723,10763.15159999322,35875.03542673423,239.0178280781836,727.2773029232861,2257.4954821603724,100.1347990453627,136.25712149366467,0.09210005457403651,0.47177464171931566,0.011292468740468185,33.59790400395723,49.36254644619758,13.498420275650323,85.55737625731578,87.60660185991999,0.02521243482099166,81.19,5.7620000000000005
TX-104,80,2026-09-03,16.70493392689764,9919.323647815443,34037.119954218986,240.56166239764357,769.0424464264743,2280.353329822619,107.49472873457722,134.4405190349398,0.09372115090504297,0.4516907313963781,0.012531505210687958,35.22389270706806,49.2529235040219,12.203166476741039,86.01302996617508,87.10539329786718,0.04946657037753272,86.64,4.672
TX-104,81,2026-09-04,17.59213087822269,10303.366588705863,29028.35493178015,256.0157412178021,775.9079186253698,2371.5001597920827,115.06280666658101,146.62880075453026,0.06718530779426352,0.5352288208528776,0.012617014594804606,35.0469761962995,50.17313033893807,11.020621995810709,87.46167367173501,90.24878492159301,0.06064470460819179,90.07,3.9860000000000015
TX-104,82,2026-09-05,14.50440252260869,9952.082750178572,31583.82458917335,269.2409270927236,819.1421631340753,2445.0912361699566,121.51480816453785,150.8353250543623,0.08712488772335386,0.5427336543245652,0.013702000965211243,35.34668074874371,49.54390958062813,13.439943139100661,90.23751901203542,88.49116637877516,0.043641974434523695,96.63,2.6740000000000004
TX-104,83,2026-09-06,14.091222618283073,10271.903623958953,33385.51238908117,282.1517410972241,828.9875628963742,2554.0736627162883,122.07561924748536,155.682884003958,0.11553131103423152,0.4970126910519778,0.014379822005062244,34.46636575084065,48.415722488806246,11.841700826550275,88.07985510735642,88.9778313218157,0.038029456445767634,100.08,1.984
TX-104,84,2026-09-07,20.968078675744835,9951.809093220756,36289.028177364395,308.86589957986774,851.1336229996391,2561.1021173233526,125.64682381961097,164.48805987822442,0.08258936054541169,0.5077732122184572,0.014510835328495977,36.642848168853185,47.55742956531876,12.643992678531236,87.99402736786665,92.92163325124105,0.04036667929530456,105.44,1.0
TX-104,85,2026-09-08,11.74831113118305,9333.927122154177,36590.91974974081,303.16990120965744,869.4639657637343,2646.2024100021226,129.2249862504548,173.30910737945155,0.14103625511877915,0.4275379259674342,0.014479496099957422,32.797150617490374,46.80059648706973,10.898743179188768,94.83581502324866,95.21242228763342,0.057773550627378635,107.85,1.0
TX-104,86,2026-09-09,17.134390954702642,10906.016945539393,33628.58675785406,319.91937082881066,924.150492922973,2692.654415046511,137.23071310725888,170.10611229735466,0.12034043612836383,0.549553334541575,0.015798676877666944,35.998467904623,45.918179936366045,11.675403104102985,95.66459156118152,92.42457707752372,0.06742313846196234,116.15,1.0
TX-104,87,2026-09-10,15.92223229948207,10087.305923750602,34475.50628292611,320.2741376432536,927.0002733765458,2763.1898103018375,145.3427410917043,187.63116053041364,0.102917439565652,0.4649387003684282,0.01621659407706655,36.452088132039314,45.81700350905262,10.871853262907933,91.78970020522362,93.25825000256145,0.06998465874745931,119.96,1.0
TX-104,88,2026-09-11,18.005127660044515,10472.161176059131,34471.268612973196,337.04193882305475,1006.3635211406906,2834.554994772551,143.46423846175318,185.66309731353485,0.09578340573287666,0.49291104268998015,0.016003530334339686,35.891897575507095,45.010161533240236,12.736056133738375,93.42757283278272,93.68080092775023,0.029153942473459336,123.73,1.0
TX-104,89,2026-09-12,14.59057886436494,10723.856491637034,38349.36933348279,360.8827179123716,998.0930432300789,2898.201065190425,152.43007030245357,204.45365088050602,0.08970802321431703,0.46612454415596816,0.017061481797096073,36.28709225994691,44.975506755969526,11.198561220244803,96.96134123781319,89.6548248355612,0.06763492310559743,129.86,1.0
TX-105,0,2026-06-15,19.458116680545444,10482.339697081808,32732.6166289064,36.210693093137905,194.7537094883801,827.6437418963164,3.098551625435601,14.594461288672363,0.13076930628057049,0.5170311014245605,0.002061697676265802,35.90064708285544,61.639307427139066,12.783605094297299,69.25839041844486,79.86945930331031,0.051676514647267024,13.4,180.0
TX-105,1,2026-06-16,18.71751618626409,9954.55192995893,35066.49303268932,38.610666286614865,232.45239105975608,899.3459354461341,2.7732242113471917,17.926347000416996,0.11600836715830429,0.5157790627098682,0.0019034381869430168,35.33169657871459,59.96743731016845,11.335661820427005,65.38712698576171,77.12339236511686,0.04624604933079769,13.44,179.854
TX-105,2,2026-06-17,17.711477065828554,10644.416196155495,36939.79538731083,28.624321474190605,215.14424708507033,906.2369117968033,2.3821270107170243,16.34545875699549,0.10292263281913896,0.6296774001034654,0.002437181258983568,35.71115015693452,60.37375575193227,12.163722255058017,61.988931789100675,61.08810218240072,0.04127440890918435,13.4,180.0
TX-105,3,2026-06-18,14.856848945488709,8947.230360895508,33911.3564154545,28.770279934768745,195.73319443224523,847.0621121449484,2.8292430928092998,18.447787656247723,0.11324290562981207,0.47198496115509253,0.001979495663491411,34.971686664347736,58.848066849389774,11.230869782256146,68.03157206098014,71.64172497986547,0.039053036129691285,14.78,174.963
TX-105,4,2026-06-19,14.870578967791673,10059.004876564562,31054.591551612328,29.8073950114352,217.415232689571,936.0983508417467,4.1148975575974855,17.502218964624358,0.12897868049501707,0.6400042967957164,0.0022274468785323793,35.1630702079327,61.460610440147,11.440763566605007,65.3230589584849,69.81817885537349,0.05397984557562882,13.4,180.0
TX-105,5,2026-06-20,13.04427273594054,9656.53575006914,35826.94658621101,29.325351296748618,161.51911978892232,783.5554462950329,2.426366754269268,13.234056187772051,0.10828846658957277,0.5109469423535818,0.0023195838115097596,35.75280182294177,61.60785443427399,12.608396191459123,65.62903792727447,83.79481393830125,0.059194127917401,13.4,180.0
TX-105,6,2026-06-21,16.128286102661974,10635.53593543007,30308.423514993206,28.564374330079495,193.9676416908741,992.2146301985256,3.785697498475385,12.099641259579474,0.12822334348298553,0.44142774069868657,0.0016576354263317533,34.76571429767264,59.522690291801126,10.441582720283124,66.9496339204777,80.43521939781282,0.06054041596163671,13.97,177.9195
TX-105,7,2026-06-22,13.699634010666404,9980.208642513775,34939.14567019472,38.45944910825436,143.41246385189584,823.4444520808718,3.002770421395899,12.828859530168994,0.09483359285457765,0.4936962231815045,0.0018026941673622593,35.06446892610267,60.94222391663672,11.763733554968997,63.64041579809379,73.67388066676902,0.04992563653354411,13.4,180.0
TX-105,8,2026-06-23,9.779041303996735,10230.77695898064,34097.99754110641,36.32992897509759,211.93233751806113,993.6053123375724,2.4944981031425457,14.257226717625146,0.07515083025085181,0.4647404395535337,0.0023756316273525774,36.48749057792249,58.27780005779331,11.541722331682717,64.77141298392816,79.68484513447825,0.03240189736463508,15.47,172.4445
TX-105,9,2026-06-24,10.190999755414685,10244.813071936202,31101.922862164152,27.791048270478267,203.36701267703992,933.2532775946494,2.929140952228084,14.26848656190494,0.11689141719432959,0.5142602963182878,0.001805895013414562,35.03772289668224,60.57475353398429,13.718237241451382,67.35897100487473,84.71645484763155,0.043893926037003705,13.4,180.0
TX-105,10,2026-06-25,13.427451281234992,9882.310003593506,34712.85470672367,24.987692212288458,225.45775753765093,970.6681310207034,2.847161069349246,16.283421298027708,0.10445798326007677,0.5359913990465688,0.001596707862942311,34.85433892680256,59.91294220814131,12.62364209961165,63.1146871964536,55.00055420734083,0.0391830028231708,13.5,179.635
TX-105,11,2026-06-26,14.816856042867277,10031.942112751665,38367.49624524997,32.94433090472369,201.7835990917958,897.408697857485,3.5520916910848466,13.819779095685124,0.09719432424518804,0.44553709399308494,0.0024256718146085914,35.39249893700161,58.93871505599408,11.885544989681692,66.52895228961884,72.9942486982218,0.044655293782873993,14.67,175.3645
TX-105,12,2026-06-27,13.037178942047007,10169.480949620558,34283.89144157863,27.76459172774976,173.44566690670936,906.2112461221735,2.909388280604046,14.35670330271607,0.10397541354977438,0.5374001131367949,0.0022104696415821403,35.55272850089976,59.638994582046415,11.433001664058757,61.86825307603269,70.25474794129535,0.0501965009513657,13.83,178.4305
TX-105,13,2026-06-28,12.641141635042551,10048.02856955872,33069.08664417627,21.731202656658674,216.5689329257648,862.0468323707324,2.5814831733880546,12.812305717405124,0.10846071949460802,0.5687453855733984,0.0018790778416981567,34.78443662533742,61.60744775983361,10.189554295641688,70.900605928738,94.55280241861095,0.022936624705799172,13.4,180.0
TX-105,14,2026-06-29,14.707490313249728,9640.526484065218,34470.45645819053,27.94701845374446,216.42990097870754,890.9944074425607,2.544546392900022,14.65562967740975,0.1102956847392482,0.44081393361173593,0.001506129893309006,36.99274280083532,59.03635998043735,11.862647013080478,63.80661378252328,79.38470163265714,0.06772789923091044,14.56,175.766
TX-105,15,2026-06-30,16.739801525187854,9240.817426230005,32231.75314598294,28.04690162531978,194.8439635191065,762.2438984362719,3.40967046008722,12.827358884237043,0.1298660312425151,0.591031629860286,0.0019255239402103468,35.438972640418186,58.1520791668737,12.623676326479114,63.50542272969689,66.30211742729317,0.04710665011747016,15.62,171.897
TX-105,16,2026-07-01,13.60275597478391,9837.420298498122,36899.35980563272,26.117969238905992,234.92299600590079,793.9952293739717,3.8077151365892976,12.966978756186613,0.0999797353492677,0.475490194326099,0.0018968813985386437,35.80135723635555,62.249740195843216,13.190524704955642,63.785431002974455,76.47404177923643,0.042179221263316385,13.4,180.0
TX-105,17,2026-07-02,12.025349062275914,9426.849547135665,34124.85338603174,31.295317057289658,162.00014131604462,896.2917037935388,3.758012562274762,17.24382213814825,0.08829631846946669,0.4301563545358607,0.002137949091939448,32.6825717497925,61.66523117382402,11.786412542116759,70.49390096173221,61.18427611538827,0.059181462252078335,13.4,180.0
TX-105,18,2026-07-03,14.698473489557404,9834.47473426396,32260.31306957571,33.02881013590382,213.77310070726335,1042.8102241572713,3.5040251314302964,13.81220934208853,0.0799227483276497,0.4315754283238807,0.002441967303691841,34.22182571572213,62.22034480345696,12.525072040862067,65.98970864478189,72.5450534995176,0.056606729130022515,13.4,180.0
TX-105,19,2026-07-04,14.953587711489593,9815.393354265594,36392.009573296404,29.332991756369875,184.29756593760112,947.9861420368521,2.9680071721857173,15.977820023515608,0.09092280283291627,0.4395439347659522,0.002520522188754283,36.546611410763575,61.32567744189294,11.612189314625727,64.09904608051679,86.05861956717172,0.04646169962432587,13.4,180.0
TX-105,20,2026-07-05,13.102331890958107,10936.117337818227,34904.64463677225,38.89776064517505,172.31033179922906,941.4547906227601,4.035541299608307,15.059501489317723,0.09471991015464408,0.441612404120079,0.002324702916330574,34.22987191735931,59.85778716091502,10.765497720207389,69.6706838002923,84.23908248580545,0.049684152507868694,13.57,179.3795
TX-105,21,2026-07-06,11.537553193239216,10767.953524621316,34268.136545905705,24.53239149864852,165.04971826422968,848.322789448498,2.2726809387350304,13.754358326954351,0.1148881746739543,0.4812299918012383,0.0021067080146341135,34.276665340467765,60.097753599546344,13.920900822086022,63.95454176591931,78.07543550095727,0.03434472772531562,13.4,180.0
TX-105,22,2026-07-07,19.560318367250613,9761.396685527567,37101.067299813,29.445295924071875,212.53757431474813,953.6809941768801,2.7737798302436416,17.183812871523703,0.08482030272013802,0.5388967110013771,0.0018829384117500408,35.34955794863206,59.30701049646861,12.049975974706596,61.7759188949247,76.98045587751035,0.05044187834959586,14.23,176.9705
TX-105,23,2026-07-08,13.379539337782582,9972.486016804853,35268.00895233582,26.982193836671133,197.74472400039008,819.5558447284063,4.172866519480504,17.11823732041637,0.10546188211263102,0.5586056463738347,0.0014062242569948668,32.44232026216599,59.40106340737514,10.621435856397891,64.290183426655,76.6452531247592,0.059204144983406114,14.12,177.372
TX-105,24,2026-07-09,11.585208047174358,10199.815343080036,35028.779386304464,31.804307352792407,189.93836500056292,1010.6508111889696,2.9482456757851367,18.548364447007536,0.08419222692635553,0.5371413669977777,0.0019820994558318416,34.672257583333234,60.94847301070132,11.700826520810411,57.014103988528014,50.497055014605536,0.0627242216028405,13.4,180.0
TX-105,25,2026-07-10,18.690775373639088,10943.670473127973,34964.94350343564,23.606368493267816,191.95603566326633,900.913961228905,2.4964808878574454,18.297149445947735,0.14479005759287475,0.5239140350365089,0.0019967408759905413,33.705033021525566,62.319650844234076,12.076306810849047,64.13250680476817,78.8493927093963,0.044142884710108146,13.4,180.0
TX-105,26,2026-07-11,15.440625519365456,9278.76657457717,37174.17437850487,29.5502689977092,223.53763822961804,883.9091057726705,2.9319001456080107,12.575365143416086,0.11519513946036287,0.4562080022988454,0.0018540732880402316,35.00104718608254,60.18183627553403,10.293903059782242,64.30758240353595,81.3618417491497,0.046216619654760975,13.4,180.0
TX-105,27,2026-07-12,14.325804737360036,10081.203025421364,34748.079134906,24.922528391579835,199.6486070442512,979.5258536004717,2.474412026366455,14.251036221028365,0.07236737352129846,0.5470690975245173,0.001972292537948636,34.14980036639414,60.13839840021477,10.796399785104548,61.899513405618784,63.31893176118575,0.039332207624426005,13.4,180.0
TX-105,28,2026-07-13,19.07201275199942,9633.440834358702,35932.450245302956,25.89638050386854,215.58011293350515,817.9134399254947,3.0196139638808783,15.105702619737897,0.14655610672853184,0.5315212643990083,0.0018221287957012181,35.685048963650516,63.20726170572781,10.370363909515705,62.47255387229382,73.10481952709365,0.04582911772858049,13.4,180.0
TX-105,29,2026-07-14,14.001729905010375,9347.883867203378,37807.912107100026,22.967626311395342,196.3990903264422,983.6664473408558,2.984907571427074,13.041211666194462,0.07302648687252085,0.4885000401986109,0.0017728911302448602,35.20523109170298,57.89782327841373,12.813035736887622,65.3466485694934,76.51869115481982,0.06441076778240017,15.92,170.802
TX-105,30,2026-07-15,13.686613504884402,9637.091652633388,33904.47274330625,29.12081815629244,198.5979571237171,833.5441810718581,1.9884573734834705,13.878141998241924,0.1071965133257378,0.5068129153126746,0.002359866340947748,36.95548654396379,61.1390006571877,13.382520642408226,67.30032287678937,88.67919404741907,0.06850853634291268,13.4,180.0
TX-105,31,2026-07-16,17.85349551233678,10353.190073212292,34589.53565612526,29.87954629921947,193.67441689318986,949.7001288716044,2.6398259813203255,14.61778758044018,0.052896602296434,0.5861544947386255,0.0019338576252241045,35.45558043733658,62.1866800420671,12.30029343744118,69.33303110628029,65.06609750278906,0.07397376589597703,13.4,180.0
TX-105,32,2026-07-17,18.261330595466298,10104.601246243321,37850.15866525089,24.245839974222452,194.6727744454567,1015.5400317121904,2.0664699095525174,16.12091554991761,0.11064352319690308,0.5984612908411081,0.0015251133740833292,36.609631057031635,59.16079388527665,11.552990540088146,61.33398683912062,66.2971837002646,0.05403522347453923,14.41,176.3135
TX-105,33,2026-07-18,11.663004255655935,10370.142166826457,33674.067906060496,24.026627075056368,189.90279759430013,926.9365753405044,2.86132336903449,15.068420236665597,0.11392414923672169,0.5541210725808474,0.0019069714074231706,33.95577798442384,60.11414171838378,12.470649586104072,60.61782408208415,67.87513362393932,0.042808131040370595,13.4,180.0
TX-105,34,2026-07-19,14.37653343383887,9619.483048186607,36414.0814501938,22.068911797137805,168.878515078261,873.288895079083,2.912173597930072,12.090712254283792,0.08786502314704871,0.47994780912904556,0.0018820106158933564,35.151881483289294,59.007631673364656,13.477836300008274,66.46461391920072,68.54309183486943,0.050945114933675734,14.59,175.6565
TX-105,35,2026-07-20,15.372045955816816,10607.360737248891,33799.2351421673,33.93405299316306,201.32388703845047,1019.3253213159013,3.645445726319704,15.393958609185201,0.0947543475796788,0.5253302954839728,0.0019458649918618503,36.680307105978336,60.117705117265515,11.594357367487163,63.62115474177822,65.29571531841034,0.05556559128093323,13.4,180.0
TX-105,36,2026-07-21,12.539966392081492,10549.074126093874,32414.129891996854,30.73634844955673,223.50518119340146,727.820234830109,4.009132771896093,14.149429605603782,0.1028219076432428,0.5285724612758171,0.002217838716834666,35.27388393825968,61.49607687555955,12.519070712921813,70.28264342009692,79.17862034283678,0.06964635519883088,13.4,180.0
TX-105,37,2026-07-22,17.703236520712966,9097.124937115868,40222.20535677568,27.231202362434672,230.42549482813857,902.1434754495551,3.5305451288012897,13.623042178268411,0.11251489086179177,0.48734047273027975,0.0024737009334769664,35.438668167417006,61.40391396195235,9.835923128526929,64.74328196063412,78.28441308046636,0.052236149064397074,13.4,180.0
TX-105,38,2026-07-23,17.88347164115355,9817.047877431272,35097.57421006926,36.01183842702602,154.95474295584816,947.1480401310673,2.8330575870032235,13.175363750892757,0.10673088448551961,0.5613725648404327,0.002311743149445254,34.86488696909337,61.31361144564142,12.868067898445844,64.7378861885205,69.45535558409433,0.0436476596887767,13.4,180.0
TX-105,39,2026-07-24,17.51356004660441,9978.926593143655,32907.63556053882,21.684172127535724,217.17906056733435,856.2577262188621,3.1651938778279907,17.479413814138248,0.0738215104629303,0.49774313097435774,0.0019487917561343392,35.37974287562796,61.85873999763065,10.670548185337593,66.7093938461173,83.25219019994961,0.04813622936043217,13.4,180.0
TX-105,40,2026-07-25,14.58765902132063,10209.224684492461,35689.634155779575,33.02303104204726,211.78195055408253,821.442215550748,3.4951332488524716,17.333566324380477,0.10372165787380597,0.42529223467251664,0.0019655762881999727,35.19440587694057,58.28309964331977,11.639861936422987,60.771891837324375,79.85833779989156,0.051659553149020515,15.46,172.481
TX-105,41,2026-07-26,10.062650505557267,10175.732430790991,34886.98210521942,32.69612111911396,192.7395998516011,835.8816479405581,2.6145776867710966,13.92365956690319,0.10037650193162094,0.5073979232712396,0.0019427840366575693,34.57668045100348,59.472895097991774,14.507724785506934,62.68782454550537,70.53622393163046,0.08293854108368148,14.03,177.7005
TX-105,42,2026-07-27,16.263039907381657,9310.009667048153,36685.37440795453,25.566636959466482,218.76538718346305,883.1230176503454,2.7801020752552965,18.218329937655167,0.1113280270531849,0.5486494718724604,0.0021304759038559837,34.555555476206905,60.917031630387314,13.209215392684461,65.40421413055266,89.41314083477205,0.05850487203201909,13.4,180.0
TX-105,43,2026-07-28,15.635947649314836,10125.743265508909,35274.474257935246,23.863419177627556,198.79662161184046,917.6949188272933,2.7919574393667355,15.67535403740939,0.10042614980710222,0.5386845945549384,0.0021989337143197194,35.16715328758484,57.949180663047,13.79072273868117,64.57432700428657,74.35290837043894,0.04657479151300613,15.86,171.02100000000002
TX-105,44,2026-07-29,13.53476503180339,10772.029024000261,37772.08864077216,32.344361823621156,198.4619709400495,949.5294388011002,3.0368984908846866,14.619554163353802,0.1067621184301266,0.47794211265272774,0.00207567927920103,35.204220925621634,60.904404031886884,11.38086304252439,67.13040905862962,67.74950805639595,0.04427433348378761,13.4,180.0
TX-105,45,2026-07-30,13.413224822562768,9463.974113813161,37031.32456677133,25.279914124914107,186.64755578118204,1000.4326168389314,2.7147086490731747,14.623714629723807,0.07975941998166929,0.5416475603811343,0.0022540208732573196,35.73894590412345,60.806294742290916,12.073589111019476,63.426869999186046,68.48024554667184,0.0628990552676167,13.4,180.0
TX-105,46,2026-07-31,17.29441281517977,9653.347886399788,35079.66353644627,28.62738274106832,178.0755769158519,914.2121101297042,2.792253667880402,13.094926667408629,0.07041734891716477,0.4218098249897164,0.0018885721616916083,34.91490502957508,58.68704878475653,12.650739427657228,64.8033603746511,79.6150824847892,0.048170892098122926,14.98,174.233
TX-105,47,2026-08-01,12.638647094378683,10057.058785569307,32474.650975963355,32.82793250930692,181.9107154003557,973.4586021226759,2.8307721268790424,17.125067032619835,0.0775475362282337,0.46611151496355896,0.0021142804840545712,36.170497093426754,62.499913362472384,12.041366163680873,70.51323689236027,72.68268360139656,0.06098767622362973,13.4,180.0
TX-105,48,2026-08-02,12.173457009122085,10210.100253431627,30316.61391828711,24.52556654798835,210.00114399288515,795.0048918239581,3.2134748053945925,16.812916241624727,0.08997359614563444,0.4515523522162901,0.0018577440152435785,34.03418768081581,59.84817966297612,12.102090624888081,64.08196963070958,88.39487392149458,0.042805961803130246,13.58,179.343
TX-105,49,2026-08-03,19.174299537765936,9479.380381843943,35145.5551398831,36.05183034912461,223.30865957698765,866.3793681839812,3.2775348600356726,15.842358167328452,0.08920121642814521,0.5307974968574037,0.002558747651615712,35.47170066506263,60.849534568606,12.672154978200707,60.61707017793458,78.68179738565031,0.03983240425161473,13.4,180.0
TX-105,50,2026-08-04,13.2303391779066,11080.970890594252,34493.47678068238,26.438214485043414,223.7470766106006,824.1858397726098,2.7762904279051615,17.498104335972332,0.10085535130615919,0.42192014774367353,0.0021631968842967856,34.603534117953494,62.309777229795365,11.393813052365866,68.15367792117777,89.20558425892571,0.0414905677618843,13.4,180.0
TX-105,51,2026-08-05,14.420360937725421,10194.312637072226,33285.30849489165,31.493341440183993,196.21092778310435,880.3945942725308,3.024469196354056,15.14252943115713,0.1032776153815208,0.4700586827271608,0.0018334484826950741,34.88141241117517,59.93286353814631,11.561150660053384,65.97181892625805,60.48190601059842,0.042695337410910486,13.48,179.708
TX-105,52,2026-08-06,14.160216521391437,9571.942406484697,38258.39602961778,30.238957640399892,204.25863559839374,861.3415433627631,2.9921105398135195,12.569493071394533,0.09660365927809854,0.4531495785702122,0.0019167789245731514,32.4400834336975,58.30799518733471,13.463926404514334,67.49119324732263,85.55231468732185,0.06387721269670923,15.43,172.5905
TX-105,53,2026-08-07,17.018962272493432,9773.565657310433,32925.49810746875,35.88115313415391,202.0285100222749,1099.5218253105525,2.817451011994623,18.94579170956096,0.0968641641860849,0.566802429862935,0.0025090075211697364,33.977050071819285,59.2725028825637,10.967020774301469,61.31016653522533,80.3365348041996,0.048033716297509785,14.27,176.8245
TX-105,54,2026-08-08,15.15709896957041,10278.11956748664,31285.22633257017,36.58404182682099,193.76917576838022,942.5921044990286,3.3103564196142736,17.741593121527682,0.09790285224433934,0.39381812704785346,0.0020171382840360685,35.2007068581616,58.44860871128982,12.14749065443294,63.91694469582112,64.25796840573992,0.05671484895009284,15.26,173.211
TX-105,55,2026-08-09,13.308824547306612,9796.810392631465,34074.84230542583,36.33038649448673,199.94664430036215,906.3279856436657,2.7796819228068017,15.92573364450981,0.12698636096901345,0.5323930408743254,0.002206060088400457,35.606230205884344,57.929636035033255,11.123881168300862,64.38503781920262,69.19308766005419,0.03935462975244002,15.88,170.948
TX-105,56,2026-08-10,9.383472777388278,9326.73539343293,34486.9488853148,29.80864337320187,184.91780051386996,906.3140170146581,2.783083179545812,17.181147174747696,0.09676748471950326,0.5348165440700857,0.002060964128688408,33.597928960755944,59.86401273639424,10.764375900671316,64.67563748534924,69.03895346215448,0.05381963033484809,13.56,179.416
TX-105,57,2026-08-11,10.972936987601397,10007.350912639718,36144.83116512639,34.69653475397156,185.50942937944848,901.420077776574,3.092073486455787,18.094252559085536,0.07037339878499727,0.45444487274644757,0.002841338747820824,34.72690271604402,57.16350928514509,11.417449856651833,56.69338033560692,76.92736569964923,0.05809784760278219,16.8,167.59
TX-105,58,2026-08-12,12.26501287149374,9764.638038874247,36847.308310737826,21.410261283326527,174.37526879379348,881.7507854627488,2.6238325812665906,14.412266205052825,0.07472499361186957,0.5107156742960753,0.0019552300744460033,35.54919049423303,60.30059925072044,12.206690072496023,60.66107793640966,78.94073241315898,0.04669133598195558,13.4,180.0
TX-105,59,2026-08-13,14.500205077051147,10524.132188195405,33561.12888696621,36.92004194998217,229.7101075258977,960.2227549891497,2.509689594616289,10.627413508746137,0.12157669828519882,0.505569253066554,0.0017764407587535613,36.173562343755606,58.70766167868329,11.575844741769057,66.57467109295098,66.09117734708099,0.04890519090392933,14.95,174.3425
TX-105,60,2026-08-14,18.267411551740086,10105.555371810566,37494.85267364736,35.834913797847456,200.98927672751967,713.060689891409,2.447113852392347,16.52666822476898,0.06899497159429427,0.4836653705706525,0.00210154418410671,36.46957069576151,59.13747045531838,11.356512290916871,64.8426627005135,77.80730375848081,0.04845753172603906,14.44,176.204
TX-105,61,2026-08-15,18.14780504665743,9600.428083485764,35240.32186675809,32.39574725918284,192.84376234162164,967.1767949247974,3.0744792706211745,16.577691426304547,0.10388208216097665,0.5188202285743614,0.0018102824729451935,34.36922829480878,61.836594719893164,12.635510444520332,61.9311045013328,76.44690739723865,0.026262239464645745,13.4,180.0
TX-105,62,2026-08-16,13.27817950890175,10480.513838309953,34749.70882257768,30.7620287564082,140.53470210998597,868.6197105491078,3.1691361119136063,15.93057975079668,0.1192471142266873,0.4894871124113286,0.0019503032562127552,33.66788257059014,59.6932176912402,10.7384249376022,59.45638964058375,66.31856503911537,0.06508684907803972,13.77,178.6495
TX-105,63,2026-08-17,14.18831639546017,10109.938681511683,33973.00749760389,21.222492010948844,219.5984980396358,726.2241488115529,2.722603661604171,14.890770238299877,0.1046097928685971,0.4636765197735565,0.0014486115550835076,34.19890670766456,58.8768630185705,11.22690650484492,67.91017577062281,65.29117777488686,0.05300979274438159,14.75,175.0725
TX-105,64,2026-08-18,15.474891111653747,10480.227538735835,34733.736256526136,34.13368364432642,197.44574127981113,934.751402126784,2.24852945637638,9.723443847417784,0.10755093707131708,0.5215591563019615,0.002142650699945565,34.47506748524532,62.23458337831556,11.540122184262978,66.26263705901711,79.75708980003263,0.0671874015974911,13.4,180.0
TX-105,65,2026-08-19,14.0489111406305,9673.403546885424,32003.709231169352,37.94264554178128,209.3322706833154,936.2448884715442,4.55835212066196,15.650089482372598,0.07395357189799937,0.4902048212503512,0.001707565277345404,34.60413160541723,59.39611559586809,11.41297560893295,60.82015248393381,87.74001306937836,0.052988480444383944,14.12,177.372
TX-105,66,2026-08-20,14.323583895899285,10378.818914757872,35942.134549698785,31.562045872309444,214.61792249833258,910.7147795006925,3.3351107284957955,16.50622460175555,0.10325437470065607,0.4889802753251942,0.002459119340436173,34.522098460226566,60.58697040064102,12.413908410739067,63.1713264432091,68.53742091750806,0.04646147979130149,13.4,180.0
TX-105,67,2026-08-21,13.523349440473176,9270.934719180568,33697.00983496145,31.51748883190231,226.25074122661945,944.3513068138907,1.700232750814881,16.282607429514655,0.08883696428208565,0.5226540037343882,0.0019957594222368116,34.80731237391317,59.846646408056785,11.97757569173022,69.03321491627074,74.8427185033193,0.060855361331812005,13.58,179.343
TX-105,68,2026-08-22,17.81971759753697,10333.522773791827,31426.762359740645,35.77231888966782,191.78775216158718,957.2581824859818,2.513733583379793,12.629851913393487,0.13952777473662398,0.4521508466580943,0.002343831991715524,35.118420321436524,59.36981991245974,11.955171115669794,61.09671651040607,74.88996496312616,0.03917259686104041,14.16,177.226
TX-105,69,2026-08-23,13.813668617058044,10462.649781984788,35508.381353115314,22.78108481458747,217.98944908322778,899.4320190472686,2.7289073657953304,16.49335260781786,0.09665586326045995,0.4417169330047144,0.0025543429134348814,34.98271255710901,59.877922193276675,11.59489482826941,68.53989721837277,70.80097193486368,0.03455020141188396,13.55,179.4525
TX-105,70,2026-08-24,12.963967014312065,10663.387300227396,36664.264322914234,28.919640745821063,228.43869787841135,959.8353783057506,2.8667053181826967,14.66818028979784,0.10658635463890868,0.4584056525168092,0.0020013515196528053,35.30851336461329,57.46955064208719,11.810679677432102,64.09083144390293,83.22454415968258,0.03155503006188966,16.44,168.904
TX-105,71,2026-08-25,13.855481940888868,9759.122676317707,36920.1419278432,29.979767862426197,236.90939645930067,952.9770705525109,2.7948885029052404,15.479317393117917,0.09291862381261085,0.542969804524521,0.0016003406860126963,34.17630402342866,60.68353487783238,13.22575644872362,58.394094211582406,85.99576972792333,0.04859864871571994,13.4,180.0
TX-105,72,2026-08-26,9.34837511418851,8499.13607905533,31941.22786838344,30.101758130153943,199.68345129072708,950.6560347767448,2.7252564112195183,12.783918907107658,0.09173827224678215,0.5016805143455788,0.002069231838486583,34.210835300727595,61.35217005050304,11.378603228275967,62.39084791302529,70.66086792425368,0.060748401757026074,13.4,180.0
TX-105,73,2026-08-27,14.601610641178022,9652.743248465114,36852.21550089709,40.91680680925498,205.20897323373515,998.7073968692347,3.5180389752873946,13.788720496683334,0.10053268360952465,0.4358727685148006,0.0019385173200915096,34.37380963087428,59.395671064236545,11.250104968619663,64.1387095754133,79.25786149011931,0.048805080895600046,14.13,177.3355
TX-105,74,2026-08-28,9.406880406733844,9626.939717550757,31961.201294883496,31.426146939550375,211.09557632929142,920.5238577483332,2.6062978033503064,15.493707858262432,0.09059771488462251,0.4430887275124874,0.002222578975912679,35.81802775372377,61.42334322162526,11.391651399967543,68.53808693807923,71.05134198937546,0.056535013215385135,13.4,180.0
TX-105,75,2026-08-29,13.467262014699974,9888.008918127114,30157.64428522162,28.69906143768725,202.86493688455968,867.1960306108929,3.8780940340425696,12.675067829349448,0.08872837525792149,0.4547563695007073,0.0018308669063013586,36.03141306294071,62.21704769149044,11.299207389081058,62.83097737183039,65.74297081124868,0.06306285386519303,13.4,180.0
TX-105,76,2026-08-30,18.363013220748908,9947.009100005607,32207.801607386238,23.678096382620854,204.46963505720245,943.9470334757199,1.9669275974894258,14.357380178924235,0.13236591779114767,0.48912453966848574,0.002446891427237187,35.64904612895568,58.37358059874696,11.707328706648145,64.6139172843659,67.37990745525195,0.04030131977189059,15.35,172.8825
TX-105,77,2026-08-31,19.520305776355684,9511.319690153525,37156.87215281736,28.031768518207326,200.5581679524986,944.9475534590858,2.700720663547661,16.135808626989068,0.05907140600903236,0.5219853694207318,0.0012594409626285091,34.773153273301546,61.28136447797774,12.622295306058376,61.10476856311418,65.64268483125187,0.043113279596773656,13.4,180.0
TX-105,78,2026-09-01,15.558647587074404,8984.033404978149,34973.55284830288,31.774119479163023,195.4241194333938,942.0256774442441,3.111862079163102,13.916691481202209,0.0612762127948102,0.5066706540785412,0.0017140773904310068,34.42165737513845,60.71868632694463,13.41733338343435,64.88581962967397,79.43251869156697,0.0355552065884711,13.4,180.0
TX-105,79,2026-09-02,15.736570742985103,9970.047031161419,37458.455161252365,27.517461930149206,196.26601920821753,984.7051573706236,2.9539831038026754,12.782317237425463,0.15103266546580246,0.44607036183316334,0.0019805899755351427,35.346688156025614,60.401426263546675,11.810256295993602,64.44571888842107,73.12054506969636,0.03884066141408628,13.4,180.0
TX-105,80,2026-09-03,21.450657643268187,9890.004541143311,36193.86198564619,28.549271722015252,194.01740660500673,863.564506986428,2.225077106005375,14.678757719758462,0.0918598469136114,0.5585762254592388,0.0016409899647246455,34.422852822445144,58.65233929986888,13.44253039401181,62.39177466543599,79.4983987578091,0.0597016147340598,15.02,174.087
TX-105,81,2026-09-04,14.561631265753775,9311.594499529765,32271.69228247262,34.52413803453397,175.91470817677072,931.362128884793,3.057174554910298,15.754264968622055,0.10943169615691775,0.4533164607791049,0.0017073415462955776,35.7149271341004,59.055983084153404,9.249851507994851,66.9462658936516,66.70990969544985,0.054671358779052534,14.53,175.87550000000002
TX-105,82,2026-09-05,19.178465547950907,10008.381228630973,36991.53166332706,30.99708781336487,232.88908361624223,815.0314312994315,2.995892509791755,16.346323210082936,0.09619176485979909,0.5576109498326335,0.001870388138146766,37.069371151628886,63.18329625640837,12.2820719962273,66.65780354106386,84.5333714849971,0.03812802601032633,13.4,180.0
TX-105,83,2026-09-06,11.063999956266628,10628.209456928817,35547.976945746,29.098354880915206,201.37687161169399,709.1166822108744,2.904718842771499,13.493906521613553,0.11836143267230165,0.5497515389192003,0.002173004070238973,35.39545864879914,57.7539798769196,12.590643079996875,66.88819383657015,84.96154123014983,0.07118209812430197,16.1,170.14499999999998
TX-105,84,2026-09-07,9.922317979285175,9805.761587190893,33515.46672568471,31.096198752869817,201.436351219083,881.2734341535884,3.513802180700587,12.797171577638434,0.07917757065214788,0.44878873644509787,0.001891901723772204,33.771409784088156,59.9271427668011,11.834509805369134,62.64045465800276,81.99013003244957,0.04940499471713263,13.49,179.6715
TX-105,85,2026-09-08,18.187942092095412,9902.475074397784,34951.61022353729,27.422532487666178,201.04129174466397,956.9785044905638,2.794332883864851,16.036823925069328,0.08374506077908518,0.5379525282761105,0.0018260282518064218,35.85167987322905,60.0914648136505,13.520953733391064,61.53779682123737,63.19058581350505,0.04383782754024433,13.4,180.0
TX-105,86,2026-09-09,10.84616715589706,9308.63255278586,36243.10152091975,30.218332244141735,191.60251152193996,869.0429922155654,2.7013811678368302,18.300738335638087,0.08528988584713927,0.433893305095835,0.0022388151852458984,34.78424437665218,63.058160533226825,11.473794361205865,67.53795253927038,83.65757864479444,0.044786641677979966,13.4,180.0
TX-105,87,2026-09-10,12.771237696272893,10370.683265465452,36149.78383582786,23.188957407780684,178.64132683058216,697.0855996041596,3.297693426989401,14.476345613728508,0.09675699158049436,0.41542779511490735,0.0016705692940732022,34.522041087432434,58.99151159977827,12.117836075517632,66.75040437989544,93.15690055428158,0.04979982969969075,14.61,175.58350000000002
TX-105,88,2026-09-11,18.346207989290836,9585.013611510112,31650.10737004929,28.483281377914984,169.2695136998432,901.1738533735282,2.6097729377456673,11.091457226490828,0.13472050291720356,0.473121914344731,0.0015087142091167408,35.89817179050729,58.90707845619107,13.090166033690663,62.799816995965855,70.67281847789762,0.053448317094770464,14.71,175.2185
TX-105,89,2026-09-12,16.779658142112332,10384.241868670299,34820.51772254134,32.890654919368814,216.1504286964479,916.045531085348,2.9286709433678517,12.10941010353774,0.11198348313559978,0.5021086849570575,0.0018759152442947879,36.27776636359166,57.85824955063003,13.644036315364886,64.9331801640966,77.54014542802318,0.046049558854697296,15.97,170.6195
TX-106,0,2026-06-15,14.581170304602662,10167.372453446396,36352.45089280519,29.009834007805495,156.14920317591162,776.6670924333899,4.0260098118816465,12.814928032455768,0.12854098916478418,0.45329566312912023,0.0019452632270816398,35.6252082595999,58.76970833012869,13.592215135759055,65.22718507420524,78.68680677039735,0.047323929919808744,14.88,174.598
TX-106,1,2026-06-16,16.976160861051273,10789.39636992493,34737.42812475357,38.666942428629206,187.85997620683275,961.1276831481368,3.244557168121525,12.86283585463526,0.10427619409274665,0.5003682968925186,0.0017440423471169466,35.35800243419413,60.21943431916278,11.927413052692783,64.79426759282394,74.27991792861104,0.046323003787536725,13.4,180.0
TX-106,2,2026-06-17,15.419502285044945,9678.04289381811,40313.618982939995,22.990090722439472,188.48906320414108,859.5406316338448,4.0202467071622685,12.359730700045002,0.10851844595972221,0.512419703252327,0.0021000806914023644,36.23634316261094,61.823744039620635,11.549043173479882,65.58205234848197,60.08718374278285,0.050990930085219294,13.4,180.0
TX-106,3,2026-06-18,12.618031716504243,9906.808787019741,31629.25627036661,32.07949685824445,166.34430321173323,911.8627685433269,2.386747203488725,13.300717929728231,0.12309464205090326,0.5293958972956812,0.002344760941301163,36.55972713250129,58.84074193929035,13.498971662440871,60.6034830314633,80.96880267635923,0.04506662285400029,14.79,174.9265
TX-106,4,2026-06-19,12.209099572082051,10307.234933652222,36889.90305033843,34.64985583276483,204.66476727555633,910.5565841063391,3.2634332928499514,15.607528151034382,0.11082711679171961,0.5101999730555357,0.0022528351473519092,33.37279219344957,59.80308978737042,10.616153506154413,65.83010605281466,88.13544140682959,0.04525915218053032,13.64,179.124
TX-106,5,2026-06-20,15.381756090891646,10378.243357460819,30864.55413646695,27.481339963694186,207.74977505753262,668.240421947418,2.5115957534625144,17.20171594676258,0.1200599380090145,0.518715911368505,0.002264659291982953,35.21510423442146,60.83309236116347,11.684346291159386,65.34743804876628,69.94103690867342,0.06263483344182313,13.4,180.0
TX-106,6,2026-06-21,19.564678228506605,10689.956400348537,34183.78247664427,25.34140065247271,226.090827461494,943.512576207313,3.1642921707618212,13.732735830109709,0.1085132762527353,0.44573609701690325,0.0021902187068237097,36.37888669960621,62.44656831586193,12.708524054109816,60.853935351136634,76.57864104756817,0.07139681744057713,13.4,180.0
TX-106,7,2026-06-22,12.394165228673147,9970.409213544892,37827.048703601955,33.214318934549105,250.24637311060798,841.370449341713,2.505122107129589,17.448250871670346,0.07608242743456929,0.49016160055912317,0.001980306036542127,36.035989473385925,60.92140195203787,12.457064914176863,63.792707366295,84.72003215265555,0.09025824042727265,13.4,180.0
TX-106,8,2026-06-23,17.073846296768746,10049.836103773418,32404.27405801568,26.959620552478434,196.4609343163749,857.2319807786293,2.991961082736576,18.556032153614574,0.12494333834738469,0.49205836417658727,0.001637516016600242,36.337367642902414,59.92641858980795,10.273499574397645,67.13729035547911,83.20549347386772,0.025740915950653313,13.49,179.6715
TX-106,9,2026-06-24,12.52633607360129,9944.772994346144,36469.02182261724,27.58667335082637,184.1841933302574,958.1735399744226,2.7658388133429206,16.084109301097396,0.0777696869005082,0.4323833490381801,0.0022265807472711193,35.25251991031721,61.38368359985431,11.467406999078559,62.614684092560765,85.88575110032728,0.0347704123600553,13.4,180.0
TX-106,10,2026-06-25,18.754382127541874,10660.25235374119,36720.17902853215,26.744747163778012,184.58844700964409,883.195538160144,2.3524801615843005,13.076612002492807,0.11289468583018093,0.5324674557112079,0.0016851275520395133,35.676121935300074,60.681454958609706,13.509886254577104,66.70740932560257,83.46864842987503,0.054770775909302113,13.4,180.0
TX-106,11,2026-06-26,17.939787329091565,9356.441421716112,34756.51108577818,30.00724938257563,196.13581717986074,935.5109304253381,3.3171898272478755,15.784514154142297,0.09646112237557325,0.46321349600774375,0.0023291558222468703,35.34973281661384,58.472079212400885,11.806312458350376,59.77010096687792,75.28296491477954,0.04801620057401404,15.23,173.3205
TX-106,12,2026-06-27,13.276599148933986,10792.300094901764,32687.691760915775,33.752506457007975,244.83687171161898,986.181432297335,2.9842306089511164,12.731862721153345,0.0727587564683109,0.4794224152521239,0.0017938997798258277,34.28045309104187,59.51052981679313,11.897752907114313,66.45563584293589,65.09763024430056,0.0431775620386695,13.99,177.8465
TX-106,13,2026-06-28,14.520983751532556,9902.257403288366,38672.84741482684,31.400153137098613,168.92280462820816,933.4545089269412,3.2728318613719893,14.749743943510524,0.07573206651181598,0.5879027347656731,0.0016790348259256229,35.660772206415935,60.3000757935959,12.60081054902977,70.12057377250198,79.49311097712828,0.04441335772956467,13.4,180.0
TX-106,14,2026-06-29,18.317976825383884,9684.45027497794,35327.116022790535,23.7918806082834,180.62086869507672,904.1109336348949,3.184043354290436,11.595218754617939,0.1099457473600133,0.4590285511700851,0.00238390640470135,34.64803557117549,58.31456659567502,12.075804557959252,62.251294996763825,85.151561131465,0.050005302075331,15.42,172.627
TX-106,15,2026-06-30,14.544970130720138,10295.900509465504,32990.105121599416,23.829908846602805,209.54541720505964,812.0263433592953,2.4499949231252716,16.673512062441777,0.11050128219967881,0.43730852287735444,0.0018142591871175991,34.09626844405368,62.66447894706087,12.906010427570608,63.73746546198418,79.60955751474793,0.03643813814069171,13.4,180.0
TX-106,16,2026-07-01,12.98206154643152,10052.431632970944,35904.46149829183,29.80675997056118,206.43054820492654,906.2669167962501,2.918211298988841,14.407708815618212,0.09147470254644433,0.5115968754314294,0.002123244676759837,35.198359167318834,58.23210442499841,11.001072148856812,66.1966454178442,86.77338640536702,0.051524154615587556,15.52,172.262
TX-106,17,2026-07-02,13.764994762569017,10112.170227721388,32726.357154973142,36.85714985569374,205.2940532552177,846.4434229431562,2.9166022669535625,13.94592753587277,0.1262333995363367,0.48988799552764706,0.002046609723834678,35.57372645665129,58.88885009435319,12.193709466135157,65.82330670818263,62.56736943183503,0.052526964887776105,14.73,175.1455
TX-106,18,2026-07-03,14.862713805170582,10064.983146057999,35071.25942698113,31.626661912644863,228.40092725299542,805.6394070331912,2.82892383224979,16.333237257925674,0.10961851735455823,0.5229702776671042,0.0028260731647020013,35.614135524116705,61.69640669438254,11.692927941147492,62.02126287830815,72.48546056613093,0.05711960171343405,13.4,180.0
TX-106,19,2026-07-04,16.220483564487527,10201.62568529944,34571.31122640574,28.480177928712603,198.14881022802183,957.958036013217,3.4203637140852092,12.987516700657544,0.11524685118862898,0.46746393846218853,0.002140676495552316,34.808034257537514,62.348682823858475,11.581925371018855,65.53583552268435,79.85274526047542,0.04126041149877118,13.4,180.0
TX-106,20,2026-07-05,14.781428833719165,9866.70755768843,33972.37303318805,28.168954490244307,224.0781394510384,852.1159412191734,3.283203941335803,15.629190004062288,0.07206039768449649,0.5259584719213221,0.0015759460370726916,35.62809182816516,59.23921253530373,12.008367253256452,61.117160151120984,75.97905858883853,0.059269504179706195,14.31,176.67849999999999
TX-106,21,2026-07-06,12.579103715932138,9696.416456927995,35909.242047134976,32.78403959077822,153.24615389454752,1061.2325091026219,3.264276741774166,16.393837324905924,0.09712919106675967,0.4072323245723878,0.002202416618375072,34.434811971769115,60.81589754127501,11.781198929737272,65.71411813734913,68.80002894872604,0.05864388942678932,13.4,180.0
TX-106,22,2026-07-07,11.434862881626984,11122.784712669594,39475.897269974026,38.56782437475911,227.53121195262295,893.2361313413087,3.5832733528736043,14.807647003447745,0.06892964915509386,0.5751600707015344,0.0023386473388767514,34.968660892344566,58.162223614003274,11.413799323421026,59.53656324533747,82.56064682094382,0.0339669103313582,15.61,171.9335
TX-106,23,2026-07-08,15.86049261044003,9578.153326110156,32146.593110001046,31.614480388702436,195.43753690530727,967.0551284340294,2.3661973656356468,13.485370709052356,0.052247155830182176,0.3907826658836039,0.0025394577229935537,37.08359824409967,60.13908930783593,11.176171234093488,64.10465322352968,81.9885936198909,0.044856109801779544,13.4,180.0
TX-106,24,2026-07-09,15.712901601125068,9993.621974759375,33862.374659834284,27.81011966723325,208.07183441967317,821.8489490890047,3.225864672811758,14.056842080701635,0.1025473460929646,0.569198128308428,0.0019495423864319143,35.919804340191995,57.31195071617426,11.529636986359405,65.08306586322821,90.38664543365167,0.030400479167401098,16.63,168.2105
TX-106,25,2026-07-10,14.711370414321669,10728.344425458132,33429.95918946626,29.39526781994728,208.93208906148894,914.7606842978224,3.782885237727207,15.896947620146463,0.12655545791028439,0.48199958213450445,0.0017778423766249111,34.77427680698037,58.2613453599486,12.483511696210096,63.84236566173426,69.6256888001802,0.05498658409621002,15.49,172.3715
TX-106,26,2026-07-11,11.568852666077134,10385.251106927897,34043.32522301728,36.27332256742957,194.53445017020192,950.5527733246339,3.089781186886453,16.487803747428973,0.10219893784295254,0.4168301293828378,0.0023026380617726396,34.91231707754209,61.18427411603222,12.690246476868857,62.68011055696597,67.68163675859762,0.05655355101449004,13.4,180.0
TX-106,27,2026-07-12,14.09025291176846,10468.214639733249,34643.598114273955,35.61326770908312,210.94718379339042,923.0379994971319,2.812994400629863,15.464855228123033,0.12385705429905419,0.49728922706683404,0.0021593523331051565,35.046360076249705,60.18690606411813,13.723410756938298,68.60519009311865,75.63523052156575,0.052144540879360345,13.4,180.0
TX-106,28,2026-07-13,12.894388489347094,9913.514226867523,35618.79557509723,34.76766524457034,217.55740442184188,811.2592755276391,3.488491365339316,14.822452641244894,0.08026017288644924,0.5668192368715961,0.002438983699021386,35.26374698234066,61.06319040285785,12.767449208744432,69.18731645843675,80.8245482034538,0.03672311722561432,13.4,180.0
TX-106,29,2026-07-14,21.02942324691338,10532.828444740022,33980.95158945447,25.384850409820682,212.76114746612032,877.7391969305936,3.1649976769994796,16.486813682556527,0.08867116224006409,0.4441946003657831,0.0021157455403615936,34.46661214472303,60.2191436785986,10.656673563037735,64.24345182657609,80.71961512831997,0.05605932507646797,13.4,180.0
TX-106,30,2026-07-15,12.634926087380194,9415.867815340975,35031.52737950358,33.3565182315878,210.86027403630482,859.0272124510952,3.1489122212433016,18.004710942551988,0.10410289374618056,0.418342603209069,0.0020609601014301925,37.04395697121261,58.068913780326604,12.029724661829022,64.3209937009036,75.76706367420051,0.05194252153153772,15.72,171.532
TX-106,31,2026-07-16,18.419915958188774,10042.391643200406,37554.519114424096,29.981454427441367,195.84592812737625,846.4653613569116,2.091456485439924,15.551562823851679,0.14108000576943686,0.5229117738642931,0.002206024206248504,34.58696867498554,59.633499913089494,12.984641488333262,71.02608092086946,86.90358348637456,0.05805244629728022,13.84,178.394
TX-106,32,2026-07-17,15.105451738171526,10104.859457133662,33492.98536114349,23.34727358974352,180.40458882608522,903.984002761755,2.8540038692866614,12.06111659056063,0.09925353241900528,0.48407848377670276,0.001648145343414776,34.62982098937993,59.518570498925484,11.383362860075533,67.78001049432783,59.7767875032535,0.03014201009289029,13.98,177.883
TX-106,33,2026-07-18,15.009857353347275,10048.063594696154,35808.43027203795,27.91162212974436,184.67397225385253,899.4147093844042,2.779210932326002,18.10214280931139,0.09351545500149618,0.4973407424141461,0.0027426254418793827,34.805239773269314,60.834235297798635,12.646309433386353,67.19420493115464,77.31589812329003,0.0519384079441051,13.4,180.0
TX-106,34,2026-07-19,15.301002869511349,9712.003048883113,35651.03760567854,40.76809733314581,227.33797890938544,924.313441777971,3.427914899052995,13.261648182538696,0.09478975691600564,0.5473924922092027,0.0024461501580374575,34.22913382790462,59.27461753586526,14.181375793878537,65.28878374930692,89.58689578160303,0.052068573172757926,14.27,176.8245
TX-106,35,2026-07-20,15.738540846976306,9847.254556170052,36885.110283020455,37.43213437242588,182.51618850171207,871.8039558223651,3.4575392621871104,14.740902724431344,0.0901322906293358,0.5504771076934701,0.0023310359614137533,34.550357909327865,60.318549791981916,10.791525204095766,62.313557268563905,75.99332185706704,0.05031406787579844,13.4,180.0
TX-106,36,2026-07-21,12.099371724808098,9642.013037637213,32869.911260088884,32.93692438035496,163.95534154510653,819.0738216351843,2.0685292260838395,15.83804120771596,0.06394532899890598,0.501586459926777,0.0024918572047242273,36.673433981270904,57.291138646231765,12.298409601630956,62.03308611085863,65.45491171431793,0.04886530045609926,16.65,168.13750000000002
TX-106,37,2026-07-22,18.684873470799374,10299.829437110178,33569.71814303424,34.20517355772194,158.52585121572608,839.7643361253407,2.5880542276493745,15.156641383477861,0.09594344072680001,0.49292644531900576,0.0019475841409681584,35.02240724098909,60.81019645043734,12.149331026102383,64.14694455018632,78.21398623843825,0.05826123543652764,13.4,180.0
TX-106,38,2026-07-23,13.331922327832112,9970.298634663663,37323.81312609317,25.184578659218175,239.58595415289366,792.8676020208339,2.8273176943976317,13.099620006247976,0.14375853993738755,0.4748324985576424,0.0018497476530414403,34.62925126006008,60.143404211840924,11.67155822109549,64.6013395861328,46.766320375810096,0.050571598360018274,13.4,180.0
TX-106,39,2026-07-24,15.053419864459935,10519.284398706197,37618.121896558805,29.778220213478992,219.90838423566902,811.8744975644155,3.3836711713480523,13.855048401730846,0.07630605063739891,0.49072056608979747,0.002420141734159334,35.181005536730844,62.24473222151757,11.251267286184197,68.14355331364396,69.78271970210443,0.05225328671489204,13.4,180.0
TX-106,40,2026-07-25,15.650048485978244,10330.745866962086,35501.48123982266,27.03921630621192,221.28183401845632,1038.5325275460316,2.7080982888719407,11.329535847109936,0.10998639136707578,0.4834409802973926,0.001960669143213411,35.556177755731014,59.3154113552616,11.731148028656328,64.69964144919024,86.75803150388013,0.050300696041135816,14.22,177.007
TX-106,41,2026-07-26,11.29297925755512,9402.060759429442,35278.4598433192,25.106377466749137,172.52151761253694,950.8428792747209,3.3422492014343224,14.263726932212293,0.10587318582303419,0.509406082209775,0.0021807258157907254,35.6047499039398,56.09131711870916,11.759501041517606,66.5537125645344,71.71634727168788,0.05036202639259827,18.09,162.88150000000002
TX-106,42,2026-07-27,17.25209994503423,10040.46261662608,38015.83883446973,36.406827206492665,201.4881966660066,884.1563063420177,1.5748379473993177,14.346995606218949,0.07293462214578947,0.5110614771000311,0.0020458612133360007,35.69585575602678,62.09500570792229,11.973730570328032,71.84124893576958,76.85961156175924,0.03689783606283367,13.4,180.0
TX-106,43,2026-07-28,13.313784374669641,9813.626649846088,36184.254302306756,26.05402491882358,197.99185444366248,887.1167775363131,2.775939596172228,16.62283076335944,0.11282642776930712,0.558328356755198,0.0019006924456666401,36.202527567647905,57.95400437103443,10.611615699010143,61.35859494172636,75.07369354105671,0.06202378116577756,15.86,171.02100000000002
TX-106,44,2026-07-29,13.19357375808111,9761.653297517782,34567.96408938133,33.672793511791376,194.49075840717404,857.32664336668,2.327302368321155,13.856557777645758,0.12354923505870666,0.5045463004239238,0.0017780436469256255,36.23614397272893,59.12217974690972,13.419955579482465,69.2108209337003,75.44809301099735,0.035014504726283126,14.45,176.16750000000002
TX-106,45,2026-07-30,21.868501846037265,10193.638028132273,34352.22595055882,35.60767094361141,218.1812125891076,1004.8750679909152,2.668826105660052,15.636946825548785,0.07628259539510127,0.5333167197870617,0.001993116389111844,35.281009255486815,59.7804754142393,11.749011179411639,62.395306477955856,81.32344171747387,0.06489704036741438,13.66,179.051
TX-106,46,2026-07-31,13.329994923269744,10276.770252485547,35864.36724932049,30.88589890136345,173.69513455580145,795.8722119111526,2.6095090244242147,10.721990552856138,0.12816061459811232,0.5183851614589857,0.0019910116854802637,32.809764180732174,57.2641937174694,11.997658611813042,70.91146989645193,69.41084643301535,0.058637980144124385,16.68,168.028
TX-106,47,2026-08-01,13.560292776975118,10027.619629644434,37429.36769778586,29.134030168669458,190.51684343646824,1013.4456443299811,3.0227789105567977,17.182410181172326,0.08629502213230626,0.5703337104480488,0.0020820881823603835,35.43478762621466,60.19744396714376,11.494525018003499,64.99495156851509,71.45927809608507,0.059595460626447855,13.4,180.0
TX-106,48,2026-08-02,14.390828498794013,9251.74638610305,31641.152530021434,22.248576032783085,216.77024912300485,807.8796550901245,3.1500428879192834,15.273149034982827,0.09870582810180446,0.5219202601691185,0.002047491061127158,32.29027025721905,59.514562138727264,12.42510313406343,69.92084843226499,88.49166093265998,0.036368494864147435,13.98,177.883
TX-106,49,2026-08-03,13.95082410206168,9216.942593146001,38039.77015022017,35.96482631001099,211.51448408360466,913.2875889008168,3.690315550174737,17.42265038952028,0.12316089393312243,0.522833992989113,0.0018952315101457512,35.76712483201756,61.22406285788267,11.80936253040804,63.946253243497274,84.06650615646568,0.06664116108769608,13.4,180.0
TX-106,50,2026-08-04,12.751812657255702,9868.311662276014,35701.866152909395,33.35191873289431,194.1472915359304,1050.6816504275234,3.2110476327725856,16.062766816941107,0.13517768163023508,0.4775469187377705,0.0019734704370673165,33.74667777097837,59.74147429161963,10.511072476064637,67.24354806257952,78.35997400055994,0.0472293069296146,13.71,178.8685
TX-106,51,2026-08-05,14.698728876546456,10380.733207594496,32728.407826220206,31.958141556296898,218.6767072243463,757.4180738074207,3.3424690028510096,11.651875073476866,0.09764811032296936,0.4418304447952387,0.0024293739737870045,33.84287894584765,57.524715162051926,12.133352141596315,63.75889105993753,62.96315817068854,0.055258151991548494,16.37,169.1595
TX-106,52,2026-08-06,9.025502812650963,9481.879513708438,33849.56345915843,34.96679265469301,230.68777080984958,988.2225797862059,2.9233631047688835,10.145383510409687,0.10781706042437117,0.5735286869612307,0.0023701371223440702,35.46294900974372,58.21574585349232,11.474692996371585,70.80144319623702,63.66616372268693,0.03852158771849615,15.54,172.189
TX-106,53,2026-08-07,17.827654653495852,9784.420377597236,32636.489755590756,38.61391506241541,214.09141540690447,869.4559068498257,2.4271125820502424,19.094813127719874,0.09951096362506785,0.5698664031234747,0.002268090063382832,34.47909843833676,59.23058832751533,13.44631489793392,69.38755199785993,59.98467219103412,0.05549780260982193,14.32,176.642
TX-106,54,2026-08-08,14.636355585829142,9483.338418530748,35523.49218943439,24.24445368875139,195.6330811254948,836.1221013784026,2.7501043679220007,14.857043012676018,0.07968866676189028,0.5786589514436649,0.0021479849700182375,36.79456302838206,59.75988004638297,11.451210037702891,70.27524684347908,70.37552208100811,0.04821707978010876,13.69,178.9415
TX-106,55,2026-08-09,17.160142231491946,9381.137095851362,36422.5893695873,33.9275514493894,230.44058695358856,971.2035602408113,3.6499891764387855,14.779156198983179,0.08274659362585879,0.6054992707041681,0.00154199131534341,33.57348692112619,60.847692060763244,13.62498604817735,65.5686525377425,82.99442959761765,0.030041972725280416,13.4,180.0
TX-106,56,2026-08-10,13.501365113456588,9063.02609642837,36560.82191645732,23.293037960504336,179.5895960465941,941.1220163969123,3.5309121760088646,14.682063783541567,0.1114034500821702,0.5268894083436546,0.0019353719421672585,33.90529451711375,60.84733711032696,12.613095690775083,67.68207320927078,77.49653139263118,0.03831500086520674,13.4,180.0
TX-106,57,2026-08-11,17.07102048410754,9999.30945988583,34034.525111353316,29.57439388236387,191.43272177385458,971.1075023083544,2.2909426332099896,13.013028130387163,0.0934245423065661,0.58068754241195,0.0023162841647278547,33.35915919675278,62.02702063312873,13.349420216983685,61.47797502193207,54.828333835228435,0.04927778377652758,13.4,180.0
TX-106,58,2026-08-12,18.367273227899467,10795.6309849001,33258.3454712775,39.82584706653029,160.77110979974327,870.555950893657,2.791394665392126,17.304674049848607,0.1259660493187956,0.5477111827716697,0.0015948349853762318,35.86261903179892,60.76356295289024,10.328765614720409,58.79895851359494,83.30391432016621,0.04819900699020756,13.4,180.0
TX-106,59,2026-08-13,11.144453722635374,9895.914035645616,35728.082162226405,30.67007438476075,174.3819270279707,1050.8445522851289,3.502108984493946,14.329245096653066,0.09409810688195425,0.5179743697356588,0.0016611135812779005,35.322676436536966,58.00390134470885,11.929465783154834,61.49428550042943,66.05532814138628,0.0664572261361821,15.8,171.24
TX-106,60,2026-08-14,15.177677682853663,10103.703242700583,30977.240277837354,28.11769970037627,214.7377848389945,915.5309012758004,1.9229850893231473,15.414275833314163,0.1073311760709938,0.564188099909935,0.0018034306643184973,32.75793127986433,58.50484387229227,10.902934961131443,67.21012663333993,53.26610729283746,0.04551643539927378,15.19,173.4665
TX-106,61,2026-08-15,19.277386420731766,10003.606231416818,36792.633632352845,22.912095300109097,173.56564457519622,1014.9793966276187,3.050607682878627,15.206548724418289,0.07763694343786007,0.5050390864475116,0.0016562187294979712,36.18687044890565,64.09174606480225,12.48394105366533,63.09516084361537,54.730733356042734,0.033155358854576586,13.4,180.0
TX-106,62,2026-08-16,19.664585493081407,9485.404078364463,34258.33023662698,34.416095315643446,235.34312320097365,884.033046306893,2.7976665651669825,15.143242057021368,0.08744724366721567,0.4713090398353522,0.002123564035260162,35.185291517834486,63.197407959837875,12.43884881663543,68.45343664428148,66.42971858621495,0.05525157290030271,13.4,180.0
TX-106,63,2026-08-17,12.831055960196823,10197.726631648278,36377.02919622968,31.407188137637956,253.93573401764877,1014.2383815286762,3.5886226664145484,16.528572384740027,0.1352672163546009,0.4281515351265392,0.002411084935397173,34.00875568800048,59.153491321399905,12.561392444061667,68.69966049653218,65.77138694654431,0.044874551223222696,14.42,176.27700000000002
TX-106,64,2026-08-18,15.292596217503931,9906.816997652142,36708.06412247037,48.355860472436206,214.26752613308562,841.1842849470147,2.3517458346805022,14.34949217282879,0.0811950022794242,0.5233774895987712,0.002135606490735268,34.536831795475045,62.97743252067568,11.264552680760106,64.64170679630547,80.11330132711853,0.05892054893769829,13.4,180.0
TX-106,65,2026-08-19,18.8327295646296,10214.24823949662,37101.825401575996,27.869060007256937,224.3346435439908,972.3783320125119,3.756443337376768,11.663128015542915,0.08185633768797866,0.5411570484683651,0.001204590656035581,35.49200617378835,61.58970663739705,11.42362475244956,63.709429999664266,66.40690122208076,0.04478452880268597,13.4,180.0
TX-106,66,2026-08-20,13.522294494114727,9658.57936276724,33524.64364443101,29.857955417837694,200.40281039827588,1049.9305519888844,2.802907428441495,15.688300432383716,0.08846234067047398,0.47052021120792714,0.0014886888386802133,33.42863375218891,58.189502580520504,12.18369683476007,68.22852096585376,60.70668378483586,0.044509231986511834,15.57,172.0795
TX-106,67,2026-08-21,10.899327871948955,9867.861452933224,37151.5389874143,28.99694580912281,205.2064496418195,1016.4182717113852,3.2289504652539547,13.479816288366395,0.1031783057167145,0.45862254942988545,0.0021261446038207997,35.51534015407276,57.94926044925232,12.175149417385773,64.64728022601224,79.3574191773769,0.05831347051019134,15.86,171.02100000000002
TX-106,68,2026-08-22,16.432348812373814,9848.403323310124,36866.660041728,26.88442241049445,179.83824159283856,644.377065235136,2.9649295241314224,13.35690712101313,0.10795508952150702,0.4014386302977816,0.0018058464347301502,35.470269905864484,58.45524578047653,12.409256748612862,63.32893221479588,74.73753352176001,0.05595158006416856,15.25,173.2475
TX-106,69,2026-08-23,17.858391069345938,10046.246205660304,33371.97941024251,28.977920455030485,219.07968109638284,818.2997133213914,2.910966701679897,14.228231803277051,0.09793276433362072,0.4495358735375311,0.0014444166943363666,35.52074261595964,61.44619713523297,10.207825042501844,66.10677848277865,83.66546331876141,0.05595911046762324,13.4,180.0
TX-106,70,2026-08-24,13.7499894639718,9528.25181512462,35161.95615869998,32.52541853604616,208.34861643217678,885.5892295905948,2.458674137938621,15.845376582617703,0.10941708988827048,0.5100411062730836,0.002033298093521377,36.679249487746105,59.06343182313991,13.281435097456656,62.797926592334484,83.87160458365142,0.062333675500805444,14.52,175.912
TX-106,71,2026-08-25,14.120846389794352,10830.481527030417,35938.07177349218,26.91850951099195,199.04122669568977,990.6209844885321,3.4615323509383247,12.883919197241418,0.09721485375619006,0.5101761491388256,0.0018477186232773173,37.35779972337472,60.35049561510799,11.93818780909695,68.57255313277427,72.07829172128932,0.06007427610617323,13.4,180.0
TX-106,72,2026-08-26,9.996802813251046,9773.172976877217,37098.140836754494,39.17423879452617,191.1503366977692,828.8142691025081,3.2837232151852294,13.753932210164574,0.09462844164489212,0.5438202512368578,0.0018367693455157963,33.03457424846432,58.04837334659118,12.00995558572028,59.409730554581344,72.62271666162144,0.03607903483756009,15.74,171.459
TX-106,73,2026-08-27,19.919817020596795,11082.571297382836,32883.60579531586,32.62542206665043,187.50006869236714,875.2547518356391,3.9017346639779027,14.06662290454703,0.09427925075525773,0.4528735366386152,0.002343856813299459,31.736733297475972,59.33580401770257,11.954113905864542,63.01676801044726,81.90836406184934,0.062020272839704745,14.2,177.08
TX-106,74,2026-08-28,10.763881461361455,11046.743326885402,32153.48235129297,37.803160549723074,209.7965896774332,859.7039122308948,2.795316535162082,14.932974418679372,0.10416835723727565,0.45399228243142375,0.001929818012696483,34.229327177072406,58.17742570938919,11.182688297542104,61.55007610191368,71.63876069799585,0.05432474905468416,15.59,172.0065
TX-106,75,2026-08-29,15.362131062533887,10987.172388330326,30579.093972560164,33.72509044729783,207.02033285162148,965.2536273897574,3.3582326021552045,14.670016499729646,0.10345302569713512,0.4627965393540758,0.0021841039938063364,33.1211239478773,61.16523965797398,11.976826555763889,63.53881388650673,73.13973440442619,0.04840803765411619,13.4,180.0
TX-106,76,2026-08-30,18.891911281441505,11616.746831624256,37439.74164830076,28.57013516166113,219.57945694125513,953.8663332845987,2.53741963877639,12.478401405558637,0.09873438142166423,0.5403853801350718,0.0015164575197195716,34.27910213234559,60.85897756348561,12.04172361327058,69.24882086179699,63.709060367389256,0.07352164933449457,13.4,180.0
TX-106,77,2026-08-31,10.386022669291261,8985.418140585869,34882.17444100539,25.74284792476289,206.3005995490671,894.1018496836267,2.9021128939462844,13.315177935606442,0.10865312305159383,0.4841331442616415,0.002331099461226429,34.81962774747169,58.553028865700114,10.312289448156614,64.48367170565488,64.84636342909901,0.03650038145995222,15.14,173.649
TX-106,78,2026-09-01,16.58237192744096,9111.164969418303,37824.38675666582,32.23210296285366,206.2907525838806,817.2187247559531,3.382186148171469,14.99419013280521,0.08627806714518396,0.5099912348325795,0.001495164363368186,33.36467286845086,58.319720872048386,12.349527267609714,64.9902250345816,83.39183412444602,0.040800101478314234,15.42,172.627
TX-106,79,2026-09-02,16.724003521444025,9943.06472380236,33113.909610518145,33.378437869323584,205.93926041389028,849.6704644683681,3.020999543572046,14.740939228125216,0.09692623862964996,0.47937034250446003,0.0016085154383319088,35.07476541589487,58.79592843941788,10.979671132355932,64.27790046769218,80.87221235337742,0.051856135076909816,14.84,174.744
TX-106,80,2026-09-03,13.406573374927234,9714.326971066072,36271.626524377534,19.486599143405815,223.29868973719968,750.0787380055729,2.2922960458385098,13.97146833747355,0.1434024828586169,0.5838709680007134,0.0022119463267391407,35.35654237829545,57.20658454798129,12.156758162880699,63.35233544432008,68.46664533101823,0.0515480308997466,16.75,167.7725
TX-106,81,2026-09-04,13.586669971659903,10434.649772984425,31128.090464774665,31.863713577254945,189.86133785734432,867.2291336867445,3.1523132097396207,12.765384274779866,0.1032846427862493,0.48938308973953676,0.0018018239404469334,34.52942751398908,59.76817216321961,11.232163487436788,65.02128342597683,72.7745870266714,0.043887174629330394,13.68,178.978
TX-106,82,2026-09-05,19.76952670170895,10207.61996128081,34234.57553475409,32.236337094531606,186.99877196657013,865.0582714577133,2.839961274780876,12.506412180180234,0.10774708095988836,0.47471936486935873,0.001893359999765779,34.431280140876645,64.43863588596464,11.337384849825987,58.79396913834252,62.200544232329314,0.05759302622695435,13.4,180.0
TX-106,83,2026-09-06,19.00935807504939,9659.101404313573,37557.89933927093,35.23336341450381,203.83746445673364,879.1642972983572,3.0904351132078265,16.75491164430728,0.10794589131190045,0.4661595849100652,0.0019477378858921068,36.981263454721926,60.37682069594429,12.869325426882614,66.6196549617477,77.18686195198163,0.05108698900015069,13.4,180.0
TX-106,84,2026-09-07,17.69217187597494,10359.321117655341,35527.7869560231,28.074979262434674,215.43013556184,894.6393650825534,2.845872044327462,20.357551949932137,0.06921897384584345,0.5479256429528742,0.0017411987167238508,35.1311954893434,63.85288127863528,11.037631005175937,62.82838203551821,74.85989010278719,0.041527830423686386,13.4,180.0
TX-106,85,2026-09-08,17.652169052820902,9732.735281968353,36308.01928029867,24.91622470605679,171.6742217822012,881.6812016837561,2.2157460809812024,18.0365378255309,0.06940393019010005,0.4481156656164651,0.0021240859656423833,34.41363604993799,57.722418045198594,14.03996416007196,61.99509859052128,73.42993754002761,0.0479080747989397,16.13,170.0355
TX-106,86,2026-09-09,17.130927455899734,10231.17623033553,33346.39792453799,29.95141275272363,203.3642955288645,959.916759855885,2.4158390425706995,19.036221113511566,0.08481633225081112,0.49956253016217034,0.0016520031680920275,33.701840988359386,58.688357386383565,11.029476782335745,63.75722892753551,67.16827976989008,0.0569555242129421,14.97,174.2695
TX-106,87,2026-09-10,12.651048314044875,9553.092253274042,34214.06227176546,36.56312170830466,212.29216004632391,892.0248376090024,2.2834776150156606,12.71458308027258,0.07443180119920753,0.5653425611836174,0.0021591689369394942,34.1383794910758,59.153442534261515,11.174709823762665,62.342416350857874,78.68240824972945,0.04712463779215687,14.42,176.27700000000002
TX-106,88,2026-09-11,21.24350323289239,10625.1799122585,37618.960680933444,34.97409066444685,199.63334753838728,947.8232707623667,2.825583652735671,18.260552101456724,0.10808558766099842,0.5131180179301508,0.002038121798728853,36.74026642736086,57.849374499244824,13.838287827668726,64.44153857763759,63.75080819347479,0.04247790268356944,15.98,170.583
TX-106,89,2026-09-12,10.04757821182925,10326.82837279282,32923.41409930696,32.47902259561274,230.86276192626318,846.238645714709,2.8659481534878037,12.393266780167968,0.09223285782097605,0.6287011812636686,0.0022333799492331324,34.735269581106394,59.08246794572743,11.957366604343566,65.39015225658092,71.64744234283394,0.055300591957711295,14.5,175.985
TX-107,0,2026-06-15,12.124836975047195,10185.097728525103,32662.716492871205,33.645086264312695,199.71438775206133,753.7672625026229,3.0547495627804735,11.629706750822011,0.11386724019311323,0.48756428353747017,0.0025553252649520458,36.071312844372606,58.40896124065226,9.979260136158583,62.734696229625875,65.22993117735703,0.06825738086877095,15.31,173.0285
TX-107,1,2026-06-16,14.969056022159545,10466.709402091583,34429.93817489883,29.10166255859677,199.34745954982182,988.5231454873957,3.1558123778372993,12.88533231304667,0.13245028276172835,0.48535922505068435,0.0018633439628370056,32.17049469775097,60.951599386742004,12.101012639661883,65.2997769698057,71.77740263111346,0.044247821598672174,13.4,180.0
TX-107,2,2026-06-17,13.891258719508711,10231.58043556364,36278.2355460667,28.844842058127007,218.97874988633518,893.6820655186018,2.747886790938172,15.396831149814728,0.0728122716301228,0.5116359154539625,0.0015373453683420887,33.97227304001623,56.97196288992507,11.8248830473285,69.82890110692728,74.06338671134851,0.056435853794331275,17.03,166.7505
TX-107,3,2026-06-18,22.05694169193717,10202.027924060048,33469.57591082396,26.862156986320812,200.01316416446014,849.368428379126,2.7209565000932843,16.97050781851898,0.12052312561544425,0.4176553758975668,0.0017545491446299341,34.535995613086605,60.89863341924788,13.143075588505656,73.10590380282164,71.27461362973871,0.04584271285657971,13.4,180.0
TX-107,4,2026-06-19,16.765710046913142,9658.89164052257,34718.07627701897,27.924809456082272,147.56692156191642,909.8586584121236,2.908819520348605,17.5424621005138,0.1001098081507271,0.4372626260842914,0.001922570338106143,32.908917156863374,58.183623247200536,12.635505968152998,64.257978680139,82.38006591598453,0.030331077491219525,15.58,172.043
TX-107,5,2026-06-20,14.27261580802874,9762.243750806107,36911.69716522641,33.36381384083311,212.84504300176596,1023.312803046728,2.8159564453567167,17.670161670601438,0.07911587698240528,0.4459561125117153,0.0022258239714495016,33.4952592615912,60.85914844262844,12.101313193721326,68.21555818596462,74.52444828036089,0.05056048946295527,13.4,180.0
TX-107,6,2026-06-21,16.52779497877472,9668.675224970111,33587.58738501956,32.372147199217096,199.41424381738724,867.4148866156576,2.9586079501511664,18.18911901567666,0.09113963186520216,0.47639901933589923,0.0014877667326012515,34.957647061842884,60.985325266860585,12.836198115680869,65.3246528048916,82.64666858464707,0.05731230401880242,13.4,180.0
TX-107,7,2026-06-22,18.33885068907679,10492.15132773878,38139.9563922145,29.15153416716875,173.45883915276983,953.0974994948336,3.390276594661388,18.13999078676228,0.12562580712339413,0.5972736227932283,0.00218595619409796,35.228810591938625,57.92252531801138,12.30809653451408,63.34248992938605,76.69208010745977,0.050545131863096567,15.89,170.9115
TX-107,8,2026-06-23,16.415200766550406,9951.334645230745,36870.04038146517,16.38422843562471,203.79987150315688,996.1991823322049,3.9350242542281073,16.463922676770125,0.13369766045165077,0.5084467997879372,0.002000858772778119,35.52941564322775,59.995208575663405,11.217642531982639,63.4542792676043,66.10277675139073,0.05528377094865245,13.41,179.9635
TX-107,9,2026-06-24,15.034175437501432,9819.856941620952,33866.63248632542,32.52528173099813,215.6089636122014,809.5588802795854,2.356157665112191,16.90901991124203,0.07249733523022808,0.5273743416911242,0.002485072759626204,36.619234803393134,61.10680888594814,12.708809515322121,71.75572235058937,56.324834696849834,0.04535664323919365,13.4,180.0
TX-107,10,2026-06-25,17.545475547229806,9831.35649607902,37479.55661721407,29.803229698449037,202.63487720675195,878.026026860325,2.7387445205959695,13.905780073704696,0.10542332593673553,0.46127175170885665,0.0022859614650473864,35.65322592460282,61.64912466145476,10.871075644007002,59.90157035964067,74.9665139549459,0.07898800613559522,13.4,180.0
TX-107,11,2026-06-26,18.79862633428371,9722.776845746643,35849.02426886268,33.63793453721842,172.63223518534278,1009.5700695227683,2.9162879365895296,14.81863831078428,0.10047569318867712,0.5572270069653947,0.0017734453525395776,33.29302999521555,60.484432939350064,9.956341913826872,64.09668921459338,84.49499431887054,0.05579093903508739,13.4,180.0
TX-107,12,2026-06-27,18.127068197175827,10310.175682601415,39820.66897756682,27.058801861715924,207.96263354016648,864.950362302988,3.4784006349574357,14.876850247899007,0.1343768975888809,0.4734592022299012,0.002422137957715095,35.59313953054397,59.95130839636953,12.542442337859924,65.78379316258757,77.84763744201447,0.04793128926905609,13.46,179.781
TX-107,13,2026-06-28,12.895234477335027,9832.464440018735,31633.710044103555,34.20974166266313,175.2967205564904,882.588235581144,3.3240225207405167,16.67879343419982,0.06450696126325522,0.4954075962387461,0.0021379234098346466,35.052016109262325,62.01611243651032,11.178193100085398,58.85287660942941,81.48260813414817,0.044629138803815124,13.4,180.0
TX-107,14,2026-06-29,9.724378207242006,9920.743804716763,37461.1159518634,23.68373691093651,246.71991907894534,832.969472437067,3.043505427062875,12.561735164304784,0.10083220697392029,0.49331260891206613,0.001553151829300674,37.825826968950906,59.25699424647196,11.50553744269397,67.90710763806096,89.51403906678775,0.061264368680043035,14.29,176.7515
TX-107,15,2026-06-30,11.39645963092024,10106.954504747331,31237.25503523001,34.50852540661178,167.29623722939075,835.743894111261,2.9983992479843447,15.890013122282024,0.09478130753209363,0.5759541838366441,0.002216971874657684,35.64472475406421,58.15589864702301,13.699367897545402,62.59080456716447,88.90033946389676,0.07022195056925572,15.61,171.9335
TX-107,16,2026-07-01,16.537969597091326,10516.00654883971,28834.160473886262,29.024987922548114,222.0433127983908,973.9608214651267,2.3901383309500615,14.412555920264252,0.04927268989597707,0.5206496420086377,0.001435001479631953,36.13047784278757,61.774087291076114,11.5256331855935,66.56382779136227,73.26321020751593,0.052419083950148666,13.4,180.0
TX-107,17,2026-07-02,11.55822173027055,10311.246311619954,31717.629539551166,20.850349188353093,197.56143366666015,883.1005376310976,3.136150865275875,13.700985019527343,0.1377138333157118,0.5080302494689721,0.0020698645335548676,35.197233877407044,61.50436480342212,12.576017414484465,66.32605369912484,80.88787283892472,0.03175385362952809,13.4,180.0
TX-107,18,2026-07-03,9.639457048242669,9961.970627349277,34604.652234636196,32.89904922024104,200.4003380436701,946.5491947563369,2.377202365219357,14.978510859182611,0.07317886524084433,0.51934289671857,0.0014365144872910038,35.34831009854088,57.79650092865433,11.616472206778205,67.68478307434775,76.81903990878735,0.03354339776275699,16.04,170.364
TX-107,19,2026-07-04,12.982818465917928,9249.3107372616,31610.483000789613,30.58831588066987,211.20596687120207,935.2484736572552,3.3013134074398756,14.976178298228364,0.09453219562500065,0.44634653364688426,0.0018679760984748504,33.67865161467383,58.73225170930962,12.088926870438042,64.64658173737723,99.5178243031582,0.03654204402494993,14.92,174.452
TX-107,20,2026-07-05,14.624703837504654,9288.133944398138,34224.428248060096,28.264534089424078,216.89760052466278,864.0266768625663,2.9043401999719207,14.13936407505556,0.07197896511885582,0.46739488141034463,0.0018854189854748547,35.073825883406386,60.83842093083724,11.765403490288971,64.24347120805596,61.23349473210358,0.05539734517256351,13.4,180.0
TX-107,21,2026-07-06,12.912306338549879,10373.561619114887,37632.87989570839,29.060424866534973,179.53377438468215,898.6641109530962,3.1743509990093193,14.368959997506558,0.08871923181241352,0.5281766105348706,0.0021492734824082585,34.65371035967284,57.51890075210896,12.456378185379453,62.69801841967587,76.71472860296247,0.05151157231679037,16.38,169.123
TX-107,22,2026-07-07,9.333157718872005,10040.540842205786,36029.06505074891,33.185762076552436,202.34731502192625,741.8251164840328,3.6385405310933185,15.82204533508516,0.07593361341259046,0.4606118479920863,0.002069367262788356,35.679784193298254,59.26805571547845,12.825525407379075,59.621699512699465,66.66032791124971,0.029356359901579178,14.28,176.788
TX-107,23,2026-07-08,12.30778457139092,10754.038592272047,39115.60446917081,31.172952341152214,187.23141585462892,882.2688079319246,3.2366699454165113,11.874038296721835,0.08855001648037591,0.5717446537225125,0.0016862869792014913,34.25097510073846,60.01979048397216,12.283142259504709,63.124987861401586,75.61571506601564,0.0560793953373944,13.4,180.0
TX-107,24,2026-07-09,20.88435547129094,9936.877810282609,34917.405369318876,37.63726172989755,189.0166828340381,794.0517573790255,3.1251244878294813,17.15235005017583,0.10722094270399371,0.4951492171226377,0.0015654819880595483,34.94163075473163,61.849732389474504,10.765882918460779,64.26575847859019,71.90012214273311,0.04302295429362255,13.4,180.0
TX-107,25,2026-07-10,15.743769013557017,10221.652620628003,35865.653809586875,25.115951181924373,167.08032611332635,920.9910749224583,2.7470404792586742,18.67662475937357,0.13769019392029894,0.599534489719802,0.0017179667296895861,35.56936908674209,61.30642877587722,12.758354233544402,63.936806167418425,85.2333192237226,0.05000474986366523,13.4,180.0
TX-107,26,2026-07-11,15.384318374806318,9231.083274111428,36289.52993914598,28.697941432137945,209.2955772420105,918.8090959843695,3.0904682883318855,14.908572855066632,0.11573199469320908,0.4900553731557467,0.0015634407741641051,35.56895560637393,58.78649171263254,10.675738157317861,61.933269997572204,77.26665903485537,0.0490348119690515,14.86,174.671
TX-107,27,2026-07-12,8.601950910981458,9808.172028473666,37338.462449949526,27.743521645333107,196.69046893144815,983.4393149861722,3.397744629102268,17.043502175303423,0.04454892779892595,0.5866761519221055,0.0021909201306283786,37.46147641402415,58.82651095383857,10.23654939435109,65.02165537017552,72.79702136194271,0.05653663983614821,14.81,174.8535
TX-107,28,2026-07-13,18.22478503375907,9956.352927560252,34518.583908374545,32.61359909758064,194.87342668615005,872.801431928257,3.518567469337643,17.519555713807144,0.12167932487726188,0.49158851436372375,0.0013580633036740452,34.85179391360715,58.86302998098443,11.870274980989413,62.98672732184718,74.83408115627519,0.039607243707684356,14.76,175.036
TX-107,29,2026-07-14,11.157847689844864,10611.345741285446,33060.68477326469,30.001658126281768,219.0902969320567,973.1443300983658,3.3974241024576757,15.605733029003071,0.114480066170737,0.5686544066303078,0.0021275067781986122,33.16279765318582,59.207200190774856,12.696370071722088,63.11871219887179,87.96084911566915,0.04936820171833569,14.35,176.5325
TX-107,30,2026-07-15,15.255746314078309,10562.372099450868,34634.30020538141,30.88138517864093,217.98246967998224,782.2183507333051,2.857350918806225,16.65830659075824,0.10131200296685189,0.573366690603874,0.0015272229925439246,33.309998232053864,61.154529774934076,12.865807214932774,64.4202499795045,78.2031552003658,0.05745206977631407,13.4,180.0
TX-107,31,2026-07-16,12.55841038244476,9646.57581247535,35379.45235839728,34.5204447994686,176.68086147284032,884.1641894451984,2.8778816841477806,15.835918210085529,0.09982603259982332,0.472705820809857,0.0023745697342272215,34.46074251837918,59.56185545546782,10.408502364080377,62.85912236946231,79.1286086107124,0.053206019563548604,13.93,178.06550000000001
TX-107,32,2026-07-17,16.798550970197287,10275.491142972834,39175.42807259031,26.260705862765448,167.61152513130423,815.9557603142781,2.6481740820842044,13.051346126766179,0.10187321695289708,0.562632745277851,0.0024618977218909743,35.5043085018466,63.21190832318102,11.643626943433581,60.10244287399272,83.42542454310535,0.031614056082509376,13.4,180.0
TX-107,33,2026-07-18,12.734990931900587,10260.056116211399,34795.23703990244,29.04523618564247,176.38419934359987,899.135808845333,3.501831244368896,15.039935833072038,0.08339548240717878,0.4376230769701335,0.0017571216251133265,35.39233375241436,60.515403393539565,11.199492899404332,58.36772173405382,78.36010210937732,0.04102292601024749,13.4,180.0
TX-107,34,2026-07-19,17.067187437045853,9621.945178936125,33024.19909266038,30.76585953629792,247.1539846005274,959.9223992893259,3.068109649602926,15.717703072761937,0.06497768277028806,0.44388298146237215,0.0012467213404858584,36.72987389457662,62.291079043733625,12.39281852621491,65.40534530925261,62.58727998001936,0.04780700039749309,13.4,180.0
TX-107,35,2026-07-20,20.377175635211678,10065.707999097856,33870.70706757621,21.20964669998193,227.6061145546161,894.3932959177874,2.1216330733185855,13.151468635856915,0.0744492396528374,0.4934128237144014,0.0020622016908838454,34.49678293572148,61.165569894730325,12.078802240472442,68.1869371558164,72.14244737535425,0.08045325592011146,13.4,180.0
TX-107,36,2026-07-21,13.306533829578127,9548.335004122064,32947.39889980848,28.945296367228472,165.60927818268433,923.5650275062249,2.0473481152175967,15.323341848114461,0.07297496511807294,0.4809353296309954,0.002181362119739708,37.30403768387635,58.38299921882827,11.849682550573608,62.82872397567337,68.04103741951363,0.042850266700304555,15.34,172.919
TX-107,37,2026-07-22,17.47219942691082,9755.97206788481,39498.62539654171,32.07989627947367,179.7997867765185,870.6635854283938,2.5990765049800055,16.600137305893426,0.06722440686869495,0.43295243097820946,0.0018225361643752576,35.68294679313833,61.84959041223416,13.380542190772843,66.58940455984259,74.33688370913583,0.05794625812313993,13.4,180.0
TX-107,38,2026-07-23,11.566498147704868,9077.671388991886,35873.275155372976,24.97160791425575,198.6938653566904,909.5701612698251,3.1240597795891483,16.875583077050106,0.11664150376583464,0.5097500033583845,0.0018673954158591785,35.107762088676324,59.10568437498762,11.80357107799383,72.85452027074123,76.45751760706833,0.054502450170375485,14.47,176.0945
TX-107,39,2026-07-24,12.883558052908914,10510.036708214933,36520.54484532685,33.836762773275424,204.29782493506926,982.7352076613416,3.6358425983173666,15.56619783869859,0.09770775281999355,0.544728549505738,0.0017287624080320769,34.28203971938467,59.92004948567265,10.258642931561855,67.48278582069027,67.29668890027341,0.045285089784982434,13.5,179.635
TX-107,40,2026-07-25,14.360161212960687,10019.643410785275,34312.69344715391,29.663144763848255,198.80744735219173,864.2375233898299,2.6134027711806174,17.162947848711205,0.05791188595466595,0.48971424204952585,0.0018593301584347354,35.418791486726484,57.81856080522149,11.500214658756397,64.69292079803073,83.56058888296367,0.05332184966795424,16.02,170.437
TX-107,41,2026-07-26,11.449535367393414,9756.26164063967,36772.102705321384,23.996125670384664,198.4271146325526,899.270363797898,2.807108470039618,20.39150356559783,0.09174537081104903,0.5224882579683898,0.0017701096639342149,35.527747991999405,61.3061813952779,11.412035963253903,64.8358945543444,67.83776184087301,0.03855596187950108,13.4,180.0
TX-107,42,2026-07-27,18.110386297500618,9722.999527058177,30172.77534298386,38.82678078246811,183.95809353874787,880.2901565001575,3.8204532527471575,14.71651581162472,0.09673326795596274,0.43859134777247333,0.0015095498901117302,34.83361373540387,60.54421466111234,12.305525408210773,63.556216758592356,75.16206239477553,0.03162790004672033,13.4,180.0
TX-107,43,2026-07-28,16.380501062086434,10080.702922385022,38947.32178836571,30.037398232145236,181.14661295707842,895.9421492728944,2.8361000999920813,15.869415737540796,0.10053784123450372,0.43700266494736784,0.0015092770135417943,35.262908202633014,62.07467181160386,12.07934788405172,67.43989206176062,83.1024732336288,0.05266791845794669,13.4,180.0
TX-107,44,2026-07-29,12.556525536415776,10097.654042522781,37414.14577520096,32.64945274799957,214.96490685657312,862.996300664654,2.898823120127259,14.762545378199265,0.09897323994926409,0.5583979158006179,0.00129584788149855,35.03053830458184,59.88075543645772,10.62849885855585,67.01530164976239,69.2039984644406,0.04642967350646841,13.54,179.489
TX-107,45,2026-07-30,20.546345723262128,10504.986824769529,36148.973878290235,31.90388467322202,196.70639955109314,1059.950181229608,3.4010838157201198,13.500900172069494,0.07199795443564692,0.5283419000994635,0.0019832392610364667,33.57106183305383,60.642879248567375,11.73097283968848,66.59199477658241,78.53392171664726,0.04391735978456161,13.4,180.0
TX-107,46,2026-07-31,16.898534293272615,9751.047458682551,34134.23625363806,27.33864296689311,222.61948855612542,877.5542089556511,3.686221590282126,18.56696974037372,0.08522561726291103,0.3539502342651533,0.002313352862981382,34.65802810263986,58.700720380302016,11.411281893847033,63.75555853590191,85.37754472554992,0.05159911239317515,14.96,174.306
TX-107,47,2026-08-01,18.850795890324406,10247.110059639248,34381.53855209903,28.048213983953715,211.23217501499204,965.6340503466167,3.4983963428504348,14.476922977248513,0.10350411712808945,0.5292020204627663,0.0018848104922189414,33.86505996619724,58.790593399946815,11.758964557452014,66.9866214176609,85.07181996457682,0.0364395279126538,14.85,174.7075
TX-107,48,2026-08-02,13.207964958210052,9821.068751468374,36589.434064613284,27.3594473230575,191.40535330105055,787.0405938279821,3.2417036579866294,14.67720185080689,0.08691909930040807,0.4870243387758952,0.002338098650579379,33.99511309168016,58.737510553344606,13.25225244746562,65.22732448405657,80.35803277369534,0.054017519100056866,14.91,174.4885
TX-107,49,2026-08-03,14.893996343118154,9825.850440425722,36663.11604496764,35.81168283905578,221.68376694032193,805.1622693081853,3.6524555089221646,14.284129491604709,0.08489940924910332,0.49153361516157634,0.00224933853057462,35.54046418402806,59.616920382218595,12.837665866877975,65.41958174227831,70.416228275685,0.04291964717041507,13.86,178.321
TX-107,50,2026-08-04,16.23070453326486,9958.741132092198,32248.989693172727,34.23580746534751,190.3944994275116,1027.3695718391036,2.2985050074226443,14.638582807219978,0.08600044631121545,0.45122887398113304,0.001853962784972487,36.77056760903698,60.21505525511925,11.20829196120257,59.51411476898778,61.22909962921851,0.04463536855881265,13.4,180.0
TX-107,51,2026-08-05,13.098936047584019,9887.974646882758,30455.6323991283,29.541592024767333,220.55459550294216,1029.8272997891356,2.0527769260414304,13.397214481521688,0.08291532278050931,0.5072860713762825,0.001634068259637064,36.682263248726684,60.06528370752861,11.876853710700788,69.77814120134833,74.87161900733321,0.05400303406498689,13.4,180.0
TX-107,52,2026-08-06,12.747605180123852,9314.748967472808,33779.27673699154,40.93487919472412,212.66041896573913,921.962786968884,2.5118133049074003,16.82250160196769,0.07284613451372418,0.42164717751588093,0.0018323338631355062,36.95449091196145,62.84684134858892,11.548763071749455,62.97740294540605,61.87710367552176,0.05078030725520084,13.4,180.0
TX-107,53,2026-08-07,15.486038255964358,10394.778127098456,36821.41502665033,29.012890411676835,211.1205574951917,843.9488905722772,3.268521266680343,13.985535843630883,0.10918917031933877,0.5189250662642683,0.0020206410877085194,35.794539718159356,57.64440139295897,10.93508378177906,64.1898209793409,63.45389289861342,0.045931354854452947,16.23,169.6705
TX-107,54,2026-08-08,13.876109114767349,10654.841893333347,35285.06740458292,35.14714788031939,206.03349437619437,857.1466183014347,3.066858403873256,16.458852667864345,0.12386802652885162,0.49338449685327834,0.0015057468068441168,33.2821977425781,59.51038108482467,9.662098498852027,70.3853133972105,79.77546585119786,0.043643329905027554,13.99,177.8465
TX-107,55,2026-08-09,11.671057217973612,10514.059547988056,32772.72568869799,24.90886618199474,184.68108119946618,909.126993165946,3.310398719573699,17.385344466831327,0.12089942597893404,0.5000386854617371,0.0023061565921269,34.32900038602364,57.26870097830705,11.328868928289491,62.58121845717114,69.94410342560658,0.04040625270758111,16.68,168.028
TX-107,56,2026-08-10,13.616671267260864,10310.00860704679,38430.51420532514,21.373267628704884,174.2453074619851,836.6842993017466,3.3828709387182965,14.5901051140539,0.08551781553792755,0.5358366503852711,0.002286917079902591,34.98124004057637,58.77567116006919,12.270279567235393,64.3001953746423,73.07189404971632,0.04487599781398164,14.87,174.6345
TX-107,57,2026-08-11,17.774949741966267,10124.940113163397,37071.40176377926,36.681630727390626,209.17961537733282,859.4818308091878,3.5201631161098925,15.931329404556708,0.1520673555361528,0.5155051444247343,0.0022093064117042253,35.29042389129603,59.85135211219782,11.741208450412433,65.8827315339757,79.16940601451084,0.06154387899644426,13.58,179.343
TX-107,58,2026-08-12,15.926551674911293,9768.555412287385,34346.29200680203,23.385315285484097,233.2242768714462,856.7061109183321,3.483720230068953,15.553101714885067,0.10607463661678815,0.49412760623638313,0.001763660333411998,34.03146459950803,62.5926980832074,12.113961078837246,68.37580323856295,86.07925550116201,0.04589153069900786,13.4,180.0
TX-107,59,2026-08-13,16.27051729778353,10022.505387745674,32685.572393966224,29.072600120478718,211.75013180478456,860.0776595991314,2.8375784023140693,14.65326628922871,0.14223058662620208,0.408297553144778,0.0021504929897081778,34.746660922747836,59.03901763724635,11.722124292843734,67.00212873150026,80.79618875216448,0.05186017122434754,14.55,175.8025
TX-107,60,2026-08-14,15.0,10634.416497550288,36632.75188390123,27.269037744263905,209.88883098425754,939.9360527310855,3.0,11.861122211891484,0.1,0.5034927745056076,0.002013283805678774,33.818218422347584,57.89056648047108,11.5637820112555,68.8504261555185,77.96428695986873,0.03933666428120849,15.93,170.7655
TX-107,61,2026-08-15,55.232194508424286,10335.055347436051,33904.75282822599,22.789535013450624,202.00592128613212,819.9324291747052,10.142037732231795,14.185646639146816,97.53411273478156,0.3937920666240582,0.0035674206671115695,36.42939264010132,55.57151286779273,13.35983194986466,64.01910342215513,69.52985886278174,0.05244622641114281,250.83,1.0
TX-107,62,2026-08-16,98.88190539023815,9944.515609334887,36031.988475369144,28.924531443066783,179.9959160002845,982.4148318881201,17.694796275719423,12.917625657392517,194.40018959245714,0.4524037792003088,0.004440409569531397,35.275572898962544,54.40615910589291,13.250052319361604,64.24140956387333,82.35077190731599,0.04446551486548836,500.95,1.0
TX-107,63,2026-08-17,137.59640590799881,9225.037580442313,33860.3791513544,35.04698160470757,185.67450866660286,965.16030571612,23.141953348388643,13.881216680713628,289.37245361085917,0.5871270151671203,0.005065111524301015,35.67099329544709,54.24973889508122,13.981169292548248,66.50251871779197,76.13303019049523,0.035185150328074705,745.68,1.0
TX-107,64,2026-08-18,178.42320906596714,10638.056020473208,36045.30962172884,29.216243552583787,202.26144723672968,946.4724292423817,30.73608388102141,13.887171705241796,385.6787362686608,0.565817410060233,0.00558424573876201,34.15704013415411,53.887864609792025,13.7814103063748,67.32363371809159,60.852065075527584,0.054946931335452566,996.46,1.0
TX-107,65,2026-08-19,227.06292748244218,10288.237069915438,33647.89439439153,26.027983012997545,205.99704688348157,887.7357027729456,38.60159175994531,16.20344274521127,483.7001088839482,0.4433938285535239,0.006375652026375861,34.63652499603867,53.41974827326997,15.485102863613315,66.40142175878027,86.18754920306924,0.05425590250368268,1253.15,1.0
TX-107,66,2026-08-20,251.27367640170326,9873.560765274808,31530.489995210664,36.698675224493016,193.5620317242866,940.4717648002328,44.3146146250813,12.509368981899721,582.0578856265197,0.5773509953527747,0.007324190911198663,34.41941433570148,53.42387071109771,15.292231321444318,70.98799180501925,63.27134590208286,0.06634283843671893,1505.71,1.0
TX-107,67,2026-08-21,291.7583327005478,9923.762375329206,32616.55511382656,35.27004320030463,209.52855000589238,783.3761297537787,53.814133919609226,21.252345885584976,672.193593476422,0.46290147028321715,0.008207251071118563,36.77209898342942,50.853449621013404,16.148915941083125,70.41290379267629,85.0321538826623,0.041516796104520894,1744.72,1.0
TX-107,68,2026-08-22,345.279476277678,10143.526757486368,37764.89386375044,31.594215200702276,187.4897651652757,905.1259071136299,53.92026876834646,10.358062533459465,785.2515740704343,0.4812628056846828,0.008988082902624074,35.83094667936661,50.936750812527066,17.137201744246717,74.06994135100753,79.02151307245822,0.05302213463579995,2035.96,1.0
TX-107,69,2026-08-23,392.0305897371742,9357.252218933192,36911.99721128024,17.77266989992357,188.27494285448444,901.834428045409,64.4114635851234,14.096488153854358,873.3675435646253,0.555201194289084,0.00989873708039177,34.53043348902762,47.01616374082689,18.302014222689017,71.46301557288893,59.26826823284362,0.05100783591810058,2272.89,1.0
TX-107,70,2026-08-24,440.4623346259302,10481.570486587527,34853.29041084645,28.136644186068093,239.72529360979055,900.5268924879641,71.17716343941191,13.920920713247483,958.0514759156576,0.4272185503797951,0.010434117518699295,33.79172576057395,46.67155206893248,18.1744060612289,70.47341346336833,80.74604900379268,0.0651726518205704,2495.41,1.0
TX-107,71,2026-08-25,467.9779975317751,10496.88355252814,36062.17191627735,30.582184652917665,215.00631178633859,1047.1950471993482,79.28545125826261,13.08159819964785,1055.993715960733,0.5497213984868278,0.012402454731787058,34.46296306666606,46.92639444206367,19.583827930228754,76.31206338883752,74.46621488813733,0.05180347746755367,2748.91,1.0
TX-107,72,2026-08-26,495.0319602214034,10507.044562354882,35686.383603509275,32.93231736181901,203.18131366053362,941.9494530888675,85.79561055001739,13.143850743728436,1156.8329499077174,0.539575408597326,0.012755796485329731,35.416107148283714,45.468463015818315,19.75981872882689,75.10247664345478,76.5157112650922,0.04877763898692407,3009.7,1.0
TX-107,73,2026-08-27,568.8156449187387,9435.139982842475,30802.956450186633,14.402625380659948,197.3643635409015,1085.6184300114285,94.62794568842726,13.043537175754057,1265.8095266737407,0.4267710244974917,0.012789972205471137,33.80252740236962,43.97438955586928,19.64018180254733,74.84446130453978,80.30573111763427,0.04663119076604842,3298.56,1.0
TX-107,74,2026-08-28,597.1065552410743,9453.093746654895,32311.005951485637,22.50513826975845,212.98495602256455,872.9673721529406,96.13733578427303,14.87382209463278,1355.4990201187404,0.5830189409486486,0.014190608249894078,35.68150598581912,42.59680391330916,20.239815217364992,77.9367738233606,79.42774321110517,0.05115546172410107,3530.52,1.0
TX-107,75,2026-08-29,612.9637185171878,9335.185303220424,36108.07243942905,27.569179029136453,206.9890244656828,973.5991076441171,106.58587611840233,15.697439450978948,1443.5536989340533,0.5344205526944392,0.014506770025623658,34.965949300537225,42.31382426366328,21.189038637679182,78.86639123737284,64.31786021857612,0.05493230174582771,3758.29,1.0
TX-107,76,2026-08-30,632.2081249009897,9396.236294132816,36001.08385875967,37.15566507514624,167.4051490742183,981.7859996173185,109.10600318430411,14.199426739636973,1532.2585073106188,0.48358379757435666,0.015133894310123294,35.76286620077356,40.665559308754425,21.757173535170498,82.12298915062121,89.89856778598991,0.03764259169002177,3986.71,1.0
TX-107,77,2026-08-31,703.0285758963848,9535.822104588193,32931.17639261724,35.637013635322894,200.53303004001634,855.5546242858784,126.4912374866575,13.873545846109208,1617.1763731820265,0.4367777327855368,0.016471310770055304,34.64079330834785,40.326504066380565,22.473282820671415,80.51389743057965,70.54682228566634,0.04855865849233745,4218.41,1.0
TX-107,78,2026-09-01,737.3374276764271,11060.216629301069,32891.81961974053,25.427762167057207,178.81193446016007,984.5643151977791,124.78672670827774,15.479348487192599,1769.5454083634077,0.49947676028447685,0.01756878939556525,35.52042074930039,37.89695301377582,22.469570108194493,79.58967612966676,85.7190382915534,0.0441254903479088,4607.59,1.0
TX-107,79,2026-09-02,819.5287540613076,9455.756088186605,33151.4811783667,27.866178388357323,151.37302884178777,881.3334127059522,132.36904631724667,16.580022197223663,1816.6569116747276,0.46461812844503514,0.017577264343983306,34.7653819614791,38.317544262404496,23.858856925502284,78.97298973310609,65.9713267870628,0.035179605205638155,4740.93,1.0
TX-107,80,2026-09-03,893.2400710139649,10101.451665536604,37565.523705670705,35.20704503863465,247.94233429063615,894.0901785967123,144.14542888703755,12.399547309733281,1922.2589965531754,0.505926712072317,0.020840850265236428,33.8608757807616,36.897269933734954,23.956205758261618,84.57181207449555,69.5338727344758,0.06189324648553399,5025.07,1.0
TX-107,81,2026-09-04,866.0380994336457,9444.827986851193,36440.887959185915,15.610749243298054,213.37219898964918,750.3876306766597,142.94765780107036,12.3739506764915,1994.3177617995282,0.5419396849183914,0.02013143340265145,34.64052031048436,36.2058207320727,24.8806503590289,85.28756232611468,65.58226309381261,0.045287056209696,5201.38,1.0
TX-107,82,2026-09-05,923.883777174843,10357.182658387012,33163.53307518916,28.664647308084554,195.29781703183704,856.9614458275355,157.8365877044775,13.644756569220064,2111.2556785454535,0.4809427756469412,0.020591310070542115,35.140525646853575,33.81342303288305,25.68210289745102,85.22582408023594,70.21455862359042,0.04740600739497509,5511.99,1.0
TX-107,83,2026-09-06,947.9789856955281,9612.933529075308,34592.564438794085,34.44025467906635,183.99270877816232,900.0071224770911,160.36571827914702,13.351067902374512,2254.526002016754,0.5036441739855662,0.02199257825298507,32.99185219419979,33.30192317582907,26.127303282116472,84.27952168124511,79.5431132328929,0.06126216231778349,5876.75,1.0
TX-107,84,2026-09-07,1013.9504461933354,9936.588752173522,37441.492884657724,25.561332248000383,219.30445257946207,958.6654291680267,166.18456322822374,14.34259474972805,2314.9275957158716,0.5887689647051657,0.022905517265480846,35.34061612467545,32.38227352887288,25.383689273196637,84.48229882509042,78.19900547786858,0.05734340288471935,6041.44,1.0
TX-107,85,2026-09-08,1078.0433870005788,9266.701517256497,35168.561702547,21.263913313376193,193.52678010012724,859.264813591059,173.51322085110817,18.96519407097262,2384.031650877396,0.61370925151592,0.0235274128953044,35.34780868217258,31.551427107786214,27.219555165077885,85.74642782162397,74.5082607104937,0.030626148850970467,6229.16,1.0
TX-107,86,2026-09-09,1062.2785499349477,10422.914161908287,34527.442729033624,35.87099672822075,222.65790343782726,848.7123693807322,180.3862665932633,15.090589928650164,2512.967107590692,0.5049490611301366,0.023836901233188015,32.36986664334149,30.191873861030952,28.168249483277897,88.02699412301993,87.6886639337696,0.05851938332455588,6554.24,1.0
TX-107,87,2026-09-10,1146.577128572804,9495.99253169815,33684.83799744879,39.713209532130165,186.1560522696008,711.5523716491149,192.76367004746,18.001006227235788,2567.0135558115517,0.5519174002124664,0.025425806611335817,35.05293407405354,30.7797513106229,29.077161739799667,92.64591375812216,73.91783954747,0.048191638812603854,6707.97,1.0
TX-107,88,2026-09-11,1118.7526041035758,9499.130628363988,38676.29702953214,39.37173184940071,199.94705737507792,922.5218884074342,188.6976419430688,16.285149699878907,2694.7179950090717,0.4235384610027653,0.02702232466383209,35.53902224264504,30.404539144185854,28.917010473860472,87.68328940912565,73.1321305770187,0.05673173672156358,7023.08,1.0
TX-107,89,2026-09-12,1248.9702748858394,9683.942353530152,35541.62831376203,33.35749764250124,204.3385737083397,829.5055032411105,196.56348900759846,14.088185159650685,2790.280268874065,0.5156769790802834,0.028083757238281083,35.9795176008872,26.4267043800889,30.15618664346004,90.90882661183713,73.68403308741664,0.05030131029251634,7290.9,1.0
TX-108,0,2026-06-15,14.38468198440002,10232.892461859012,31971.588233318027,25.79539716569885,202.1031576904521,718.3287285679806,2.848741193092885,14.271671259331185,0.09394619536099277,0.47244590960895094,0.0017012324222376509,33.17796814972908,60.21712057075112,11.699876013203756,60.87415536029397,75.50026730267017,0.04705049804927294,13.4,180.0
TX-108,1,2026-06-16,13.616928145013656,8921.552556596274,36365.53502461578,23.863581010850318,201.40958615380467,835.3385245253846,2.8056367412260075,17.304584983499822,0.11063236401606748,0.5565019973144735,0.002099115648386472,35.39614358434078,57.328291499660736,11.682475006133446,64.32527320445418,84.78931856281581,0.04493770672093072,16.61,168.2835
TX-108,2,2026-06-17,15.794578527168367,10112.878671542376,37315.350320561454,29.388952011261267,216.84410108782262,763.610789268998,2.192990283528029,10.433311310750947,0.11571969950266667,0.5336833468894367,0.0022690482721697846,34.32263816429381,59.154678513698,11.87895235733769,69.33109790884296,88.55062502097641,0.05793808489841363,14.41,176.3135
TX-108,3,2026-06-18,15.993059174410503,10667.691348850063,34488.31508570088,28.13180098177643,197.85210075866328,821.7028504464338,2.9124953178141935,12.76518391243212,0.12050015637799158,0.5271843695516509,0.0024288687192643476,33.37071719708581,62.85254542038311,10.427524586206559,61.40507577475038,70.03342762509529,0.06307720691969865,13.4,180.0
TX-108,4,2026-06-19,15.676720491685721,9878.085374739214,33414.74513070968,23.235669092280375,223.22927070177957,963.8911408838911,3.676225188546175,15.793636253962248,0.04715795082888931,0.43777085336592736,0.0021394613917540125,34.63028297476398,59.16173704960781,10.896773235110471,67.84276870224362,78.64954109931446,0.05501191222908123,14.41,176.3135
TX-108,5,2026-06-20,13.099193253644827,10088.143879449904,32324.470147607037,29.495041152748872,150.16231371303704,774.5507088692356,2.8388440778739943,19.750236292549864,0.06398513853150271,0.4378209703730068,0.002065032439007843,36.769422906014604,60.30325874548211,12.702141852304157,63.98718874797057,70.91502728848499,0.05082184352067757,13.4,180.0
TX-108,6,2026-06-21,13.025131828121687,10362.134669358873,31787.45620210883,34.622952431209974,201.65134658793409,882.8223305119309,2.178507719906789,13.04042265600426,0.12397302946266357,0.4895700500983317,0.002083519539761846,34.12046798668465,59.95641804566182,10.627847951880021,65.29964676286366,77.96512717816164,0.05320614727185018,13.45,179.8175
TX-108,7,2026-06-22,12.289245508529515,9828.97450794975,36074.38829196326,29.144665503381287,195.26315975205665,1052.2774086900445,2.5245054405669376,17.160836936177965,0.0769063867299014,0.5327390542885707,0.002212445767437192,34.489634844942955,58.17378472070684,10.029566796196583,63.154659473223994,79.20974918361858,0.03922371842900422,15.59,172.0065
TX-108,8,2026-06-23,15.290845742771184,9261.785101044577,34532.22361579207,24.49547017017409,199.59383841795017,859.9136424313974,2.4048169318812,13.682253044222119,0.08131686275516015,0.43430376498812934,0.002324823747586825,34.639825135549074,56.6966618263895,11.376719192405314,67.74413514145479,68.90913093394099,0.0649774387813363,17.36,165.546
TX-108,9,2026-06-24,12.430013835115233,10251.704027908228,37073.27716918202,32.510495764120876,173.80775001999794,824.6025138462749,3.585035495193291,13.390777087336046,0.1195135302780441,0.4784857639092528,0.0020424311957657456,33.613892722979045,59.08759863793125,11.124693619560277,65.67679895167453,75.74558063772706,0.054626498962456346,14.49,176.0215
TX-108,10,2026-06-25,13.52843249072198,9534.88496435271,35365.45817108861,25.140417598924508,223.01026109825017,890.838209072871,2.836932445147522,15.924351245500421,0.09847271001136568,0.4170974141582402,0.00168157103018317,36.05770870386461,60.125826521766875,10.31843219763656,66.0563362001455,70.52592944104201,0.04125500047491218,13.4,180.0
TX-108,11,2026-06-26,11.565381823098463,10499.964735659343,31069.0032559893,26.1295379531582,203.9885269450031,1026.2690455122797,3.2769290981751595,13.307950768934395,0.1305870690821363,0.43224383001475136,0.0020796008496065466,35.487784645752214,58.67832662519934,12.697593051888253,63.45832961317712,80.56113942014372,0.031604045074137915,14.99,174.19650000000001
TX-108,12,2026-06-27,16.004928270686623,9793.946663653198,37299.407565935646,30.126130887896863,226.71476335816047,940.6090212026442,2.9362457704759213,16.57533861922859,0.11588116929054244,0.5235955002245607,0.001312309587612445,34.0174395092356,62.076158769758884,10.744054144564734,67.64738345019742,80.65162125423736,0.04274247638417971,13.4,180.0
TX-108,13,2026-06-28,9.014305118649826,9715.543701026038,39156.03008726602,26.05848428710081,185.9892068487525,820.1934071752139,3.60739223827476,14.514168576749787,0.08748187542101722,0.5706737008597675,0.002173848226380661,34.08070975828974,58.16462413340733,13.158169964879974,65.05036449122515,62.6074878411511,0.03216884313106451,15.6,171.97
TX-108,14,2026-06-29,11.651883854400724,9380.257705948485,30907.846058197127,24.90617202630107,183.63692356484069,862.9854969292344,3.8464550225638563,14.466313455803453,0.09664850324511572,0.5254627681899471,0.001928804578680032,35.40015296388671,60.4209223154276,12.122588565599244,73.29939825325687,82.28900675235482,0.039182780152932695,13.4,180.0
TX-108,15,2026-06-30,16.11066655856749,9604.13159667014,35892.501528119705,23.556606085398172,180.00712689301804,927.5126049992101,3.4988345567990127,16.005288697506025,0.11708234669070437,0.5186909279381923,0.0020517488297096998,34.49630672574156,61.219502713075194,13.024879232826642,64.81065292601068,74.06459166577073,0.06591405811722237,13.4,180.0
TX-108,16,2026-07-01,14.938734660551331,10037.842935182984,35968.45181550579,29.97234810256472,185.90009045681552,930.2372460418818,2.980622494988839,18.684499512948992,0.11576897100584753,0.47022588567784995,0.0022187180657571126,35.30786583473098,61.96413945291827,11.47554578717096,65.56602844507857,74.20725080726007,0.050584794230583,13.4,180.0
TX-108,17,2026-07-02,12.344403152988152,10287.955833956588,35835.92855169899,36.91633367834043,202.25056092892166,867.0528393401491,3.3946471889720184,13.411591236800632,0.12169969070167919,0.5541420998706852,0.0023771836703403225,35.37662298467949,59.270255426103354,12.109187726305363,66.14020668523762,70.51886683849699,0.06333116288925215,14.28,176.788
TX-108,18,2026-07-03,16.74025250270563,9553.888522338997,38765.747352931554,31.00599818097831,180.7131981686374,833.579670180218,3.7438917985826725,18.649969832433644,0.12018970106961838,0.5659654324293568,0.002364984637639583,35.55691615276407,60.49356268171639,12.539863194476608,67.20804632942989,69.06721594778881,0.0573195872931211,13.4,180.0
TX-108,19,2026-07-04,19.375850541891054,9896.813785835484,34373.504429356406,32.93061956271672,189.74628907445424,794.6545106697995,3.573859520052589,14.098097479953134,0.10036897157440419,0.46949374794959675,0.0023830264444739,35.853176158284015,59.63889068826945,10.820102635237248,63.959210585425396,79.56122159959772,0.05188635704079766,13.83,178.4305
TX-108,20,2026-07-05,15.327294133355961,10105.849379734906,36517.59246299632,30.367428207594138,211.88389014878686,821.0464633803922,4.276925388487663,14.43228136136749,0.10407186015767955,0.5283232762393105,0.0018767628462798378,35.007824794249466,59.993512911985164,11.085961907426624,66.31576827661891,61.806225293930154,0.06752708442416615,13.41,179.9635
TX-108,21,2026-07-06,17.378912654935178,10319.561178826689,31526.715775133518,26.642917072850228,230.8147046126777,1232.099311763168,3.5973462325285155,17.0738868205019,0.11049948456228377,0.45762514021449147,0.0022985522249600993,33.89879266290307,58.18412225229022,10.72647067456151,67.92716793950478,74.54068756057998,0.05100858099904381,15.58,172.043
TX-108,22,2026-07-07,14.953788188847946,9437.141729400888,33658.53818796519,27.532265619444033,175.06655430904925,859.6631923759719,2.4593467718018807,16.155351257733987,0.11321942127933649,0.4353180438680055,0.0019110104707255999,36.8560598813167,58.52885565348256,12.426637817795065,65.31656580200865,83.74310046272726,0.05295466841357407,15.17,173.5395
TX-108,23,2026-07-08,13.70611356622875,10033.382060736443,35162.739887907475,30.204756950693145,176.93393520405598,999.4470886078313,3.533216793932162,12.911621946260285,0.09398548735632493,0.4887457165322892,0.0016530443598501254,33.13320373223773,58.9941110221315,11.643597659748808,60.67629999990794,76.41582211268383,0.0616285630331634,14.61,175.58350000000002
TX-108,24,2026-07-09,17.526348438495802,9936.65717342064,31319.176606957608,34.270580776798475,206.38818874880732,933.9480887374416,3.968051400151257,13.350376740938692,0.04250368133755915,0.44732727110951215,0.002145813520480346,35.026925901748044,58.176545805601975,10.58028261682357,63.936172952547814,65.03124264094555,0.05520633418254526,15.59,172.0065
TX-108,25,2026-07-10,13.765719334121194,9686.441057834145,33483.44719415399,32.03651891780218,204.4567108996967,916.1565815890075,3.090064721902906,14.855608926806587,0.0793373883308382,0.46348099366343687,0.001881597528458319,37.06519523808832,57.97674551937478,11.581023496683109,65.29480118033146,72.57333797382006,0.060739695414377376,15.83,171.1305
TX-108,26,2026-07-11,14.074506208491401,9882.729300424695,36629.257027232634,39.80329981088705,231.8986749604424,889.0676892712685,2.9752428941337983,15.093438489568408,0.10293998816925172,0.4576325942826093,0.0022809781396566317,35.206609127722786,59.93271571677703,10.728854623440927,65.18685862547184,59.85430157423356,0.044183506559677684,13.48,179.708
TX-108,27,2026-07-12,13.310706880562403,10143.49759654381,38759.70004989059,33.63811503601832,232.86092999116795,951.6169738482862,3.5625267448438076,18.714254705886212,0.0853632633539549,0.4601447782934248,0.0022006432701431964,34.996321545937754,60.33053074921044,11.75133310789264,63.21122384892585,87.96611735020021,0.03900138886180086,13.4,180.0
TX-108,28,2026-07-13,17.059176777724634,10262.114142865224,31841.973404859513,26.653512269119133,190.78325837643817,945.1667290653273,2.8164824470347245,14.82882038677839,0.07084705286030546,0.6162955858357657,0.0020213586856218492,35.499000897296945,59.18906176715217,11.34737267293215,70.7380539648606,59.66622714394697,0.05278647068430777,14.37,176.4595
TX-108,29,2026-07-14,11.36548832667632,9797.499422801498,33723.811064651956,25.906361713386833,204.89008524654193,694.5576682155147,2.8422557590406514,14.81942004930005,0.07281446907187974,0.5756609360724692,0.0018216624875608057,34.76251575753516,59.11167125412795,11.918433879569413,68.92443228051815,94.78412643138779,0.05745639203700659,14.47,176.0945
TX-108,30,2026-07-15,18.26398130091531,10858.213740738542,35497.74215353291,38.71634070993839,220.17345435720327,911.5189887449258,3.175170517225734,11.357166073264352,0.105842385208923,0.42281262397768515,0.0015124192545166678,35.19287868902523,58.32888210719992,11.992886248696623,65.4153035580496,76.46439680653708,0.04095878592957899,15.41,172.6635
TX-108,31,2026-07-16,17.696047147443597,9955.38238176696,35882.15136034232,24.911724483540024,200.90306163045528,987.7835586616096,3.4850888159043505,13.405414634151212,0.08908883618850309,0.45056566349680904,0.0018030761245217356,33.600932459293475,59.79273619138729,12.633138398182844,62.64484140859676,74.27514973871058,0.047795015923686436,13.65,179.0875
TX-108,32,2026-07-17,18.165356194794658,9694.204081597789,33849.567784698294,26.692653123209173,181.86360342178514,942.3347993157576,2.9324446018347605,15.109619719646604,0.12549282312390794,0.5666040362963936,0.001506129707649559,35.647834673095566,60.33847038856678,11.538409000854063,65.98305106108383,61.18893411823372,0.064626423427764,13.4,180.0
TX-108,33,2026-07-18,16.544832291215723,9567.401127583671,33829.179556360956,22.43586259832974,198.47882988360965,861.3814418207534,2.3374448064381204,16.553404467419558,0.12553594379388952,0.4986319754977761,0.0019083059351460896,35.43498460213179,59.97054155625744,10.917820783768814,63.041966040238215,72.62851194601575,0.05248186594476696,13.44,179.854
TX-108,34,2026-07-19,15.028010153629404,10105.184689993557,31950.344033432157,34.306519907887555,204.9704736174848,1104.2167243320123,2.8061828149117933,15.646916990218745,0.15658438324417004,0.509704581475159,0.001979710838217195,34.01307810524935,62.29239955081348,10.84089841382343,66.28136275054436,71.21155742953295,0.04810663737421978,13.4,180.0
TX-108,35,2026-07-20,10.728203194169826,10671.563610866948,34444.405388163446,24.933819104393713,230.10014893509623,859.6690549570158,3.1673036458653607,16.68283276426873,0.10948068661148641,0.39016822247504823,0.002208607010293336,34.89938623733487,59.506456954795,11.890925051024778,60.16990161817675,76.53736731729443,0.0363560862629069,13.99,177.8465
TX-108,36,2026-07-21,14.142480871330106,10078.132215769105,37148.07417597523,26.940037810956273,234.222265488194,975.7482602812117,2.785295128754732,12.782501467194795,0.07112367635539157,0.5135876925766569,0.0017788147551377558,36.19935680528172,58.980714255257595,11.099329019948028,65.70087905373295,69.51162514272461,0.050085499933688035,14.62,175.547
TX-108,37,2026-07-22,17.957967990175565,10058.614665834362,35241.92892140545,32.092673366192905,171.47271930254624,931.3470199944392,3.079965788362948,16.785794653966843,0.11211621602274238,0.4899025684197243,0.002309717867453207,34.70736930238728,60.37073565611656,11.688850569520644,66.38527341476963,71.9880817388979,0.06647551608941568,13.4,180.0
TX-108,38,2026-07-23,21.052088211676917,10436.969127093002,38082.593298828055,23.39970362875155,177.05132529973403,874.275154669503,3.020615482629439,14.603585163800668,0.06715729500734094,0.5575795853161823,0.0026462594700070808,36.280987679172625,61.628284903179704,12.226119605145604,62.47100788781859,75.58022442108773,0.07105588036841504,13.4,180.0
TX-108,39,2026-07-24,13.944035662478832,9772.521376088029,37214.607318207825,36.99304249817073,188.66502510671768,879.0812309410062,2.749047252049283,15.13937875812218,0.12207373341902986,0.45979862394359544,0.002326899443671081,35.10165124892131,63.489288204471414,12.318830884370874,64.7092442911122,79.59771781692794,0.046628537621127904,13.4,180.0
TX-108,40,2026-07-25,9.614180629944524,9879.739412864452,34487.41278186155,23.19186115308966,204.30653848330374,734.6311820312483,2.8261565824222603,15.487191984089344,0.10193992354276465,0.4794465263556591,0.0019743408794155788,34.21593556252217,60.0162247791338,12.058086406591771,62.29925006629547,77.14159360407278,0.05261452655080454,13.4,180.0
TX-108,41,2026-07-26,14.501370259256786,11210.52351814341,34718.59522663138,29.7861134403696,197.4635611520188,822.324862153888,3.342948679921702,13.6275060639611,0.08864103706004495,0.4730879220230701,0.0017045169452454467,33.248916667455276,59.30559019926121,12.87333531271229,65.59093941639573,87.484602161505,0.05750956304989184,14.23,176.9705
TX-108,42,2026-07-27,16.571894430822134,10941.324511326358,34805.70880999358,31.526499246155417,205.82631595995053,1023.502938494684,3.0012576582295454,13.70344525184579,0.11175351075925705,0.4591870094471486,0.0021600414537841775,35.41384093414184,59.71589599829026,12.565811572086826,60.53663020907494,76.30369697059989,0.04537234615333268,13.74,178.75900000000001
TX-108,43,2026-07-28,23.58679073185356,10077.912534820103,33807.215900433126,24.348448409761215,232.30790938601842,871.9973824380978,2.6043239664622906,15.67259842801812,0.11299437662811308,0.5316976466604765,0.0020059251269178087,35.15919013688672,60.348055613521055,12.336396265628874,66.27465558770444,83.75562201044437,0.05056414862025851,13.4,180.0
TX-108,44,2026-07-29,12.549590202508915,9927.854148447983,36507.56163747,22.336153509498367,170.72892259967372,973.4620897113859,3.760061408425664,12.469599929961053,0.1020091854166579,0.48002274435414927,0.0019217509663275129,35.30553100875642,58.060694656483875,10.892782499507598,64.09624648123632,73.83699521684672,0.038740448943158284,15.73,171.4955
TX-108,45,2026-07-30,17.368943024367553,9791.219513444483,34156.36478786631,32.710923463968065,203.90998204274283,966.998145032465,2.533288731099667,12.205226805873053,0.09380424872402786,0.5030118086467507,0.001627773216770744,33.61224643829974,60.27344667350698,11.242219432685038,60.642464848979245,82.7227303385125,0.043682053270729077,13.4,180.0
TX-108,46,2026-07-31,18.449434811596074,10014.235395554713,35589.51772411061,30.268966993730263,153.5290837301587,809.0570807157037,2.937145270140638,15.72945827458541,0.06420651955223759,0.49731991460697694,0.0016633207738357906,35.23462016508965,59.97089882145026,12.743501602429573,68.20046879056255,78.67191919419223,0.05860393588970575,13.43,179.8905
TX-108,47,2026-08-01,13.948972572228485,11411.558705633573,32562.36180701024,28.716523046063887,224.80368133299035,960.2177043888794,3.2436945095711742,16.350637315986216,0.05832885690787919,0.5794649347268918,0.0019388327123400155,36.24589418227085,56.949710131548066,12.25656850348119,63.30949316256545,79.57696121265043,0.05317070452468846,17.06,166.64100000000002
TX-108,48,2026-08-02,16.098143392497533,9470.529155884255,34886.061758362775,30.483302907359757,216.82689156918096,979.1437596346774,3.0752379610043072,12.447655423222802,0.10215157619133537,0.6305538114204632,0.002493801598096336,32.0256004372423,60.09501473054227,12.932119525255345,64.45301896229606,71.31927263884893,0.04733035784916512,13.4,180.0
TX-108,49,2026-08-03,16.656568456303958,9425.765012812495,37377.37730321874,31.133009399912087,188.36438630978117,989.9480129118956,2.2274345474441795,13.889579805996831,0.08856649869429672,0.6071970969118066,0.0017944937694081673,32.8450347794999,59.12727732708129,12.455550347404778,67.35225363975081,93.21231754754217,0.06406897570985881,14.45,176.16750000000002
TX-108,50,2026-08-04,15.563767781745456,9554.292266212611,38248.05486269472,29.598992818167243,194.0459081246999,866.6340958276744,2.373855880551595,14.069959817658049,0.0953378334004317,0.5365328302906059,0.0018835734994696945,33.732540758161484,57.59434176711495,12.209569747523116,65.21787756040767,70.56549831029466,0.04532543539507929,16.29,169.4515
TX-108,51,2026-08-05,16.16546079839751,10695.273126844673,33439.71083171202,31.915160962271532,226.51864198607834,837.91085678422,2.992183942718347,14.924008793824667,0.07377409529912962,0.5084249397382812,0.0020094634035813293,35.55508424959606,58.219670288008935,12.009970385261225,69.14520219096742,91.61999865529829,0.0628012926897161,15.54,172.189
TX-108,52,2026-08-06,11.468785483049274,10225.526341021814,34033.706850077775,32.918985958239944,192.0530808474132,762.9221246518159,2.8277413806500835,16.44520539322003,0.10575999510947623,0.5201473929957177,0.0020649050968938134,35.40452747484571,60.79426763863005,11.725318571045381,65.24867168425885,88.94606699895752,0.051420310290011394,13.4,180.0
TX-108,53,2026-08-07,15.127690489361754,10051.4422536132,34564.18296336756,29.35153938538229,211.81516650724015,859.5427838432679,2.927242535261392,13.418970586947426,0.10216023609068635,0.5292097472088013,0.0019364255420267255,32.991621563110684,60.88555731608321,12.12018384275976,62.020305649959624,81.18616193858618,0.03601574799284153,13.4,180.0
TX-108,54,2026-08-08,18.136222845973403,9971.316690176394,30462.26984924534,32.44880335169846,199.66192971509264,855.4520566541491,2.631137119271891,14.745568418280255,0.09029622637665718,0.4071654878405807,0.0023816203660031615,34.75564234403819,58.902097476182604,10.871576317454668,67.31219620235876,64.6125442472278,0.051339873018579674,14.72,175.182
TX-108,55,2026-08-09,13.249052994379255,9737.290169718834,32792.8809380482,28.48439446416994,208.10620596402836,918.8249781079195,2.607203759358511,14.818131195125172,0.11776908861940844,0.41686857215254636,0.0019981193079224423,34.04921605459783,58.4209737418252,12.2610115129981,63.364245593997325,65.2655749901192,0.06324283192069988,15.29,173.10150000000002
TX-108,56,2026-08-10,17.760268542995487,9033.847021820415,32051.143743995864,34.582113194767615,202.37666253012165,1020.0459715483966,3.308168199270505,15.598931047707996,0.07956274616349127,0.5245720147432236,0.00161727081357486,36.30524453341007,60.63320788352736,11.175169423242407,67.41403228439694,92.93219911309069,0.047823829001905495,13.4,180.0
TX-108,57,2026-08-11,16.651239569073876,9784.0853401545,35170.704435236694,24.107491249412938,208.20772997773358,903.4861863864489,3.8994988884223742,11.4099937745933,0.09438233081784442,0.5644058608915518,0.0019274685512603732,34.828658467015,58.75011146267674,11.067394619737243,59.522438702500544,69.96627801884677,0.04010644944887877,14.9,174.525
TX-108,58,2026-08-12,15.354116500971221,9606.165898788135,34040.818029902985,29.411473295677844,207.39919765902326,857.7182194876127,2.469106955031434,15.171532887895676,0.12134966432529223,0.5064233097895388,0.0018170538685284134,34.87685359490637,56.92405084446519,11.860597250461135,63.798936892728584,67.5323171359479,0.04247901647668032,17.09,166.5315
TX-108,59,2026-08-13,13.76929649538106,10496.229138003246,37184.120833560184,27.060710664573058,198.1451348969427,860.5928034169137,3.404772757775062,15.291013105263234,0.10185579725282085,0.5268131306710595,0.0018210759774767206,36.363886574354055,59.9973830138697,11.144087553808086,64.31107926860648,84.85542659366297,0.04574857864016228,13.4,180.0
TX-108,60,2026-08-14,17.848673397134494,9687.32710361424,33468.67260644539,35.028159736729535,191.17141220587558,965.8032200129356,3.175812999511675,13.252812131064816,0.09857114512011332,0.47256128547202314,0.002104692967000718,36.88779824495542,59.443943095668864,12.533776273858507,65.07332192500255,75.19246162450544,0.04834794879268477,14.07,177.5545
TX-108,61,2026-08-15,12.427747660945338,10167.569974641228,34422.516500161226,27.235008476460415,229.07850972073624,907.9207698161874,2.8859505213283803,17.680113229492598,0.06327836928934005,0.5636410401864544,0.0017359436152591349,35.21153253941552,59.117904368818934,11.076998959547577,68.9416595779053,89.84973253916228,0.047787743493489215,14.46,176.131
TX-108,62,2026-08-16,16.006424106582884,10028.49562583125,38461.01367470571,21.222092869282342,216.48169435815447,841.8298948684853,1.8220179892644106,14.278939805141517,0.13696097581821107,0.46719754047997997,0.0022372296519693833,36.19867219706337,59.98095479607072,12.120455618411292,59.85110628037666,69.27068909461883,0.05907007624329996,13.42,179.927
TX-108,63,2026-08-17,15.182037291111202,10183.67072072184,35266.3151593661,42.77670103942814,200.47300996595789,1028.4328034389048,3.066751611103366,18.388397949161597,0.075500438214837,0.509232610381543,0.001881893964822959,35.13947233585004,61.83356439399919,12.378809605357946,68.66114807008081,69.63823125380844,0.04177165542476284,13.4,180.0
TX-108,64,2026-08-18,15.048315219411798,9980.673910804457,34628.281262351615,27.052358900988523,233.20061944374754,870.973023949321,3.713039061106341,15.025486730408117,0.1129685786162809,0.5278854821481841,0.0017527175778947444,35.36720292155249,62.89249941670066,12.251612253100356,67.70383021867903,80.54617475673749,0.05307049658364987,13.4,180.0
TX-108,65,2026-08-19,15.55943615317424,10273.65777956065,36526.56509295123,25.113533455482557,214.3178264856187,885.2737695402146,2.804236578174146,17.591928758057147,0.08533707503872294,0.4302615469844999,0.0022387148676157563,33.579606143446114,57.10808538306215,12.908267689989966,65.47616675168746,78.7817570189502,0.045575724252203784,16.87,167.3345
TX-108,66,2026-08-20,10.846781605172943,9407.106393191167,34455.622201137434,25.54117566254368,215.65700790158252,863.0033649572465,3.092518023682653,15.310296256452862,0.10773599108849054,0.52497412636445,0.0018968298227662265,35.18396926663383,60.354012192630265,9.571109690906635,66.93957723757848,76.19953756976201,0.05564048865243571,13.4,180.0
TX-108,67,2026-08-21,11.139469213658213,9842.113412418803,32816.94108686884,35.655033044594234,181.5577999762794,825.7076174462143,3.2671570641359904,13.741250935445505,0.08143218686421883,0.5453359714770092,0.0022843135269775606,35.722071192541,61.27306451091044,11.768420721061943,64.38622107609015,69.81534977173118,0.05167729167715977,13.4,180.0
TX-108,68,2026-08-22,13.416305018022456,9783.466897036511,36199.8008679658,37.88355860249772,217.769516960031,1043.5452692194053,2.647242213983626,11.324050721581482,0.1142925577917911,0.46140832236766344,0.001917892327467391,33.230203489878875,58.65118462898126,10.497772583420764,63.69709020973909,71.8435880489364,0.05089960411548209,15.02,174.087
TX-108,69,2026-08-23,18.719168893065525,10338.453132448909,31755.660727579037,35.02977576438607,212.18358688043816,892.1738854371122,2.988650235031387,15.40910485617251,0.08616226417972869,0.49088245712376793,0.00235518173716755,34.29609421557446,58.45516803573736,11.93829265212615,61.608300629730955,61.21773502836529,0.04655532822925184,15.25,173.2475
TX-108,70,2026-08-24,19.34586565369177,9980.697952061553,35357.15418889643,21.367793006962135,218.85518383740776,907.4692689047833,2.667542585980323,15.360100942804747,0.10340243234315921,0.4470256035821032,0.002099556118033973,36.197135422527154,59.65808778678973,11.132405797562893,64.46725979059481,81.83690556051543,0.037736811607027285,13.81,178.5035
TX-108,71,2026-08-25,16.735674776352543,9660.99277073976,35484.12616275947,29.22571463388591,198.8965159439374,1021.8475932988038,2.295456704733254,15.970732355091089,0.13462648821842574,0.5342760963236411,0.0016006708942882455,33.718419491084596,58.8725619350304,12.157907911519874,65.67782808226715,64.82642756560246,0.041272425415530334,14.75,175.0725
TX-108,72,2026-08-26,12.56555253905994,9909.626595942553,38969.39091458215,27.410271892392462,190.84187943983272,809.3487763884924,3.317772285621116,14.917316807289795,0.08207546903660083,0.4818602208110834,0.0017625469097126898,35.29589128118924,64.02656491019451,12.550864405692236,64.7210344546779,69.68019610009638,0.036565999181151505,13.4,180.0
TX-108,73,2026-08-27,17.201069194209108,10339.67708918316,34067.79800661839,38.17171334661875,210.94735593723001,961.9808588316108,3.1480985010165057,14.645728240244724,0.08090230777385027,0.4927231703818664,0.002252615200668454,34.49186488810057,60.65961209340477,10.917264117975996,67.34017500839107,77.50353069191969,0.03797889241163499,13.4,180.0
TX-108,74,2026-08-28,14.327956429435163,10465.720454659186,32481.93491869355,26.779128450176962,209.2794591207783,1070.6664584345756,2.663710957980251,15.99054799917099,0.10520270815202702,0.4705240049867228,0.0020483400055354623,34.552165337905045,59.46329281482523,10.338728097226866,64.92669129540103,82.1927480529804,0.05057425774779686,14.04,177.66400000000002
TX-108,75,2026-08-29,18.27152328246729,10290.16372297251,34880.91738733956,29.02308808966351,201.0883049662599,782.3591620850303,2.866460554950837,15.291997517128307,0.13430842195598466,0.5264160161639438,0.001740543805958607,33.5606317244812,59.69017186919314,12.811764446827748,64.33815098991684,79.33587340004476,0.04818874550747812,13.77,178.6495
TX-108,76,2026-08-30,17.151001304146796,9201.37098864717,38208.3642402922,26.629134824975015,226.83240692506337,878.2252804264836,2.9420860498165498,14.517796188059704,0.10511209170102986,0.5228762271640448,0.0023175084535469203,36.40794888259738,60.497732320165056,13.713674239168304,65.27891762846744,83.61952289802339,0.054287196729061474,13.4,180.0
TX-108,77,2026-08-31,13.352386105723902,10090.617077189921,36006.34375501825,32.059397620476496,219.35907174739881,969.2290367461516,2.9883134290020537,9.112224662635038,0.1335654030298674,0.48512042848898357,0.0017530159337503107,33.87588970434718,59.49533114649953,11.437252168683019,62.788971608345925,69.54298984124341,0.055297428240598225,14.01,177.7735
TX-108,78,2026-09-01,21.091090323009304,10410.28579900745,37245.19636950914,30.362174331651808,213.33942975543908,934.1185923384229,2.670221053178615,14.148539858901765,0.11709103916666154,0.5545146377550054,0.0020202230808545776,33.80484281922127,59.556612025173514,10.558668865494129,65.22560722950418,77.04322489017135,0.04729289578962224,13.93,178.06550000000001
TX-108,79,2026-09-02,15.725133667149613,10208.45061954192,35513.72408581425,26.270409238796823,206.3250169911535,932.7874382613014,3.789355885653,14.456148499522605,0.1110168040089622,0.5439075955961912,0.0019410116904882322,36.14840774748734,61.803260747146346,13.38038473406119,66.3752965069566,93.88109799726028,0.04384716887235659,13.4,180.0
TX-108,80,2026-09-03,21.372232758536818,10384.149744329216,37680.77466605344,30.706708138968885,228.42397861766244,1014.157933093149,2.4563206781380638,14.673347436369161,0.05717494623537625,0.49108335115754215,0.0017551975419619742,34.782232312033265,64.38546503640698,13.717803506797198,60.681657389898106,79.44590641279524,0.057989310870592385,13.4,180.0
TX-108,81,2026-09-04,13.98630873988623,10089.153801579274,35551.96441483,25.602676258764106,191.05207853364408,913.7837374752793,3.0497012639908836,13.582874569165462,0.08411247720292311,0.4955110375164397,0.002265845285894982,34.92351422905313,62.43409624595348,11.30417945233744,65.57932940436447,72.16563656716795,0.055879609464131105,13.4,180.0
TX-108,82,2026-09-05,12.655236353324412,10963.698876996878,31618.77519384799,40.94197053287061,213.62261605452355,944.1939665397531,3.667262451545979,16.71532299033214,0.08539946224413877,0.5300044777631301,0.002560242191790385,34.112708287839176,63.17764276679097,12.385702485968563,63.700316684239226,67.85368492313397,0.04776712925591726,13.4,180.0
TX-108,83,2026-09-06,9.134165006788514,9792.377765470606,34474.14551228878,27.021337300303248,226.92393162741394,882.498696976849,2.682102727692786,14.349332129862914,0.10710214946631694,0.5036610605233497,0.0017897074735737269,35.12565347404045,59.92398606365062,10.860535776851187,64.13448591947822,79.6347061633671,0.055721382598965086,13.49,179.6715
TX-108,84,2026-09-07,14.310107002789819,10338.386397392987,33040.08900603076,27.67730256629468,207.08610952043296,1019.8052908869709,3.081625813269103,14.449268380668457,0.13088276002413293,0.48565307823982307,0.0026704199711857983,34.48871687637926,58.482406906123046,11.833638025148124,64.25274721748895,68.53824018920574,0.07601974078158437,15.22,173.357
TX-108,85,2026-09-08,15.95587970341575,10232.124786835791,34076.241465726154,29.56273104493163,232.7665569576404,765.9326581928192,2.428567763604816,14.505382988784891,0.12702094611268624,0.4812741513515263,0.002124845467182259,35.02772867938809,61.94438761940521,10.415276981787079,67.20788961116833,73.40880856205922,0.05924884193919408,13.4,180.0
TX-108,86,2026-09-09,12.542153681699054,10012.19653493142,34794.986578174634,27.467736823451187,186.79131064132696,853.5670910509486,3.0649655644975,13.486175551391014,0.09339852873944365,0.4057101322758214,0.001888805023854881,36.023586646625006,61.05777048895512,11.913078062972856,65.73095817504249,68.37391683524675,0.066244386832914,13.4,180.0
TX-108,87,2026-09-10,21.203287519541718,10082.411815352987,40181.37167212299,29.107838533772505,187.52216715586704,843.2300996724706,2.8902548674625046,19.624133102405928,0.09437681745188081,0.45701720935979895,0.001730462342126769,36.14002211204328,61.495952622463555,11.51452181364639,59.37264765176853,65.97125164232573,0.06721243837499544,13.4,180.0
TX-108,88,2026-09-11,17.06642365364841,10032.730687779153,38737.66634630212,42.32921796690276,211.96914097499996,898.5942591574667,2.7089766589439614,14.43079342502973,0.07027350048399758,0.425480681190797,0.0014832023393282297,36.08433700691945,57.65789666563116,13.949962298706154,62.808866326401784,88.8987992542603,0.04634945657134526,16.21,169.7435
TX-108,89,2026-09-12,10.301439687238569,10641.889449032735,37803.73125526645,28.0361678129061,206.19906873925675,827.5363250751217,2.9397366527711406,15.21565829488171,0.09297233881769143,0.4090554302304573,0.0018257362054729933,35.703518763554044,59.68665068610613,11.672559372438295,62.207670364907706,70.11958904641907,0.0640894810658196,13.78,178.613
TX-109,0,2026-06-15,17.16246929005569,10023.527610451762,35489.62132624281,26.33821859492691,192.96445267904167,899.5423855862434,2.739666517695402,15.662864208073099,0.10914878032246142,0.608635331180996,0.0020834570088087115,33.08775734448116,61.74452862125802,11.796129358363807,71.03577608881056,86.76739562004246,0.04494732616288434,13.4,180.0
TX-109,1,2026-06-16,17.165708351613524,9703.022426126056,35005.38165282939,33.389440938862656,222.30758845639463,971.6164663108992,3.037494815956414,19.966847800162434,0.09269959186945823,0.4196399684150351,0.0015755902114372028,36.474007730122345,59.885020620229795,12.159057498054093,63.37242836022699,71.37838016560649,0.042129041390507056,13.54,179.489
TX-109,2,2026-06-17,16.413452439990266,9951.310041231449,35870.0107556068,31.71622566077318,191.5775939982709,783.301549975777,2.2271002020003214,21.05330318339013,0.1295634688884662,0.5670091283445607,0.0017976179579039316,35.00950973376312,58.776955811425246,10.687917904834109,63.2336794388729,85.60947970743663,0.0584074536692397,14.87,174.6345
TX-109,3,2026-06-18,12.089855995133934,9842.591974921263,36498.246343873165,27.17369362534196,201.73447790304783,932.1477957651849,3.1954652759220656,15.508290855380572,0.0869260565243498,0.4724512706240592,0.0016599050445438124,33.438663406497724,59.827876887464654,12.816259614587192,60.85915281753816,77.18378595299406,0.057846312133833955,13.61,179.2335
TX-109,4,2026-06-19,9.489798693535963,9864.70944993189,38292.420400916744,32.797772557158396,162.7811943606119,952.6671569929289,2.6261316028858355,16.38261386018552,0.08619836466798453,0.4973483777794018,0.0018387371694311152,35.00315772273851,59.149079739133484,11.776461758445523,61.473184975067966,78.92527676331193,0.051752852086439254,14.42,176.27700000000002
TX-109,5,2026-06-20,10.150403477687547,10496.458330100964,34647.42408069101,30.856396316643963,215.5291551179058,926.2593793887987,3.5826015792304498,14.413408955589178,0.1206885877245408,0.506146230890366,0.0021522900273520072,35.403629172797906,61.86109548796429,12.721412373559293,63.671163559070465,69.86986364800121,0.049502458524051676,13.4,180.0
TX-109,6,2026-06-21,12.719695676762258,9473.903899336827,30743.895061403917,22.310787413413745,239.99363323501697,847.4799800296179,3.9517301499105724,15.806309202311159,0.0990048395672779,0.4249697441589383,0.0020014006686728146,36.89218376696823,62.33645511602511,12.274238652697578,61.553994902284956,67.34267723800679,0.0414740815660754,13.4,180.0
TX-109,7,2026-06-22,18.8344647820881,10815.86021805438,35391.78566993517,28.551215892034413,231.3073002814706,821.7141167308037,3.025911663800183,15.925931999092262,0.08274398785647202,0.46820428893043464,0.001785878726243719,36.41672685598809,62.87155091558563,12.11479253023656,64.19534423887164,70.20127140005363,0.050017463134503296,13.4,180.0
TX-109,8,2026-06-23,13.349334745689632,9951.48487882239,35826.46564600785,28.049570222791225,196.58891343143335,885.1636411942156,2.8412182826369303,14.117104245967578,0.11524393205873612,0.41146319855117786,0.002472283957700379,35.135529463203,60.91502636397977,12.725077783148876,62.87582251990828,67.68513155056607,0.03967730715346173,13.4,180.0
TX-109,9,2026-06-24,14.258795910514234,10349.602345775515,33832.47594955835,33.125310004727474,153.06983464195577,869.1546238419801,3.5835686838057814,14.65805742193413,0.08341712727667668,0.4671578388931201,0.001091593231079536,33.98819802958808,61.585862058768875,11.417397233103769,63.606366913996325,56.34550250370874,0.03369162206887438,13.4,180.0
TX-109,10,2026-06-25,18.570147535799258,10308.647040330781,32405.121937121137,26.94230671306273,199.8923964946685,804.3097814274595,1.9979280582431995,14.681579225121128,0.11145217124346482,0.5295928659864977,0.0022625712156626437,33.44644273822018,60.08685286474041,11.731548635770878,64.73833794350843,73.3057469309269,0.04339551819392484,13.4,180.0
TX-109,11,2026-06-26,5.946628637353186,10580.914510285336,35659.98033095018,22.68323660033918,209.98606074996368,864.2156154398824,2.790513841791135,13.463170797021935,0.1107386094530453,0.4600088214241901,0.00167094959417282,36.131744810605994,59.73167788534991,11.852513610007792,67.07739236082999,69.6593063932306,0.04531846827353115,13.72,178.832
TX-109,12,2026-06-27,15.917145809168506,9229.311198768117,35442.198093536426,26.33564510920776,217.68046387467598,943.7330661479928,3.207274178487515,11.786082702890885,0.0979320920965236,0.44113667197928613,0.0019889408291068923,32.68472032311026,57.68875159743713,13.189033608840187,66.10715952801968,72.16947322016266,0.04091256677313777,16.17,169.8895
TX-109,13,2026-06-28,11.74723824723872,10100.077877544263,34312.735380815306,37.85695518879386,196.9233219608304,904.6976393795627,2.3057482659723143,14.278601549645721,0.10353982810135973,0.48136071443934064,0.0018543114399277303,35.32690962561532,62.27223492234148,12.144969370307827,68.43255885041941,79.97281902015025,0.06084353374667851,13.4,180.0
TX-109,14,2026-06-29,13.170840229960087,9896.5362525078,34594.45285847067,32.86462232212025,216.5144371407391,910.0044952889513,3.438353288687932,13.873337046037253,0.1177075510579825,0.5507904721092933,0.002203248903777399,35.13416978348121,61.06998499860745,11.10599553476151,65.59508679308063,77.40408381460098,0.03670484336848515,13.4,180.0
TX-109,15,2026-06-30,16.423752758818562,9375.590637159092,34144.16340418114,30.341557802774737,186.09903733931012,906.6043230896255,3.0332784952181098,13.359636721282317,0.11135948917648662,0.46179217483468843,0.0026863923124204082,34.890521176669395,58.24305878251495,11.015658233786228,68.44274139409491,71.72678680225236,0.03636236192170032,15.51,172.2985
TX-109,16,2026-07-01,17.5611382413833,9792.213056110959,36306.8390222387,34.830100001766766,206.25062014360154,1091.6725916548266,2.137628753533388,13.364099849456384,0.09488099990792086,0.6130586764304061,0.0025394007410306637,36.28869086739392,58.808814088881135,11.32248526022957,62.514319894578634,68.7325848956739,0.06492704607275974,14.83,174.7805
TX-109,17,2026-07-02,14.26869862981247,9944.25091767803,36548.77357384686,21.84414687040914,201.86185012827787,812.2502617061664,2.852792539720841,13.827158612081575,0.08724038507937487,0.5112790903353183,0.0020663640207177533,34.78017941076602,60.55602651448673,11.13138545914645,67.04475760711829,73.35040782273916,0.045163364378621035,13.4,180.0
TX-109,18,2026-07-03,12.615723564891056,9879.30126976666,38741.27851369185,29.85473475715895,177.96844731549072,973.5055253428037,2.764035782104123,15.56751800870494,0.08788678899146844,0.5640386658071584,0.0018227720730062107,36.397857978577534,58.42610912320682,11.70709361428452,69.19998735772035,76.34539379825071,0.07271465941805633,15.29,173.10150000000002
TX-109,19,2026-07-04,14.192578652285949,10128.521426480336,38810.29854409763,22.611204391053437,168.14910171019312,836.3593458232474,3.406686344736663,11.780297633336122,0.1119409811312404,0.5263353347244447,0.002604317069960587,36.04548492551237,60.54607535624666,13.35913293515296,66.6167118233446,71.31943956298238,0.03855394222951139,13.4,180.0
TX-109,20,2026-07-05,13.291903188920758,9979.963062726441,35350.03681069921,19.51435935142387,196.56048001080842,902.2865415639556,3.2737687224399203,18.2536017650127,0.1037130707089054,0.4545218561876141,0.0014545761849195584,35.68701095811238,58.69636896078388,12.866836977161347,69.1922604564877,62.64740187216661,0.05553892558758963,14.96,174.306
TX-109,21,2026-07-06,18.877867231018033,10509.519662640141,30807.241126179088,25.931593984982026,175.39566092974428,941.8778204117641,3.2066633117427488,9.60421624411875,0.09398336757344317,0.5400359915170554,0.002044392797367237,35.14626691949986,59.452509469921935,10.941059058925322,64.94883252832855,75.416747609881,0.05615254520332956,14.06,177.591
TX-109,22,2026-07-07,17.089499772886384,10042.93070958162,37189.81672916966,28.334747735364573,172.1663639826225,938.1642935534564,3.0631897771946273,15.993863031359727,0.07471097303434145,0.5895398044305522,0.0022131507240990924,34.712003109000875,58.596820281053034,13.077153410432249,61.69469065380843,93.09091859833656,0.04386795060100669,15.08,173.868
TX-109,23,2026-07-08,20.161515643816834,9907.763107463643,38161.49341764062,26.54454540900373,201.47116728661558,964.3799464136453,3.3310385683479113,17.20152366731577,0.09025055770396871,0.5042404186424906,0.0023745165727994213,34.29474449828105,60.8588115916776,11.78083976022225,65.61762231974781,75.6764017313156,0.04211716849215036,13.4,180.0
TX-109,24,2026-07-09,14.217920423632657,10072.466126038353,34794.55200257574,38.09208455920039,221.34113518747318,923.1984398794797,2.6184269086402487,13.351953816204093,0.13947622070560822,0.4495057281963903,0.0020341578854451573,35.36094871434868,59.53301452277504,10.99779623542264,62.64531008298054,70.62795998156777,0.042905071309022214,13.96,177.956
TX-109,25,2026-07-10,18.98316117954279,9995.437003263685,33952.397797704776,30.772711896658105,214.54872649250868,872.4304235153936,3.4509906475879575,12.457706451286882,0.12342607264232829,0.499552383011389,0.0019855962944744813,34.306985675535145,58.15822480422988,10.33332806418461,62.71166999315064,79.70138576481882,0.04038721577695338,15.61,171.9335
TX-109,26,2026-07-11,10.354655442827074,9545.467344581106,34230.33336499137,28.519932431103197,198.65933455721952,982.6085076841503,3.6246272190457445,19.010925010778642,0.06750185366602864,0.4572058039831833,0.0022095455471179263,34.54596878447497,61.291179704773846,12.207113430114827,69.73761263011039,83.34172891146149,0.06061016626558982,13.4,180.0
TX-109,27,2026-07-12,13.764385173918912,9951.269577015864,34389.49308486529,22.72749469325831,230.7201621674499,959.630984707457,2.8274864379595313,17.609185014919944,0.0873926470650569,0.4080932765772362,0.0023022109258680843,33.721439766884004,59.70633680156403,12.20612304078376,66.15639603421629,81.78720844963037,0.05580851426267512,13.75,178.7225
TX-109,28,2026-07-13,16.64967757968608,9604.624108971755,35588.48711453532,22.738722428350197,232.57511536206025,787.7948140945421,2.8267800806218277,12.362251521946433,0.08539667428268696,0.5006714207716025,0.0018413725704451995,36.14424625814562,60.34035152394419,11.537090270771406,64.59925421007786,84.75760365644749,0.059088708832844665,13.4,180.0
TX-109,29,2026-07-14,11.583687317953768,9659.674142930198,35949.57963736874,32.04282207582881,180.3723149004928,959.9301271445299,2.554562929906802,17.607653547712683,0.11058898312499243,0.4434037774677139,0.0018412769895609765,34.45353938547137,60.239815081953495,11.79602310198751,61.56353325985465,63.84592683021939,0.055490233343978616,13.4,180.0
TX-109,30,2026-07-15,15.85871059369249,10052.768778602516,35541.463717920924,27.19091027516132,205.10737721943534,1103.0804451987415,3.5872835603735718,14.423183098080326,0.0895325650579752,0.3569780301254216,0.0023206082458954095,35.78660535377481,59.18425804608526,10.568292317122872,61.53419767043082,78.55518289983539,0.04910659266337486,14.38,176.423
TX-109,31,2026-07-16,17.074776052821843,10043.221569184092,36933.51766423297,32.14289858184061,218.0510220026105,732.825327126245,2.38282721475127,14.271296660224746,0.12159137569800485,0.5940264863033871,0.0019507292652839367,34.38841993611182,57.06754718361329,12.863563764073163,63.34942827441657,98.66667735486524,0.04260596079965487,16.92,167.152
TX-109,32,2026-07-17,21.315825290581994,10374.183691793733,32943.471201357264,31.465258690190193,216.95030926587063,881.9798245986733,3.418991355276149,16.63191431869732,0.11192677001188263,0.4991763315976247,0.001647517973208162,34.92321462452477,60.264096995573766,10.123949128962176,65.50770594797403,74.22558988151886,0.03703373929215046,13.4,180.0
TX-109,33,2026-07-18,14.00098082792473,9844.07682658285,38860.18906698684,31.41464834495198,222.2911880966177,890.5747756407482,2.0630417415824582,16.344683697643248,0.08683626540824918,0.48321999350060446,0.001684108625265359,35.07276786392136,61.59776754243368,12.932738108474625,69.75856852335549,88.82367566363288,0.029541257697417767,13.4,180.0
TX-109,34,2026-07-19,11.419138317212603,9095.904210836723,36263.86082077918,26.858164562162266,191.83426076891155,882.6722054458036,3.191285344045376,12.029357903987087,0.07482273074731827,0.5000648103265554,0.00235962378084634,34.974602596748916,58.81251044042695,9.851791319662365,67.85802675518083,69.11254680487616,0.03852563084248279,14.82,174.817
TX-109,35,2026-07-20,9.854024320623656,9280.449594429017,33077.57155909229,29.138846667280156,177.49061764604141,914.856643003811,2.8767761300409487,19.443984578369054,0.06591113767214676,0.5080739715156191,0.002052201496712287,33.96944259607685,60.142878596171194,12.769594366406716,65.2894744476735,86.0757030785587,0.028223123819046615,13.4,180.0
TX-109,36,2026-07-21,12.47329976159184,10737.528023615472,36824.0526665277,33.04516577167524,226.37734420710814,746.6753697038585,3.3978053313614103,17.128740324838844,0.08682599667648527,0.6314618558945613,0.0020589046892186174,32.807230957491456,60.571907996900634,11.280139970010602,68.49498582178856,79.38355226713038,0.04402077927723809,13.4,180.0
TX-109,37,2026-07-22,19.507355754788687,10469.725652989655,33344.1600246358,29.59189867963244,212.09895622746498,870.8589389781903,2.8328002980763727,15.073450056528968,0.07868402831925222,0.3883617330711516,0.002071740458699611,33.01110005070481,58.51044194528292,10.228417641051427,60.054666656716094,78.41084139295434,0.04777691834939927,15.19,173.4665
TX-109,38,2026-07-23,14.22479863359563,9342.049108187995,33688.30182232288,32.2439167455805,200.76645944151778,965.8139248833588,3.4825460060629574,14.495560283483579,0.06295501428159016,0.46216775504668917,0.0019706932157381924,34.223512947995886,58.41806368299937,12.069752284223487,72.29090930819984,71.094495503709,0.04997194147508226,15.3,173.065
TX-109,39,2026-07-24,11.063892368307034,10621.700527520758,36749.48608670285,34.39982851395203,229.05170530920714,865.8126916244154,2.848791090077189,18.4197570637733,0.11265456205889118,0.3890389089327919,0.002136446292691103,34.4183019392304,61.347257736984986,12.408190469420173,59.778371707931605,77.15064136396381,0.05210627727251608,13.4,180.0
TX-109,40,2026-07-25,16.09038745939436,10287.764425956655,37991.931919643466,32.45011963178682,202.3613426280659,991.837404335058,4.121370361794884,16.83014150833618,0.10412412253616181,0.521626527488446,0.0020768131278194775,35.01851841527333,63.247756247259574,11.250946625683568,68.4647174847281,73.9931444583954,0.03519580829861276,13.4,180.0
TX-109,41,2026-07-26,14.435046769240481,9726.612083123042,36155.154636835316,30.846692664101063,181.51042048108167,1017.6806330791773,3.5450670022378623,18.1721110641928,0.10473929328136233,0.4982133465859655,0.0022110681447855864,34.4225249790791,60.19508933207975,11.824322100678636,60.61689704843024,76.01964403871258,0.04559033108256698,13.4,180.0
TX-109,42,2026-07-27,14.272343507945088,10181.892472824977,37545.06626797325,26.1558579651612,195.26737778691833,838.7933842912151,2.5849097061005044,13.810862112700455,0.09607099434369612,0.5292935828438752,0.0020961337294354513,33.94314300091675,61.94124048587573,12.944412306477037,62.296443048170886,84.79288713535648,0.053269384125962764,13.4,180.0
TX-109,43,2026-07-28,14.530634091224261,10179.040022239657,34948.45840874896,33.134618557401005,205.79243688759323,873.0059158182238,1.9870866204193083,16.054365081263853,0.09252689443226533,0.5388973304822623,0.002144502518682716,34.65233578884399,61.534482286616004,12.204841661836571,65.49092854213426,73.89511450589487,0.06683555712239798,13.4,180.0
TX-109,44,2026-07-29,12.860199812713025,9838.662731270473,32525.329709840007,34.052397538709386,190.45073063328084,862.3971534618943,2.7415316839214094,15.125443832124775,0.07498480830681709,0.38783773669488697,0.0021373112112178317,32.88644229379629,61.28120667596607,13.558527749535148,64.5073285881949,85.39594357376392,0.04975743580456781,13.4,180.0
TX-109,45,2026-07-30,19.79772347723361,9771.891073943394,30270.236381137758,30.02870029864723,236.30055896411346,942.7974644752335,2.742338385731078,15.657802338569464,0.11942249676905106,0.49571917805427645,0.002787917025602714,34.48258204348051,61.50376608306712,12.7619372364818,62.90051772590583,71.60447786121861,0.060180986474793655,13.4,180.0
TX-109,46,2026-07-31,15.434363662812723,10169.035863363637,31728.065292591287,33.71776916208313,207.93481631301447,894.8871981887078,3.180445931529538,14.1815645857515,0.08816194992233052,0.4879057234180445,0.0018607390465045109,37.1805295610432,61.367806093265386,11.0315310760283,71.10888800678252,71.5371471085095,0.05029455367464285,13.4,180.0
TX-109,47,2026-08-01,17.69225158479396,9015.005728051192,34525.948306118065,27.580623498529672,206.33806535771024,929.6039746612354,2.961370317333824,14.752705403642024,0.12130262745270891,0.5150742965167019,0.002012427503015583,35.14787059146014,62.75383349629533,12.172673976984106,63.45665448510288,59.728007291111524,0.03566062625965047,13.4,180.0
TX-109,48,2026-08-02,13.598922314760717,9945.811578022925,33888.75708077952,32.21252950568744,190.9138872121258,826.8408583891655,3.3063219176787064,17.738788993756025,0.07785664804506905,0.5121857931853906,0.0014284986025538547,33.52546186927284,59.11685125803424,13.134910432377193,62.663881910883575,68.4711962018756,0.050360872818944497,14.46,176.131
TX-109,49,2026-08-03,15.111250833449551,9607.434263622665,38972.443134526475,29.13950962197441,204.60333208611797,867.8576369831646,3.21998578107559,17.469915119408235,0.13327327393909144,0.461886716236806,0.002330238552890364,35.54968081955102,61.46180491419012,11.908120727307203,64.43887768015345,82.48571716571195,0.059546925060562875,13.4,180.0
TX-109,50,2026-08-04,19.69716169158566,10099.273777725244,34786.17074473049,18.176575454673138,170.15400601331407,868.4598715853285,2.4494705343768923,16.62826113086649,0.07379958076842093,0.4749347835824856,0.0018613920520584534,36.20474308339944,59.087641876470535,12.452412118047988,65.58711838256815,82.22630788357824,0.05850215052116481,14.49,176.0215
TX-109,51,2026-08-05,14.899679661391367,9151.85274369641,34536.518226708744,30.385581999076276,208.14698577174076,840.9955883823352,3.5704505592043065,15.027238836629985,0.0815900530437575,0.477088608062916,0.002578562796190049,35.6643778929465,61.57268483334661,10.958413030286586,62.933510923448594,69.54862155295004,0.051843937375886225,13.4,180.0
TX-109,52,2026-08-06,14.477994506743322,9755.25279437149,34271.860814993095,26.524701155454576,198.8775997061214,989.0572467066997,2.2434303242251232,15.69295886727046,0.1276018538975925,0.49084064507172165,0.0018413371912562313,35.924231485950585,58.523667184696734,11.977308470061269,61.88046769884282,60.03919223980576,0.04848015735205205,15.17,173.5395
TX-109,53,2026-08-07,11.209814810199049,9994.164743335416,37230.05924876141,39.77567098932092,204.3925554584782,981.5372665580479,3.1994813250533167,14.233772772249882,0.061504472921382114,0.5813246163541059,0.0016852693432156632,36.38277091141777,60.80521144389338,11.02398721475264,65.93599508545685,92.06328849028264,0.06535652580863771,13.4,180.0
TX-109,54,2026-08-08,13.461860831596654,9644.009620907658,35200.41607463214,29.68634217816651,226.56430182793306,959.1671309137444,2.1538791992357886,15.917350510847823,0.09641818078265264,0.5018554068014033,0.002074682904278198,36.198729005276604,61.466689445319034,11.250257259312704,64.82416409693099,71.41182885714231,0.033181540310934024,13.4,180.0
TX-109,55,2026-08-09,14.67188847719673,10922.377213779548,31575.913212500505,30.403118721808237,201.4943755423494,923.0188377411456,2.5186375213030345,12.149778818400092,0.07242804686410748,0.5665466879165739,0.001705194207691443,34.500437808346824,63.15694889791946,11.265744343223544,66.02719879385278,83.51049341300406,0.06015720186979243,13.4,180.0
TX-109,56,2026-08-10,11.005270928868958,9643.323776149251,35604.72795250397,40.17803184411792,187.43450961318337,860.5109612711138,3.2097872107005023,16.239316454696752,0.11360508008605474,0.45768220675826,0.0018403855589196785,35.21550119980197,61.89346696894242,11.761515917881573,64.93309429974855,66.79257250288472,0.06863226831892243,13.4,180.0
TX-109,57,2026-08-11,15.46278884142513,10538.87738977837,35059.7944161352,30.9687967505114,172.70612930443048,727.9390504245946,3.6259526059179796,15.15611642852484,0.10412856245973237,0.43754731238997946,0.0017290807466619129,36.06230200113499,62.610215656262156,11.378725986227447,67.01444986508916,76.52019946145285,0.048794710599222746,13.4,180.0
TX-109,58,2026-08-12,20.555877060534957,9773.399176988623,37481.42527403497,32.45909487659747,202.42210500963975,1009.7613738426462,3.145067249211514,14.807144940175439,0.12758884345964067,0.5624631126885946,0.0023605889963461625,31.112195658380337,60.66026493860762,12.21211719306997,64.89541023774355,79.87823707178143,0.05260556872504528,13.4,180.0
TX-109,59,2026-08-13,17.033422251981545,9866.019096122503,37996.361260352984,34.45621611734423,213.65800760269735,939.4964186965491,3.578640653746782,17.04337557387098,0.09774455892907424,0.5495155190411648,0.0020522156720126136,36.91692679150033,61.64659171657045,11.374390681438307,71.9921320683508,58.18368131208136,0.05637354740669043,13.4,180.0
TX-109,60,2026-08-14,12.911258011664142,10941.09014683651,35505.612130590576,26.602034700137384,197.5251658834733,842.8854833067527,2.8471115107149605,14.34270476822099,0.08497688262597891,0.5135031905791312,0.00211736724902202,34.003693608724035,57.512596855434005,12.310956452149572,66.59576165335861,80.84173409568987,0.05551174381594128,16.38,169.123
TX-109,61,2026-08-15,19.71815032721097,10498.53394346563,40359.65639283115,46.0837648768306,167.74059271043507,724.2289095011324,2.9963043510766427,16.008464859760643,0.09848229981988556,0.535179022302888,0.0019189273773804875,34.30604923658588,59.18566371022343,11.799831630935795,67.53053703218045,71.10607442667336,0.04711031297083295,14.38,176.423
TX-109,62,2026-08-16,16.710650532133062,9900.601801227405,37233.421101290776,25.99251459858345,180.22295366948404,924.3703227214675,3.202144231132398,13.270081011833174,0.12687190802654852,0.5962468404885113,0.0018116437361477855,36.48730067273119,56.426801741998915,13.076112266718026,62.426711686614745,82.80858145577712,0.04038724014043335,17.69,164.3415
TX-109,63,2026-08-17,14.794537396119614,9594.94220172908,34572.238604435835,39.74918277150386,200.83905720239008,1068.8241299140668,2.8070937194535817,17.983529407613602,0.06748614786974394,0.48567454723109044,0.0018391670044023928,36.53770560079714,60.27787317905411,9.911916830352505,61.06961103582931,66.89870200496479,0.05934050294112169,13.4,180.0
TX-109,64,2026-08-18,17.415022450968827,9849.80028351944,33902.98041276485,34.191020698194784,180.4549356210834,936.6135182360282,3.1862589984351164,14.450820813866471,0.10795355930091431,0.5051047176537342,0.002149225848426962,33.66589769151991,60.92175297079305,13.026601329502272,65.96285426169334,79.809726807932,0.04890080682590238,13.4,180.0
TX-109,65,2026-08-19,17.67399769878913,10032.623563989928,32704.11743509078,34.71967713545371,170.4100568550316,922.6223795430707,2.80788857497651,14.103748500590576,0.10343977499852411,0.4645355904591003,0.00215366180423835,35.056796632622,59.0740590728817,13.338179570046318,65.6143478308985,80.04640746739585,0.06416588729494421,14.51,175.9485
TX-109,66,2026-08-20,19.200535607383117,10289.892726928094,34394.683597980395,23.479594290444233,207.27438015024634,987.5667452653909,3.1771574096966426,8.110831900464206,0.11740124309652936,0.5465749577387871,0.001909633341882106,35.98836167525352,60.941948121590066,11.314493207717971,68.81390334865306,64.86018461515108,0.04942755328961065,13.4,180.0
TX-109,67,2026-08-21,14.528993061683744,9587.28092390561,35607.58773529793,37.18947459308846,228.1429879133436,957.8931371793533,2.1520387465598523,12.328095398245761,0.10332338239517537,0.49828824794582294,0.0018505760517505054,36.905323197454834,60.15879022975671,12.542412741190818,67.96368164284534,75.43966759737968,0.0759106216791237,13.4,180.0
TX-109,68,2026-08-22,12.178883092692889,9696.964205052938,33114.348563434985,38.460438394452574,219.27745229595322,856.4678469825126,2.56806181252261,17.769781001205207,0.10723375430677719,0.5705208984308169,0.001981955194765533,35.5115353224336,60.450341482866,11.375888665625931,64.56756752357298,65.52557324561324,0.054941068237272433,13.4,180.0
TX-109,69,2026-08-23,17.28374623904058,10495.080600052659,36333.08978634201,30.015613146893813,234.32273204858438,971.3846790183636,3.6942731508285522,17.9025734089407,0.0974880068938622,0.5193939728446618,0.0022323695550492432,33.850858212465575,58.3095402414318,10.700688354004923,64.67569973444033,72.33346352630721,0.035643293717047615,15.43,172.5905
TX-109,70,2026-08-24,15.448074683096033,9952.190541641703,37364.48034015398,40.73107609216411,212.45991029079377,844.2695582907012,3.3233621886735345,15.018605846640947,0.09519749492437005,0.45691994394100943,0.001860733988233398,34.822208988726175,61.20614458824817,12.511025580407866,70.47672842878549,80.39470459077178,0.05424294924562361,13.4,180.0
TX-109,71,2026-08-25,14.081308903582277,9481.268509076644,33860.213116293715,27.176504249785065,152.1603514593374,819.3094573940663,3.8011048806829866,15.737200425917987,0.09246952289309808,0.519923991107001,0.0014139786422811876,35.282097716462424,61.916238394721226,11.87888405291062,59.684031421254296,71.68847572178642,0.06279261994983121,13.4,180.0
TX-109,72,2026-08-26,15.775888970693007,9290.844952603216,39735.25835836774,24.41617184946192,198.56758052117362,817.0091199478237,2.4819989925431996,14.095697768529687,0.11272300319692155,0.5645265722609801,0.0018841495483902621,33.98985644581508,60.71795897498971,12.507963578929187,65.72112900666035,77.20591850325386,0.04887433553656319,13.4,180.0
TX-109,73,2026-08-27,15.294452563667644,9909.174435688215,37140.487454074246,41.837028801309856,207.0667195230462,899.4742201622911,3.127930682845034,13.684156398033416,0.11529956742209642,0.5220588204540564,0.001873858937587193,35.90206681904248,60.02848465251808,11.029943361525625,66.05481333626888,76.89594002719461,0.05960418146110625,13.4,180.0
TX-109,74,2026-08-28,17.494640850224545,9945.38683468562,34055.82612717294,30.712966915162347,210.7874184177399,938.700350221204,3.150706104068059,14.818476113056462,0.11993634040046448,0.46628490529533617,0.0027438210356464468,35.763070380153756,58.30877189524499,12.185229330936416,67.31805055409639,72.20504715584232,0.035048559524232935,15.43,172.5905
TX-109,75,2026-08-29,11.882808175203314,10271.046472172775,31490.767054863256,23.467042172736125,214.3055200985097,882.1960626522537,2.6521098051976013,14.010535705354933,0.07058372374311361,0.5242226715227473,0.0017580369334947664,34.46424781541613,60.520177704880766,11.743372464545784,62.88604007109699,59.08449260220857,0.053674258458678153,13.4,180.0
TX-109,76,2026-08-30,15.236978902825205,9741.306271158313,32925.201789066305,30.787094292326746,213.22584470581097,907.8207105059444,3.8190327602460763,16.409549005210057,0.09785433820651918,0.5369139378048282,0.0020145986835173237,35.04519275452265,61.94454569596653,11.101942121859482,65.06992894416487,84.51768002119684,0.05308990558174891,13.4,180.0
TX-109,77,2026-08-31,13.892841043893664,9146.920117312915,30459.30611561258,41.113704714955745,209.83423025577625,853.2741488730991,3.1747284445649204,13.1046517233933,0.09337597445207468,0.45295298035035175,0.0015760179246306488,32.89501505416208,57.60351391165675,13.02128776393746,62.03935411636991,79.27913689442303,0.05956647389845214,16.28,169.488
TX-109,78,2026-09-01,15.049739055622373,9850.716393839464,35266.045841055326,28.659213800624315,227.78976340735704,1050.1227099315595,3.7249059151854778,10.696873530452866,0.09125946482279773,0.5002079569390578,0.002138917388126763,33.27268546229795,57.38483450944655,13.306789749625393,63.322642044170664,63.10074929237415,0.038963591922770394,16.54,168.53900000000002
TX-109,79,2026-09-02,16.171423929936644,9588.72615676825,35483.2512843681,25.85819568660525,168.87515995400844,1013.9504130577059,3.1990949556444876,14.332498277523767,0.08957276556636781,0.5732450184537617,0.0021774590136586177,36.14681303163576,59.1244609837662,12.050666540179579,66.2065967479896,70.59944712548926,0.049044678909963606,14.45,176.16750000000002
TX-109,80,2026-09-03,13.24916898035025,10199.529598751109,32357.21167229884,33.621199463665945,210.0210108720115,883.7353177194143,3.2247585728260417,14.270119072534046,0.08659738517345426,0.5271863077394339,0.0021761042015463116,34.492729761190965,59.11042156163541,11.817026516239544,63.34398304155795,87.20095287905815,0.05316475714194207,14.47,176.0945
TX-109,81,2026-09-04,15.043800700641645,9533.637513155485,36477.97889407328,27.712841734801458,190.79938495099688,961.8091730461268,3.1936613604959487,9.993104781728885,0.09684458472471383,0.506275981027381,0.001898121153265652,35.16036366568981,57.28546799563648,9.168979400659275,62.07359528488919,77.2579769741372,0.017750437714791095,16.66,168.101
TX-109,82,2026-09-05,12.469361798281478,9038.619515400307,34514.7516549373,40.56987939139567,199.55839561480005,891.3997723735306,3.419615470394116,15.042613115621148,0.09570016459621322,0.5463322962072502,0.0021415661451535417,35.28862576156645,59.791829771148805,11.653935295272936,67.75151265569498,72.30829904096662,0.06231252879356013,13.65,179.0875
TX-109,83,2026-09-06,11.858560901132153,10716.89197725289,35944.080166176835,25.947225353449273,214.12907253459264,847.9757681346176,3.016714027173738,14.026745725709498,0.09734175671733844,0.5470715396904934,0.002155553495644006,33.87463460823092,58.39785533751234,12.270775610265334,66.02956138068733,69.60444016490322,0.06591315482982038,15.32,172.992
TX-109,84,2026-09-07,17.440484811808787,9687.211817307603,33555.48936836801,29.660350767235947,197.35999595752773,1000.4925994985422,3.4922614864974433,15.070139027002782,0.11355811121778431,0.5411487613172274,0.0020174782184799603,35.40261867936909,60.89128133113842,12.487605723648883,62.66358851457262,69.57832194123151,0.0471140533831395,13.4,180.0
TX-109,85,2026-09-08,12.880007162859334,9263.449713682174,36351.90392189808,32.54097433724008,177.25733698862442,880.7266630617971,2.9078570913736863,15.363888857019878,0.07836155102704682,0.4323002882002794,0.0021559173488101733,33.466037987731376,59.651004760418004,11.673922814241774,64.63014704531965,77.02174096942281,0.06598570617811407,13.82,178.467
TX-109,86,2026-09-09,10.201523398227298,10438.290791366375,29975.684187737246,37.787006314074546,163.23486603919662,1094.9115710427832,2.8051160852614228,17.58076612154607,0.1216831204682173,0.4781755454347796,0.0018920752345437197,34.162841036867725,61.181055249666436,11.576531895781532,62.5430494158478,79.29820809564922,0.04102823558594251,13.4,180.0
TX-109,87,2026-09-10,14.013053124743992,10053.552932436096,33715.141021477466,28.37022403248116,234.83950120819333,883.6611839771883,2.820186520108194,14.649749723862556,0.10908909976998135,0.44830681586630683,0.002128164620137516,35.25582019005924,57.31701692388882,13.794255603408761,69.38244068228963,68.5954965380413,0.03877573462302717,16.62,168.24699999999999
TX-109,88,2026-09-11,15.684154491075727,9287.068356084355,37728.56590740451,28.495215625411753,236.62356008704492,834.0477303690986,2.9438989572166396,17.534425213154734,0.0935352104072234,0.513604587158787,0.002327797626691404,34.443952549165836,58.10739136417846,10.541289403692423,66.75029824831363,78.11022709598095,0.06061663173081091,15.67,171.7145
TX-109,89,2026-09-12,14.17786584305223,9284.631371199728,30294.495387436848,45.18681384302511,214.77346622708305,910.9433404865836,3.139319880156908,12.137322103535126,0.08410256018073907,0.5871665063995621,0.0021975041857556655,34.23640234237207,58.15977700787514,11.484305891055433,64.05370805833137,91.39316828677363,0.04811732624034045,15.61,171.9335
TX-110,0,2026-06-15,14.824192909169746,10132.169234189001,32438.90684482526,32.01082767226307,224.1783190454314,911.093702660061,2.6014674240751603,13.9422591248597,0.06682328046676277,0.49330823829487325,0.002093233987048974,34.10336741513452,62.90955022654144,12.792279495451147,59.62166798315467,60.821899531939536,0.04015976197296182,13.4,180.0
TX-110,1,2026-06-16,19.719556220277816,10445.460855276182,38247.424391116576,30.07315414223209,195.92075198784602,800.1992411151501,3.174841962458398,14.607663666165958,0.09530655619036277,0.5809025420526419,0.001962096319140632,36.33098144404769,57.61788800828608,14.688112232862922,63.88018861473389,80.65747218619221,0.05866272911946513,16.26,169.561
TX-110,2,2026-06-17,13.507929808873694,10409.515045029526,36742.00635316248,26.478492913607795,186.19507261054534,903.6245458787794,2.9422530261573323,17.78626019169907,0.11405336369890158,0.49647882152684547,0.002181823387612302,32.95334692220331,59.07703353955239,12.287821008318888,68.34609650567735,76.59815467724636,0.06458238999977657,14.51,175.9485
TX-110,3,2026-06-18,17.603819574075793,9755.835287964328,34719.938708092464,32.108431559447816,191.3589045841475,1022.5032142333275,2.4456369328538554,15.632212900848772,0.11470893627210114,0.4843276505269449,0.0018383602002052255,34.92391870355,61.217997769177764,11.500152002472147,61.79323643927212,84.20467821594421,0.05399296472935588,13.4,180.0
TX-110,4,2026-06-19,18.023572291468554,10379.66586563372,39359.778616563926,35.663291015706,185.96056295086996,937.6214373785266,2.721255639478227,14.091747672324333,0.07174999198769402,0.48569434090667307,0.00216351028656041,34.93397829486626,58.350947395126965,10.476980667531684,71.3355378064417,77.601286024332,0.04175930830400114,15.38,172.773
TX-110,5,2026-06-20,16.38535037910863,11094.593038903044,36240.92471929179,16.175199201948924,253.5985264951968,752.0602815767697,2.896994027311584,12.733191399934299,0.08519995780053574,0.5142204842491319,0.0013786929473604173,34.90975441451041,61.72101363411204,11.156759675412449,60.82914482017353,73.88555918275406,0.04661658509948625,13.4,180.0
TX-110,6,2026-06-21,13.214316988996593,9405.826961941193,36038.36916237224,33.10896381371856,179.35029659341978,825.8197084316992,3.0682459970028626,13.070056683824665,0.10357323965393578,0.5734023264308031,0.001982053195631506,33.78638363256076,60.58815524598262,11.822345270480383,64.54952888752605,78.8025829830303,0.05691037402778326,13.4,180.0
TX-110,7,2026-06-22,15.106506496419913,9969.659841645358,39127.08298094678,36.15752396046472,217.4446921909445,910.4964756704157,2.497128382052513,17.254772771867987,0.10288588293436043,0.47114154930884333,0.0019270578639236917,34.033817433761854,61.58599356447879,12.683037083121786,65.54489738458506,74.65771541099784,0.04319331122750157,13.4,180.0
TX-110,8,2026-06-23,8.609782068724439,9293.536551669966,33514.70932096142,25.71202976527728,206.67152086905404,964.9194993578657,2.9357803905494824,17.81783387024287,0.0843420456082674,0.4932231436625861,0.0019847038462167212,36.092186328834416,60.158830623123265,12.13356891455813,60.03547065497624,67.80074632631396,0.06095952273697583,13.4,180.0
TX-110,9,2026-06-24,8.77397320920845,10671.496326215314,35999.32897790846,26.461362742946086,184.35386739567858,1051.6764239878646,3.7057029032397106,14.761118456913005,0.10269183458904758,0.4676909319544864,0.0020404351933478314,34.3260963114307,59.88218546373873,13.810329379764742,64.71315786034872,66.61582494981099,0.03633627952015026,13.54,179.489
TX-110,10,2026-06-25,15.38135327209344,9619.552422753604,35493.206283965075,22.12356162854045,214.91038816243355,815.1868102565596,3.0231486296386696,14.323393565120057,0.1343677792455774,0.5085744586714763,0.0025836415844343783,35.560742400062416,62.13810888346872,11.791201793577079,66.03650914847097,84.74914871215165,0.05904959948584049,13.4,180.0
TX-110,11,2026-06-26,16.592979834553706,9836.032583606137,34682.44701238656,35.93149456161829,228.1341489926503,852.5709816576261,2.628120512822515,13.191732423459566,0.11659401231460312,0.45352624889687404,0.0022452810218065245,35.54569034312101,59.18236223345133,13.563859313851266,60.61322327569632,88.27626079806848,0.05318885864245497,14.38,176.423
TX-110,12,2026-06-27,8.779600930023925,10795.939817910807,36944.425008439975,28.124234095954627,182.03205126027117,774.4746604929292,4.207723080905195,13.153236251676311,0.07472822875998149,0.5133959562175074,0.0015086319599716654,34.01845160155544,61.492453791240706,12.464210594819379,63.84089012078185,75.14645338345103,0.045575294697999966,13.4,180.0
TX-110,13,2026-06-28,14.81400657189288,9619.094308720174,33839.521360945146,27.234009534710967,186.91978407507557,983.5128797133185,3.3850586960065265,13.135273463218102,0.07611212414914859,0.4921361678434692,0.002646586279486864,33.97229479630345,59.75816341544394,12.088720413717661,64.67407347786455,71.3343210062441,0.061550799721985544,13.69,178.9415
TX-110,14,2026-06-29,16.363375868830364,10422.902661872538,36178.75989933266,34.77924954088638,233.23565631876355,1006.4835173430668,4.1624019797979575,17.434682562814384,0.08661106446944987,0.5423656020902914,0.0022131305536953784,36.92029490523219,58.54926222498557,12.557951081392936,62.956788965699126,79.10036083280107,0.04785253335400281,15.14,173.649
TX-110,15,2026-06-30,16.438406412572665,9294.830906959289,36586.4529631118,31.36191321720527,204.70193584181195,1056.0182639877864,2.808758300866088,15.684530849543963,0.10200541398078511,0.5099019580120366,0.0026665411713928337,35.06380709241375,59.14908030076761,13.870902795447222,64.07693370368311,62.15857482232756,0.042591562935711494,14.42,176.27700000000002
TX-110,16,2026-07-01,11.260237517871433,9100.017266842775,34273.96999126373,30.002643524325926,225.37917505604358,950.3521289649652,3.2919171540643335,13.213579989604561,0.11769866523928231,0.5695616418199367,0.002118371267463848,35.422517536297924,58.10296155045003,13.054435807605328,70.34249164628426,77.5836191923747,0.044056427216325154,15.68,171.678
TX-110,17,2026-07-02,14.514015432036471,9789.789642493706,34279.100693679415,33.615746378581704,207.46843753396388,980.3149284777095,3.1854512723891104,13.271824052043634,0.0899861595230122,0.4718579463606072,0.0019440589770144646,36.794713691414586,62.93234938747144,12.836601200446585,65.35629139050086,64.10678224396484,0.05220008305730084,13.4,180.0
TX-110,18,2026-07-03,12.629978110688839,10815.26094828296,31787.78862041902,32.32036043618031,184.50490629464124,899.2387851613222,3.3330340951555284,17.043937377564195,0.09878619598136838,0.5380608275090765,0.0018012589704163692,35.24553838477322,61.5033111216568,12.332099478139988,63.411968910880084,72.76766105949254,0.060156560625479395,13.4,180.0
TX-110,19,2026-07-04,11.724466149215528,9527.842432996273,36203.177519623474,28.224328506239058,173.03906846774643,1008.0654933633529,2.4501998560600464,14.601139973360723,0.08760958712625805,0.48511582572298895,0.001734614162704598,35.71427923769346,60.16623528646037,12.983653595210892,63.172495365374836,92.06417415959369,0.030953512144960556,13.4,180.0
TX-110,20,2026-07-05,10.244595276233117,10876.542423858215,35948.08333489277,32.149084603646735,210.83627708819202,945.696581612036,3.1498838602169754,13.06819101674979,0.11636381810145582,0.5330339105769116,0.002428529344021949,36.764241076901165,60.49571411946489,10.772450982367817,70.31756879360641,66.85480051997646,0.05337964193672381,13.4,180.0
TX-110,21,2026-07-06,14.229798220737434,9784.687324907603,36528.60024306303,31.68655989412451,212.58613931428602,834.7450967869304,2.91296251731267,13.4609300403186,0.0960185682404507,0.49406188875662954,0.0025532912519614388,34.74061148553126,56.81160251320403,13.395091537320786,66.34777812207807,73.95191652357289,0.045627846331389055,17.23,166.0205
TX-110,22,2026-07-07,12.159223031829342,10969.024048543246,35103.689777320076,21.797613889795624,208.98664870171984,996.4937361627873,3.0782173341767485,13.196813055609374,0.08017851427950687,0.45413405361403825,0.0024564973991140853,34.92833594476318,57.48191337798205,12.384133925844464,65.42311035672066,71.40883626493336,0.03979593243911189,16.42,168.977
TX-110,23,2026-07-08,11.808315300681373,10543.31690773317,35495.02571161019,32.90169563993024,207.43756277470897,926.2150963929457,2.7658026682858794,14.588341291038446,0.12329823610850087,0.5707295083909556,0.001633372403672075,34.791741166892216,61.258928038490495,13.88207973221573,70.34587874399224,68.633937480428,0.06275046118205826,13.4,180.0
TX-110,24,2026-07-09,15.17590890632105,10522.208319437868,36576.557361642575,24.21076481321582,213.65240426274167,980.4557272935431,2.989922372486084,14.507367145386759,0.06856672176453824,0.5341808758275467,0.0020626245103441735,34.07781608528992,59.5112400046854,12.154503249127773,63.32409263284199,75.02141702007913,0.03250067352796551,13.99,177.8465
TX-110,25,2026-07-10,19.048265090555866,10007.954642483142,32801.29298701938,18.254148493519537,223.3461624979576,944.6473242178913,3.105342856734526,16.727296002529208,0.11721796792593424,0.5097219035026767,0.001923735734822655,34.58285840138474,60.6314130358578,13.397031374879349,64.69129048605208,86.81181924733377,0.053731524734524125,13.4,180.0
TX-110,26,2026-07-11,16.142072905549984,11202.554733661986,38305.35643243686,38.967846666817344,186.9217290570442,1075.3746001725033,2.958891602940022,14.545017640492988,0.05681503173173522,0.5163145412276912,0.0016749938125692082,35.40825382854699,58.25765230014346,13.797699837794804,66.65472188863019,93.23897260599661,0.039769759685074874,15.49,172.3715
TX-110,27,2026-07-12,19.647537734123926,9098.643791483586,35416.150952948585,27.438792554584833,194.0254100664658,858.6802865672937,2.5426419073243354,12.480623386698614,0.09115146386137062,0.5058014198643436,0.0023491083069878058,35.29535039662105,61.74981030194158,10.5218231280429,63.701091782873775,80.6880393530914,0.053431907557913584,13.4,180.0
TX-110,28,2026-07-13,12.416474656022466,10467.034446082951,33937.45363609504,26.732198056744302,212.8340345285007,900.4935492267389,2.738543832485695,13.88626294950579,0.07860406400386605,0.48021258769705677,0.002330002830646231,35.244550462988165,61.43789112116602,12.516068537674702,63.163261379084545,61.80686980172605,0.04073145635296205,13.4,180.0
TX-110,29,2026-07-14,12.98629256670744,9625.70856485417,36962.03985371944,35.494065907379735,247.443210671189,838.9023063046092,3.7987241530322073,18.18253441132826,0.09535472483922272,0.5236777698470118,0.0023722199747423633,34.94107537733774,59.79541233417804,11.372662578882547,57.91988444401091,75.56377293190783,0.042901306725465736,13.65,179.0875
TX-110,30,2026-07-15,11.773954129149516,10211.095825072158,32097.375518357803,34.69363073895263,212.98814271795814,867.9845430642199,2.96834487357777,12.619557811691516,0.11500677206730753,0.5093682120525632,0.0020785549863768633,35.50189037967313,59.03637687916241,10.480941725079067,67.8719551247379,80.50974730889926,0.04464641196729066,14.56,175.766
TX-110,31,2026-07-16,16.22733059739012,10628.986719358974,37277.40160616788,27.862544809807883,173.65147405115428,794.6227888322597,2.8441369935224445,17.924634266574316,0.08543109175717264,0.47018360734953224,0.0018149266705645047,34.46826920371133,59.98315973387006,10.719949825448245,68.25307986898085,73.84143137592282,0.07479134574725335,13.42,179.927
TX-110,32,2026-07-17,11.479287004349956,10794.933085912455,37782.69079597297,28.649026657157933,195.63602123669355,826.2961747096083,2.5450892873802227,14.998788100450284,0.10041391968492723,0.4198822366529418,0.002688051596997759,34.740483142836936,60.09841841582578,11.373762566586558,64.1989713827245,72.13697511004634,0.049970695741747395,13.4,180.0
TX-110,33,2026-07-18,14.956230268715656,10402.433174270534,35454.43987419755,34.250969512802016,203.45155561791378,918.5002044084713,2.8793471586583643,17.006223468675298,0.1064524485903185,0.49209625727435496,0.001943626959634604,34.890760658753,60.04566588551555,11.94363889878108,63.32347503436592,81.11920444214608,0.05828075992548171,13.4,180.0
TX-110,34,2026-07-19,20.351570513702242,9698.18514467762,36332.877450304215,21.2059755388094,220.33917190155182,783.4734307994252,2.5078344482138575,15.664450658031637,0.08757001929155377,0.4620823244998545,0.0018545551932504963,35.729625991918525,58.60066440537339,11.945845135777464,63.86403114638199,81.55912617063211,0.05847921754082843,15.08,173.868
TX-110,35,2026-07-20,9.494154607691662,10522.554709382157,33778.488187082374,31.9552308226245,185.09067434053975,929.6907682167827,4.275674476810551,15.254331122570067,0.09080304564707287,0.48839193826622296,0.001559291012828594,36.44896328616446,60.469324661394914,10.951102093702154,61.95104512961374,75.12225903319062,0.05931995393338488,13.4,180.0
TX-110,36,2026-07-21,11.547030273789087,10556.704670933586,34816.73289608619,26.144660614023966,194.6255791638377,1039.8843101703767,2.305893331727331,13.536214088107707,0.11905167169269842,0.5108228521726818,0.0017626277545225843,35.96479323636483,61.51844359975377,12.33139066851808,63.16281023724946,71.33356304132514,0.052846760652983986,13.4,180.0
TX-110,37,2026-07-22,11.064212816359861,10663.892440566557,38400.418177351676,29.638210999276414,211.21201609100498,994.8641634279461,3.977780419283844,18.113962670981397,0.06528924973282416,0.48422231558362405,0.002150206475444966,34.50578270309807,62.67415011756054,13.629375172802632,62.55220957622381,73.70079984075421,0.042504458638103634,13.4,180.0
TX-110,38,2026-07-23,14.41461466768149,9887.283825333308,36908.515829493714,26.39776963922691,151.86547269036515,771.6365534212144,2.485849193646635,13.688616822005857,0.10374348801230428,0.446010304723557,0.0016366698229220206,34.07055258234789,58.326518998260326,11.445506255704355,63.2081378123148,80.51245453579048,0.04010470614930378,15.41,172.6635
TX-110,39,2026-07-24,13.927210115010686,9727.488660041616,36617.769952075134,30.090804287225883,225.3249378045559,807.8103859196153,2.97531669578259,13.848217965940135,0.07547907804228793,0.4966244479507471,0.002519878327470567,34.14709119707387,59.80881752724335,10.687768380407448,60.62231668428797,68.70198136525678,0.0455001698837082,13.63,179.16049999999998
TX-110,40,2026-07-25,13.78325087720655,9886.987492460386,31703.33471859326,27.75457731919786,214.4567113517371,791.340394168437,2.8224271525774647,15.585687519876135,0.08435466155952662,0.5170762198080424,0.0015436621161844907,35.8884495729322,60.548701099640546,12.055665403509467,68.37445407891752,72.36520752610708,0.04382143887538088,13.4,180.0
TX-110,41,2026-07-26,19.117632852291738,10920.382901117397,33613.124587764476,30.337699900611963,225.43293129598428,893.7483998551382,3.2972942543689916,16.560807194976764,0.08875390848886913,0.520963733170013,0.001998142191647019,33.78313140660624,58.5155210303574,11.347583075603632,67.78555955240782,82.69086529850662,0.05749912918321618,15.18,173.50300000000001
TX-110,42,2026-07-27,16.320332109796855,10206.41315357822,35555.12089910966,32.96650907267753,214.14987065113087,787.6462267418095,2.6048764270278806,12.942156751035915,0.12214290015308019,0.5827050051791807,0.0013492856238763477,36.56481461187166,60.1300820602973,13.012719819158702,66.51940146375469,86.52316042879937,0.05209742433357496,13.4,180.0
TX-110,43,2026-07-28,10.90963662356125,9947.162558113396,36031.312092213615,29.870825997315883,217.9077919679918,894.7442089087644,2.702245340442565,12.828043233376919,0.09216369234933311,0.5102285824850163,0.001412182458723215,34.219923589284974,57.004961932838405,11.382925146021961,68.59194420286167,65.51106894616932,0.057031597458613296,16.99,166.8965
TX-110,44,2026-07-29,23.546475381936958,10726.769065628674,35267.02676078242,35.26491149338841,177.47004002329413,774.1268277271556,3.014349054539697,15.797221126936822,0.12188808568498481,0.4715618929299342,0.0020580186453084937,35.15911155655297,59.8029088416353,11.927525123866,62.435886492081316,77.2376592670797,0.05195049980195079,13.64,179.124
TX-110,45,2026-07-30,13.679964702131894,10332.887133011784,37055.66317686459,34.38172840370162,184.1253682179071,907.9716613489593,2.544284218568274,15.193109492599666,0.08184926605960173,0.5638581668677393,0.0022349994407059527,36.15298930534239,61.577583135293246,11.729400288426335,63.72317076941772,88.93379062960122,0.048348803498275854,13.4,180.0
TX-110,46,2026-07-31,10.936258072584003,10503.733366832912,35287.55133652744,38.54667525313754,209.94416672583012,898.399881012263,3.763060404387345,11.923067309926026,0.08829275390793986,0.4556318514072396,0.0013414760664280149,35.873176428016606,59.16387237902559,12.905368041646575,66.16725947370381,79.85713973302147,0.04544600519159353,14.4,176.35
TX-110,47,2026-08-01,12.707255568044854,10044.88043760986,36838.336366616335,30.78715231524224,191.15658526065891,804.0785526881314,3.1020815076619135,13.891864930142924,0.09856518825220521,0.488061060887567,0.0018666707075946365,35.293803560759514,60.83175612621616,13.965278944650784,67.27390314405353,87.74945863579312,0.04181399628598263,13.4,180.0
TX-110,48,2026-08-02,10.197165687818929,9992.78487213992,36716.0544882982,34.566978642876414,229.53348170692783,697.0763712811835,3.626488447442104,15.67092525285928,0.06911973309749975,0.5361764423364402,0.002050844773049889,35.38122929857805,61.498663725473044,12.430275368430715,60.58152470459095,73.85578984173672,0.03382354829149108,13.4,180.0
TX-110,49,2026-08-03,16.947185641676676,10698.98512079202,32517.096074895348,27.725958958835534,187.76900238504456,863.6875782449331,3.206211579099434,14.113861755797682,0.1130506034539805,0.5532689885037988,0.002330527778398783,33.88181890463035,62.078893416709086,13.466072284876239,69.65803979371151,73.73748144225843,0.04248157526689723,13.4,180.0
TX-110,50,2026-08-04,12.047276425559746,9449.11005671259,35023.380813329735,35.34464475336803,231.6580961743264,861.1554306910119,2.9806558664598555,14.791624893197108,0.08729439500269723,0.5367874764880309,0.0021088544739869676,35.141823175119605,60.53745815879389,12.615451247957484,66.81631105739116,68.29208035102513,0.05896328548742946,13.4,180.0
TX-110,51,2026-08-05,15.766098353041677,9782.691902509867,35468.45938289234,32.84988056395949,227.27313924495357,816.3075497211855,3.6624921768270964,15.046332712619655,0.08987693498502804,0.4731620950071433,0.0016995896724972261,33.259085116243256,61.016099820538805,13.980886400421964,60.147153953492555,67.39657667255713,0.05751583189145334,13.4,180.0
TX-110,52,2026-08-06,14.86308927398573,10417.209621137574,34796.558953702326,28.24646339342065,201.23116223530008,709.432846219523,2.4282578271757673,16.896558748437403,0.1238379968835769,0.5703083027546159,0.00213226080393441,32.74393112571373,59.04749020621929,13.324655676548632,69.86916271605065,85.90118194405795,0.047637475352302006,14.54,175.839
TX-110,53,2026-08-07,11.080272400276304,9979.68420502076,35029.61403646052,38.99953269962812,210.41436899829853,901.3344943104617,3.0367475740717293,15.799717659525372,0.11252880172123138,0.4637731282991002,0.0016827138816123295,36.370558521404696,57.53843805834647,13.637747459204773,59.2679639082389,70.32367093735184,0.059718539705834475,16.35,169.2325
TX-110,54,2026-08-08,15.00102566723482,9341.76159811908,35852.85630825199,31.528838017591582,201.64811577410632,850.0862167373674,2.9826970002346997,13.83615677609529,0.14869065337698317,0.48799914240916137,0.0018878729138542669,34.458363854512214,62.66542626425729,10.360933122104434,66.07829726569825,73.08568022498876,0.03576599895357988,13.4,180.0
TX-110,55,2026-08-09,12.54277101641065,10158.476996952917,33271.21356068782,32.51374365910771,240.6626846637645,913.6480541773868,2.2732437607377523,13.30640747630622,0.09429188522509477,0.48238824405026703,0.0020456041535347755,35.312442942078064,62.59579193267829,11.996280334912106,61.54341665937227,84.23044904198854,0.06263024576781023,13.4,180.0
TX-110,56,2026-08-10,15.697329282017908,9876.80280239552,36245.092805098124,30.18263265902816,165.07598006157937,945.0779426377974,3.446125738487289,17.88217446075866,0.0853848311409487,0.5113082657930637,0.0020743398673558947,35.08538255970382,60.17228405742932,12.037136015376966,65.63524820474845,80.92544827196282,0.06220287524584316,13.4,180.0
TX-110,57,2026-08-11,12.731002737919086,9913.849322605909,34154.78376022469,28.431777650843838,173.98006887810013,901.937796468237,3.239660184772644,14.689800496202256,0.0998208420720583,0.5209218463954566,0.0024233359085490897,34.580235470476964,58.24258182849917,11.909559853006385,70.65068379010984,65.7127955325729,0.05650135695580284,15.51,172.2985
TX-110,58,2026-08-12,18.473739687855343,8817.23289030287,35820.44504721697,34.299300331627926,201.06453170371518,848.2849151128227,2.7046688237380097,14.342863008248758,0.09395807936624447,0.47546114786216165,0.0018966574241952663,36.19079182384663,58.1783568316273,10.25094157672841,68.62035532170295,73.46385792527535,0.04611767707517465,15.59,172.0065
TX-110,59,2026-08-13,14.666348628801993,10104.638350389563,33951.89754576327,33.834010493917276,187.27652280222588,875.8539057720651,1.8926518723576238,17.34447426972755,0.09647824606880742,0.5335052045868579,0.002142972375279875,35.54981378037132,59.98833670713848,12.388227392739175,62.11614676216416,65.63057155016214,0.04898894066494745,13.41,179.9635
TX-110,60,2026-08-14,12.960670858812703,10712.732086624714,35750.28885861422,27.74405561449639,201.20150405538382,910.640526559048,2.9659985219255414,15.54349206586853,0.10137309088924616,0.430467162576496,0.0013547286297488268,34.62639095510801,60.84073905764754,11.63763096543642,68.70969234021568,74.62490640560881,0.06357196064251978,13.4,180.0
TX-110,61,2026-08-15,18.455710317792917,10525.643432587234,32592.976731586,31.43427361438341,231.1983211222333,921.787577980643,3.277179952499484,12.224225389768757,0.13837579861216134,0.46043127987172916,0.001401672457474941,34.648874262174935,56.3287742227184,10.914874855208833,72.67553549931334,71.95967377997424,0.03572212832020209,17.81,163.9035
TX-110,62,2026-08-16,15.075893659698353,9551.098127484012,36729.03839934786,26.922954087005518,212.26806412238176,808.2352770502033,4.299514072395277,16.007247440054627,0.09708988405035066,0.4853520874684357,0.0018339200050251907,34.23908652019248,58.81740491072822,13.678328850461952,63.34215812683628,57.964648746892635,0.03834032279120106,14.82,174.817
TX-110,63,2026-08-17,17.78317385999741,9873.837971704332,34731.83679972726,37.2418579504495,191.42059668332413,950.5934177704723,2.6660584251062036,16.151753273504667,0.09217729498460683,0.48792254125721546,0.0022460400972533832,35.7480248076825,59.75185802189312,11.528376330005214,69.79744275344495,79.71464649198376,0.046088581913421155,13.7,178.905
TX-110,64,2026-08-18,13.040746910130736,10512.44875347107,35230.80017210632,30.597128427141925,209.37397052511366,927.0237499709593,2.971655426284614,17.40737373368599,0.12518676952423974,0.52659440596009,0.0024124156971486884,35.00849676813822,61.03549650750692,13.004456318871942,68.05711484004983,82.32799318190675,0.05631189194081685,13.4,180.0
TX-110,65,2026-08-19,20.871384346914258,9730.152107367254,34689.55842487958,30.364448728940005,199.8236626656772,740.8982365268051,3.6874324028541237,12.947919081907445,0.10339629817492195,0.42890694111625566,0.0021862147192159218,34.214603964059805,58.29605711383641,12.194343464481706,62.89779625855211,70.40672723130902,0.05171789615199621,15.44,172.554
TX-110,66,2026-08-20,17.39996836090325,9590.799756064143,33017.615052017,31.57652715502037,218.0805957132066,1017.02041534885,2.4643352008531494,14.364065797459238,0.1235157205015051,0.598654726806936,0.0017020727002073739,34.26118808019335,60.57165014191479,11.422256857806913,62.72230473647014,76.95576485095125,0.06549419953739778,13.4,180.0
TX-110,67,2026-08-21,11.071553114701842,10749.167053889756,33850.46156283422,33.2101761373183,239.22309707717375,926.025887384169,2.8512544759004057,16.436351245389478,0.09653667595335119,0.5260675524797307,0.0019385957004866541,35.86115289698904,57.908652461174675,10.986478375906325,60.77321472539616,74.54856456642928,0.0347046178119023,15.91,170.8385
TX-110,68,2026-08-22,12.924505274799543,9446.245697715596,37959.35245907765,26.549922479566433,181.7857071437613,919.8670827012616,3.8434105772808302,14.76786584150863,0.09922561387045872,0.5645378730539238,0.0022634688014649337,35.42541498461189,59.12648890739971,12.455957906286613,60.91764771394194,70.01059560485922,0.0643146265095525,14.45,176.16750000000002
TX-110,69,2026-08-23,18.905978054223365,10218.742349667687,31141.292557246685,25.484324309948196,194.03771117703835,886.2640774929026,2.3747944247470185,14.507372552835536,0.13534590476310712,0.5200417938429336,0.002065647988688311,33.982444580981515,57.54152281993124,10.771803574456962,59.96183255587697,75.60028209793207,0.053838858044073595,16.35,169.2325
TX-110,70,2026-08-24,12.10413014154196,10073.959669954575,37937.98763246457,41.33602637101845,223.1459053113957,886.0127596833325,3.369052121938128,17.703619967355923,0.059855437244188826,0.5741034518898208,0.0018366239538220813,34.46503704506251,59.467608041121125,12.320084138775755,61.666237238903705,72.72148772247239,0.05525277206497891,14.04,177.66400000000002
TX-110,71,2026-08-25,15.655713747821979,10190.407257180734,34352.06257523754,35.038197131013874,228.97655928356002,979.7151449730169,3.2138051164215677,16.877785217447357,0.11742121168229462,0.6338253953342073,0.0023654201210146124,34.911255863364715,58.63248106897969,11.73885974524089,64.00464543320007,79.09138054180694,0.04299743754810701,15.04,174.014
TX-110,72,2026-08-26,18.57653151456121,9305.218497052352,31734.949727367166,30.916175038492156,191.10759440668426,799.3412916812563,2.6814650224975787,13.477028341842153,0.10020268662468439,0.46897646058428694,0.0018382596925249784,34.995134281778704,61.52136235610314,13.47074546548879,65.44330268745219,76.80434495016416,0.04816812982704159,13.4,180.0
TX-110,73,2026-08-27,16.443745860177234,10195.10968029207,37651.69536617683,22.170339641760073,203.37935906344194,927.1351895302115,2.986858021228944,13.121653935807776,0.07401266641519046,0.5403161213014431,0.0017729222448810756,33.2450995084944,61.28485929001485,12.458982900446065,64.65237770762529,67.68358725791177,0.04886558556629506,13.4,180.0
TX-110,74,2026-08-28,18.646762801557614,9192.6503569856,31872.044766520812,28.497143882393484,207.64697874891357,860.2966481692976,3.32140828758351,17.177667888896693,0.10557537549214936,0.5280216171878052,0.002081629865607102,35.00950809091532,58.059661950277956,10.972008292397373,60.94724456908422,73.81196164031132,0.052322780312543726,15.73,171.4955
TX-110,75,2026-08-29,10.652212845655871,10036.297523551004,33249.56734347958,26.31208148868956,195.78340270065507,810.3618801323963,3.303329558979643,14.663991163902145,0.11630428113975176,0.4778251823946865,0.0018782941814348944,36.87338264081345,57.565409292479494,13.2844812434197,69.96357211293748,81.126539970092,0.04669529530628976,16.32,169.342
TX-110,76,2026-08-30,19.280706215219226,9839.119320055,33588.42882857856,29.738844194833852,196.9970547965901,824.2701500064335,3.5550039170544823,13.453103294756433,0.09940706022157254,0.4278114055300598,0.0020092432045247578,33.84407395577726,58.22927126561215,11.890712089903918,68.17091679554281,78.52330950191838,0.0550912038613276,15.52,172.262
TX-110,77,2026-08-31,14.610248460062977,9832.179867424742,36582.28127698847,28.88640781360648,225.20015121500637,998.8757551147248,2.5793066085121112,13.611109008733585,0.08908608987170792,0.42665186871232935,0.0018591791805098426,36.30144973721951,58.43163668649698,13.325196108653948,63.69966662614077,91.91228509682202,0.043181869346845723,15.28,173.138
TX-110,78,2026-09-01,14.568054150533522,9544.9084674038,33624.598452828344,38.415297168920766,218.11274037592366,982.305422334196,2.342205349504984,16.30965690631583,0.08057113366559059,0.4331340743483574,0.0020716298416560666,35.228538333411414,60.08001867944873,12.717558412627666,67.62069895290104,86.75783471354961,0.03809657001694165,13.4,180.0
TX-110,79,2026-09-02,19.506048736350674,10941.155744847789,34267.53996709593,23.404050628681244,181.06256695885327,863.0518895253031,4.007070795153711,15.034160000406358,0.08765631766496375,0.46572988708213514,0.0016031833024982628,35.87457602968039,59.86189688292137,14.099829509762433,66.88462818927935,81.63949052845817,0.04757895169257322,13.57,179.3795
TX-110,80,2026-09-03,11.726908985479536,9563.20950983541,32261.506112221836,36.3205903525559,201.14478002240952,976.2000431673653,3.067957201153782,14.414363288459109,0.076607943300629,0.5150816366481339,0.0019344100950659615,35.90218392795542,58.9268839861866,12.616107773497037,69.92254524866762,77.18044731727775,0.057852914527418815,14.69,175.2915
TX-110,81,2026-09-04,16.715670738532737,10949.04574225876,35743.12084338766,35.29051872156132,208.2281017440997,838.0489171453793,2.3959121571594153,17.53384813127335,0.0798328125731492,0.5372932249891716,0.0021248049891151284,35.917785344895734,59.22793196612517,11.20927008551679,66.13511551429927,72.6612666143399,0.03768971663393722,14.33,176.6055
TX-110,82,2026-09-05,20.815576627021038,9604.295917018728,33012.73457602997,30.60215333140519,234.12133224466868,726.6611965501107,3.5849418072877244,13.177052997087394,0.10529050480216509,0.46619965191380996,0.002597575056200602,35.12462008664235,58.937862674488144,11.69890867816231,65.26891122470506,76.42141286209761,0.054387624835213214,14.67,175.3645
TX-110,83,2026-09-06,14.995786176953056,9311.418791695642,34319.46465819668,34.8682317559247,195.777043281022,953.8225023758702,3.0158590664789053,14.56451968646702,0.12388287785079186,0.41309342778078595,0.0017974037305206053,36.23242870967878,62.7450737447303,14.2859924846717,65.15106659101491,78.66317903692435,0.058174278272356675,13.4,180.0
TX-110,84,2026-09-07,18.825225816474852,10156.54596733738,36852.297846892136,34.155916593361326,219.72971679386112,826.5304610479936,2.835393140311888,13.954461603844361,0.07622209092842958,0.4174197387894542,0.0018729117504223554,34.73611767356374,60.15755561404176,12.555737840840141,65.56436673081747,72.9447105797554,0.040848736842231254,13.4,180.0
TX-110,85,2026-09-08,17.631207292503653,9949.088891355299,34132.42040998618,30.946883888490692,194.740889555691,857.5460861271115,2.718770843354906,14.425325163999062,0.11311509913636181,0.5203556034270304,0.0024640212221842353,36.21172909211201,62.934632659851864,12.55915847967083,66.6293156671206,71.10067377890292,0.05826014897495499,13.4,180.0
TX-110,86,2026-09-09,13.031649209870732,9264.772237809211,38052.64678449551,25.655355036812,218.28335084178875,829.573490173331,3.5633338113959168,17.525899971541392,0.11058355614846373,0.56231823547381,0.002002201122749337,37.23417468082605,61.11924785023936,11.099448440376307,65.20882012623241,73.77998379027946,0.047495759415623395,13.4,180.0
TX-110,87,2026-09-10,10.02858231630238,10193.43227222173,32228.494042118895,19.296334316781756,202.73658077450227,839.528507728621,2.5692314936822234,8.793808099268958,0.08298314248093903,0.4913179067413649,0.001809753817971172,35.38734367625333,62.08899097271335,12.516367440255175,68.07918288230596,83.87301351718759,0.039811392329332874,13.4,180.0
TX-110,88,2026-09-11,16.317344078058586,10497.578676682733,34128.07904390304,27.992345178660536,220.3355213283888,781.4696902569857,2.4559977084668536,13.666487304833133,0.10901028426261418,0.5109456260777833,0.0023097112638656397,34.07812994563658,58.53679054309874,12.523911968749664,62.603999287678896,70.17196867604463,0.03143235160748251,15.16,173.576
TX-110,89,2026-09-12,15.872538004240763,10770.645235908085,32941.42216739924,37.076104196830876,208.64995907135253,758.7668289271975,2.552636572185936,13.087065334392456,0.09366944429718747,0.5209757144223353,0.0025546768511724295,33.568854205081514,59.272833904620015,11.10401914708929,61.19606161553211,75.76358149287653,0.050014799911868475,14.27,176.8245
TX-111,0,2026-06-15,15.054451583836395,9397.30200354443,35023.655438269954,36.34748246603045,209.26135922151877,914.2013675525671,2.7356171212983065,15.13373530168955,0.11126508444494965,0.5232083171404205,0.001970234370855937,35.217376323938915,58.02515726993688,11.265663225222262,67.12267925763796,81.73626361099366,0.05093598590839362,15.77,171.3495
TX-111,1,2026-06-16,19.436897203095455,10254.009708230684,34533.74496427387,23.90673916832214,228.80217966820294,961.6253965723662,3.899155711465259,19.333694911007832,0.0742611938643448,0.43578331279364074,0.0011410400262292799,35.91836213702975,60.9847240312314,12.097779000125847,61.3216003068698,74.28773048700182,0.05184705495007706,13.4,180.0
TX-111,2,2026-06-17,17.34817700063751,10136.493457232644,36327.602589982336,29.390351517479615,223.68466721375432,950.5384061954753,2.4065334646495877,17.778440735312483,0.12451143045430274,0.5232737368526471,0.0020842153114962393,36.65861156887833,57.55003070059189,13.241224524059652,63.571379904276945,83.76141957128308,0.05120375847169043,16.34,169.269
TX-111,3,2026-06-18,11.271221929775285,9751.740094982155,37043.458146331934,28.965469393975418,187.6528357085118,849.7462353763983,3.321123711116895,18.50127006027993,0.05718233258727437,0.6400342223671643,0.0020611238686928397,35.58022413529883,59.34560737927889,11.996484875143173,65.57753903639332,66.60723206130372,0.04194318561742471,14.19,177.1165
TX-111,4,2026-06-19,18.55370262267376,9223.82657732039,35882.078206627084,28.16942718725379,180.89591568098703,1057.754548157552,2.522748719369281,12.739796000531058,0.09626054592958928,0.46157206829489494,0.0020019141970983646,35.15539929665139,60.35198709845239,11.876109152756436,62.893514890723324,80.14722434143465,0.04888307233495856,13.4,180.0
TX-111,5,2026-06-20,13.513148063835065,10739.996849548761,34757.376079217094,35.48744767510759,224.674342280311,1003.0138268340635,3.34557890405555,14.99873300624847,0.0987191661869795,0.48779399407583557,0.0013499312989960622,35.71880680574786,60.36669834957762,12.825524266208628,64.64899534558411,80.3186012956282,0.03622492937138556,13.4,180.0
TX-111,6,2026-06-21,11.49220317221529,8761.89420013931,34731.30160833675,26.170389662256568,182.09745050233943,926.7721902372247,2.787246402901186,12.133817986392675,0.15089533545504197,0.4981494689755962,0.0016750510841192913,34.33016453906695,59.74028554648619,11.8247540377428,68.90649281913763,74.36456033894234,0.06855208171868253,13.71,178.8685
TX-111,7,2026-06-22,13.702731167963682,10213.218020129947,37043.96038865566,36.01428205823289,226.43004702194875,878.2390607295893,2.99725536986254,10.041154866872649,0.09607979922798879,0.5545627088964991,0.0022690509439567646,34.91351287898992,62.548709164394936,11.615994715655193,62.8515805279403,71.25470611818905,0.03877534975163885,13.4,180.0
TX-111,8,2026-06-23,16.86718509511061,10144.240905804305,36219.9588927461,27.972167708543363,199.05865775421202,725.7265021272874,3.1881127756555236,15.1976829101193,0.07798944677013071,0.49476712339567014,0.00192264520937895,36.76431193500749,58.408309547808294,12.331426178866701,61.72769494196492,70.53701244743783,0.052768189536922305,15.31,173.0285
TX-111,9,2026-06-24,14.365911027410665,9997.004571893222,35665.44421646394,27.58107854573156,217.93056270493054,875.5616205409916,2.951222269223714,15.72262254917571,0.1045400040232967,0.5322113962271426,0.0020950893204454116,35.469030661556175,59.511941228752285,10.93122890191448,60.71708329174142,61.6343188188616,0.06762726717729275,13.99,177.8465
TX-111,10,2026-06-25,8.361679767317623,10596.861749488551,33358.261977405054,35.987234195848295,156.2243461179374,881.1924878493373,3.727012201512634,16.426419126951163,0.09325469078618417,0.40285113492357594,0.0016032534433547206,36.38914709655938,59.477638198119415,11.928175896586561,65.8506053141079,64.57728869529956,0.054072901798401796,14.03,177.7005
TX-111,11,2026-06-26,13.741153557992982,10146.85139278777,33843.898158925935,22.194951968468416,191.75521070763068,951.2622093686401,3.197030044538518,15.061861734669453,0.11796263706020686,0.48982029937278865,0.0020168828942045652,34.52023312030627,61.43492696513018,12.291528547721764,63.329125669479886,63.087762027777565,0.06104961274898327,13.4,180.0
TX-111,12,2026-06-27,12.76780484644608,10036.032176244773,39705.19936628914,34.073582910965676,232.5531677880355,856.9500149967081,3.5354881984101034,15.053337985903783,0.10732033841537164,0.601042085651978,0.0019164062527550882,35.01925445367654,58.64517802273806,12.888468555908076,63.318119305140094,83.18168332655102,0.03350086758255149,15.03,174.0505
TX-111,13,2026-06-28,16.64591421550082,9678.153346968473,36461.03527866042,30.00374227155292,189.65091238175447,869.0752306499204,2.57480584997068,16.675575510641718,0.07902725301149172,0.48664606806336014,0.002103571873910742,36.613494525448516,59.98605209866228,11.75748941346156,65.82090459534808,58.41228627460457,0.03801354299309281,13.42,179.927
TX-111,14,2026-06-29,13.873900503364647,9643.515424633673,31798.333421513176,34.36593432518691,205.58033993789138,911.2212197826007,2.653004424422813,15.15878592932733,0.1102889891888212,0.48675519730483596,0.0021333716717721095,34.203939518174884,60.14622796948457,13.1424982829261,68.69605911072811,85.6207104395973,0.052855684154329174,13.4,180.0
TX-111,15,2026-06-30,15.094841864573237,9775.605541920293,31385.030486965166,23.358045520871453,197.0516205750644,891.3369240697256,3.706111514403246,17.62959825875125,0.0862702771702683,0.5409162857544509,0.0018568793406278268,35.6826163430038,61.209026592160114,13.242092812147737,63.522069935651906,83.11442949744739,0.031271859638787286,13.4,180.0
TX-111,16,2026-07-01,18.888647044616583,9987.491638590742,34992.544004028605,19.90086440794658,192.6669169370466,1008.4383519690841,2.786649054148593,16.426925521950416,0.10069110255428218,0.553133456979985,0.0020574502895612376,34.068188468901894,60.08467601977342,13.601216903701213,66.4929352341086,74.06842954165069,0.07255743819133308,13.4,180.0
TX-111,17,2026-07-02,18.477647107683662,10408.36695769923,35634.68493048875,33.74491904367931,215.72239081327567,725.374772355829,3.1974681064147243,14.678388281328683,0.0900044745372685,0.49022813599778814,0.0015332453939533397,33.19538989996282,61.869753626172745,12.462157819708926,57.760963618363164,70.38892366878608,0.05880551733396531,13.4,180.0
TX-111,18,2026-07-03,14.159956878838106,10622.50247689918,37099.50359855327,23.31549675689513,197.62878204026686,864.1528460153037,2.3053808528239497,12.091451350289457,0.08387956907516544,0.4679537295243681,0.002084968933173009,36.04421347321442,60.77046743371856,12.750372240280823,64.2001465355889,79.82400157290311,0.048516250184097394,13.4,180.0
TX-111,19,2026-07-04,13.675582850241652,10948.550474447813,30339.048086905004,20.738034250436822,208.1767737675402,878.801412117404,2.281507824916539,12.890778097672463,0.08151188406276437,0.5446168268565457,0.0023637231293193316,36.63956256523062,57.616483166685995,10.632876467488469,60.69312057649843,85.31085604616007,0.0541722445441953,16.26,169.561
TX-111,20,2026-07-05,15.240597649409164,10114.814346923724,34886.443445722514,24.504348433466028,210.81374914819085,885.1089195477051,2.3998392432603532,16.148570890716115,0.09148424727454825,0.5113741743420689,0.0019625062516105928,35.89137877222481,60.33024446134341,11.116299825143194,65.96600967061559,77.8375097957845,0.055113329740388725,13.4,180.0
TX-111,21,2026-07-06,18.10762276419574,9692.008607411413,36335.871334361065,21.491475414819455,198.17811171435127,878.0272092153887,3.72392261009014,14.687329142047028,0.11215977556343219,0.41191106885637213,0.0018944726105934256,34.15364013256642,63.713266684943285,11.333203242878643,65.21983721798436,76.01260641820136,0.034105217090633466,13.4,180.0
TX-111,22,2026-07-07,13.421893768370659,10202.383256324627,35171.44455048257,18.61900967750872,189.26549379765004,981.6657329157514,3.2941114636564675,17.436066703650408,0.0802870532515342,0.5640464767639529,0.0019866781855132454,36.59222250093894,60.00495665112566,9.952524507285688,67.54776371392143,71.45189057620286,0.046237703886315165,13.4,180.0
TX-111,23,2026-07-08,10.640710706790692,10811.09974950302,33957.79765239431,38.00174634563594,192.00797412350963,825.7803838280578,3.659764587014907,14.853330501999542,0.09872855985289689,0.435918702985844,0.0018627129935911233,35.428695823630996,58.051230009361724,11.460912305828183,63.738660687777625,75.53152643771199,0.06479559645638264,15.74,171.459
TX-111,24,2026-07-09,14.100140601051049,9654.749668793718,40492.74126404934,27.966143636981112,196.84718879960738,871.3722904647174,2.861615449445186,15.155509726031923,0.1184159295518655,0.5201993861636703,0.0023231286690099263,36.04402867460743,60.31282815842381,12.376311970063776,68.32621002880587,66.11032057598014,0.07498211202238302,13.4,180.0
TX-111,25,2026-07-10,13.46224460841718,9824.517539215512,32576.19805065247,24.2268192983512,220.16854806841067,1081.6154622113802,2.7163799445958263,15.694633056255036,0.10440333191424327,0.5500122281208379,0.0026656143393552195,36.52097341798159,59.64201107852888,12.528767635709634,66.88417352822668,74.83927495065905,0.0390406386650327,13.83,178.4305
TX-111,26,2026-07-11,12.603671344310936,10574.076325464608,37502.615991644096,29.105239447452185,205.93648923944235,995.7811057063715,2.147865563983351,14.107295138322288,0.1403574276296529,0.5149653858101658,0.0016612351745889699,35.117282293573716,61.53215338840241,9.453467062671418,65.52885745157327,72.02068356326009,0.033580018735630525,13.4,180.0
TX-111,27,2026-07-12,15.245781765390927,9931.759884119776,34951.81949560472,28.407276103949233,180.31614498678243,783.6157733121403,2.654655029862688,16.718504228152128,0.10466140587453492,0.4965413335276705,0.0016880695552785531,34.62608506714579,61.10573633753582,12.504783762485491,63.56840339068185,54.108782788257585,0.04325152369838419,13.4,180.0
TX-111,28,2026-07-13,13.551916447168086,9546.447031148618,34173.64843372059,34.23683277967406,200.0244816343596,979.1756838323953,2.245813957177298,14.389871884090113,0.061219557783099995,0.4786711235081576,0.0016863027634106981,36.28125283342838,60.61456800876526,13.014829495593014,63.71195652418121,66.84225522306686,0.039484370054615615,13.4,180.0
TX-111,29,2026-07-14,15.796317842312574,10905.080747096712,35824.764584040975,28.285746425784986,197.02250825858283,897.4959734598561,4.013321280089079,17.467217131669766,0.10519918008300731,0.5054865983903053,0.002089806017110963,35.49427566928308,59.38020307053661,11.155921052623363,68.0966607816646,75.17586184457586,0.05948727935814969,14.14,177.299
TX-111,30,2026-07-15,19.93847624632933,10260.30736704978,35717.09695914014,46.166302908333144,204.9658425943355,812.7562553722921,2.8593873839140063,18.10336942349108,0.07411665299439907,0.46237701979235096,0.002331928041790555,34.728379357486965,59.834631319535255,13.07337282013063,62.849536473038114,63.25118038782351,0.03611114029137465,13.6,179.27
TX-111,31,2026-07-16,16.745341330228865,10129.566046915397,33614.86697344134,24.376632835237086,195.44149219338644,989.3213829000377,2.582091023085372,13.674631956094876,0.07618956865307243,0.48162935554489145,0.002101423697214974,37.11516915704309,60.3266722692299,11.946321894762981,67.5888098179554,80.56972441464195,0.04422339185633317,13.4,180.0
TX-111,32,2026-07-17,21.90618022029023,9987.808323853023,35472.750640711594,32.93283680922835,207.7979167162475,1022.0318135099672,2.7050456304350154,16.56676449770541,0.10329136890769959,0.5491361597554761,0.0019355043650095165,34.64958464384688,61.09811023113902,12.35799325708998,62.539117093024196,85.76489829131407,0.057325093751084605,13.4,180.0
TX-111,33,2026-07-18,14.77738742851184,9765.884444134443,35728.26179374717,33.484022926456525,169.02648255219648,930.0544738018266,3.3262773512067674,10.295102800064457,0.1039237931749058,0.5347304567197789,0.0021742634942793636,35.80244835478082,59.50865011197263,10.960093565324545,59.60076700470381,83.73778592454447,0.05703065493794343,13.99,177.8465
TX-111,34,2026-07-19,18.505466792485407,9637.429320577929,36607.67284525073,22.673694980063544,183.54562752504145,910.0781773206269,3.33160381491321,18.35802489579405,0.0951987186920319,0.4567125139105468,0.0017248553366505713,34.31215405497571,63.33154019471268,12.756873581134458,68.33759555108738,73.08811530256085,0.049983513176012545,13.4,180.0
TX-111,35,2026-07-20,17.09779351787557,9747.10062210953,34417.384226906644,26.819081092053263,192.01315937172004,903.9182890002659,2.58914493691802,15.571957958258773,0.10569163491102235,0.4910375678571908,0.0017517620433309738,35.10496304895186,59.24264315557231,12.046594167106035,68.2943824022103,64.97647906316774,0.07173486336893375,14.31,176.67849999999999
TX-111,36,2026-07-21,14.782429224636777,10205.91963695296,33494.49981951633,35.90916335460563,198.47799864547358,868.4705352160661,2.7122424893622132,14.46301594842161,0.10836694645905817,0.5086405345315288,0.001988042080066918,34.28857858205018,58.84623978911254,11.53912571742027,66.38082713648214,80.29807900616322,0.05797044196898019,14.78,174.963
TX-111,37,2026-07-22,14.995599319383576,10191.780970458913,34663.09859023418,21.49211858578048,196.69950691132365,869.9738699713798,2.4804773977854744,13.865211648494391,0.10270182828581956,0.4433376607157462,0.0017867643585752573,36.547902015552715,57.59594051117954,11.816817840392895,61.50107190270774,68.98690561739113,0.04802262770381886,16.28,169.488
TX-111,38,2026-07-23,12.037271632113693,10286.965307683215,37702.301239544824,34.41750215446091,221.53781972415362,789.6211456776948,2.878464489090433,15.934842134706864,0.11742381828229073,0.5876676496304912,0.0023207118774886838,35.89648862367388,63.95039337080904,12.096309081607297,64.1328246852753,76.41886322928359,0.040849472443131994,13.4,180.0
TX-111,39,2026-07-24,15.202901357303421,9136.573903111259,33940.96192686439,29.637944997144217,220.06577785442175,988.8872435509089,2.518191467624459,19.152066867927182,0.10296746956879005,0.5120022483015385,0.001514691954503502,34.37994260987994,61.574735717298715,12.169778462713099,65.32344417875862,76.81737736460384,0.035567956949139515,13.4,180.0
TX-111,40,2026-07-25,14.710174339795534,10704.16517764881,37173.415244130985,29.594120130419114,232.37396019221663,799.2721194585284,2.51415116757187,18.727244754314615,0.11155946236617047,0.4855556328948843,0.001983404430189426,34.19336888687282,60.41488890271117,12.197388446311471,65.05965412958807,65.72195027831123,0.05264756111068911,13.4,180.0
TX-111,41,2026-07-26,13.411465702733905,9507.011369755406,37533.484983074726,41.07422706369832,239.98050394900287,952.0098211009828,2.867207460460405,14.859288834790759,0.1081120452692455,0.47898761237694054,0.0023956430180367186,32.96427250567146,59.55641166901885,12.80107149206732,62.464521058160535,73.07880887057733,0.055936434162432026,13.93,178.06550000000001
TX-111,42,2026-07-27,19.554807321113387,9353.030858916878,32263.85102449028,25.500972268847754,170.4048990300716,782.6897235670824,2.51366940115265,17.466987096491984,0.09375846363862486,0.5015687553078303,0.0017133607229737466,35.63353707506458,62.81364604174916,11.112370115960578,70.1742451132242,77.91539506534276,0.050168634992887116,13.4,180.0
TX-111,43,2026-07-28,16.200371496975723,10195.263249483507,38714.20883812649,32.83772980068051,212.00527413067886,866.2800144029965,3.419538568232202,13.08630605275403,0.10218007979159188,0.6441641777890414,0.0012487430241061126,35.23314699633545,60.407434381318346,11.771910957512798,64.3864422167977,75.73127818529187,0.04747996724535469,13.4,180.0
TX-111,44,2026-07-29,15.665939186463012,9756.19464709155,39044.785637494155,28.98206035861006,212.6028735279784,846.4771120125426,3.4665715152005734,16.46693557470267,0.1083852047306434,0.448633232189074,0.0017742790878309438,36.68617298574618,58.85478943843398,12.640902170212504,62.16598600945609,83.06706588481416,0.043136026425026154,14.77,174.9995
TX-111,45,2026-07-30,12.11043633738,9643.82876165155,33892.394806677956,32.27099878324284,202.62583416586438,812.3875136069735,2.98602649310059,12.712997185417807,0.1128711473000196,0.5413451449436204,0.0019928157984351914,35.27165340299276,62.62818616599662,11.84239700760788,62.16722614984733,79.63356188750232,0.03867346234234655,13.4,180.0
TX-111,46,2026-07-31,14.368293110181172,9700.504976958242,33596.36033358226,29.002696963924116,219.263501235015,988.4535030659349,3.463102931545335,15.672708178256828,0.09484566877224689,0.3821087502300021,0.0021102982979831824,32.72066827524111,57.11494908529048,11.838332344213052,65.79373173389149,71.39132076936592,0.06535531148593968,16.86,167.371
TX-111,47,2026-08-01,16.38630497255552,9875.29604660237,37772.61989036359,38.08420461349205,211.54436324785138,837.9793872194002,2.724864784489134,12.106522574013326,0.09915166240398975,0.4474979279277734,0.0019012775692410445,35.26060030305516,57.024437036994094,10.736258731478763,63.47945583549402,74.57978105021462,0.04506109200261892,16.97,166.9695
TX-111,48,2026-08-02,14.188446205840869,9646.906401937222,32101.200316382747,27.590386922238032,197.05733354737654,875.1687917115001,3.0558979593982265,15.837789140950395,0.1136345245379334,0.46832245822443047,0.0015272609588240645,36.271596365728605,60.57816887341663,11.045337648826061,65.83311516947727,83.54395786614499,0.06729176525239391,13.4,180.0
TX-111,49,2026-08-03,15.751830828473192,10529.83531867493,32580.79585537055,30.09012998473807,194.6479657284809,927.4055881363367,3.8055969677181105,15.499778788558517,0.08124618521466247,0.43682807100580595,0.0024937340188261816,35.51379341238523,60.67212202046259,11.65626861144183,65.80358535400353,67.10432075098552,0.05387198355703652,13.4,180.0
TX-111,50,2026-08-04,11.475389590277917,9820.35577748612,33714.21370268119,13.988308462913507,194.44036085056376,828.0906860429657,2.894805058054608,15.003445600963708,0.1353586388596317,0.5152354498578754,0.002100233789895061,35.495613835219245,61.30771276836169,12.454279453854518,65.84513907327236,80.68997534850514,0.025733655791688962,13.4,180.0
TX-111,51,2026-08-05,21.26715474983648,10794.864922356699,35434.27150371858,23.215617357727478,225.61025669871543,844.4898800748231,3.266920508287468,12.434188796429067,0.14452813797946246,0.427889161894569,0.0020206958210949506,32.87781278548851,59.938166321705516,11.574714794861725,68.4115501817179,71.59696454726507,0.0613862358284633,13.47,179.7445
TX-111,52,2026-08-06,11.927638297233987,9859.019198477628,34476.175804158986,32.764093821460825,208.79825124462232,957.778012393869,3.13341530164487,16.32262965322623,0.08204272142613724,0.5194399333440617,0.0024824617782337045,33.320007232612404,60.73351193245339,12.676779777938117,69.38355913241504,80.80837546632168,0.05100315942158709,13.4,180.0
TX-111,53,2026-08-07,16.290219586530114,9632.48108271933,34224.063855284505,23.61314127831119,231.1988676709903,936.0125855160677,2.541943769837693,15.542713925325168,0.12318695419988665,0.5496396162727192,0.0017217084160500796,31.86616118412045,60.593079127344566,11.113130368161766,66.86698251794151,82.60216310668993,0.06113633111163383,13.4,180.0
TX-111,54,2026-08-08,20.234221457935597,10618.178459038652,38499.09765756804,37.19246012652275,230.8101435321738,896.7305488561782,2.3553367843838116,19.964540508964824,0.1012590587043204,0.5614354031987118,0.0018349175506927335,35.96392244254564,56.332555012440054,11.589556608999047,64.70476674982314,78.70087014644149,0.06072024676601108,17.8,163.94
TX-111,55,2026-08-09,11.717571235109054,10329.984094460102,37453.33395327348,42.0322192576423,215.64586639610576,863.2395214815023,2.3641176714458694,18.65840459573046,0.11474683871185884,0.498901218420988,0.0015140545117334546,34.06881604910195,60.9469804331609,12.3538330241259,59.16100532310064,80.06090045201462,0.034315635517800404,13.4,180.0
TX-111,56,2026-08-10,19.06202720580678,10104.27795745248,34073.1571025014,35.25893597294931,208.61080715589543,1005.9942086804015,3.0402378066947837,15.277638732811427,0.09429499134804183,0.5131483571383582,0.0025093852639367763,34.49723582993896,60.971932723995955,11.119556416992049,58.799803646964655,76.65966992296087,0.05370405423469423,13.4,180.0
TX-111,57,2026-08-11,14.669846191672548,9252.007514613882,35608.602149283244,31.645235381618104,183.7927234327529,791.7206742821584,2.873806036147016,16.305858493555537,0.10833309463583982,0.4559581501082961,0.0020410775255066023,35.88712640547557,58.24100143609978,12.063155368043194,69.01892294051262,64.80054275764881,0.061555262910495095,15.51,172.2985
TX-111,58,2026-08-12,19.857562356967154,9888.897237414556,34313.98276196744,35.4846422395436,197.87324322163863,711.7498639443926,2.9506027026552104,15.940807936389126,0.11480167707164937,0.45596854176240387,0.0019190596641582174,35.9769072641523,59.910002067879994,10.471262006039087,68.71291402886112,73.28711182098203,0.06091218777181381,13.51,179.5985
TX-111,59,2026-08-13,10.813629912400351,9939.506626205457,36019.47204735447,29.88894877046579,177.9632413434338,709.0557354525188,3.7616325647516797,15.49607640380265,0.12333602105582277,0.5464334549680224,0.002179054047835874,34.678662644852935,60.73465038845869,13.432536946370725,65.24903278482127,90.21360835519351,0.03500578113533144,13.4,180.0
TX-111,60,2026-08-14,10.17927416621266,10494.037607259697,33362.514126958245,40.54686061363955,228.39770748213715,1027.0057205406433,3.4422181527756255,13.156832752659412,0.06681316799729617,0.5747647334594511,0.001550129538196383,36.58488568772752,61.00442214034403,11.923747346179898,66.32614305300594,78.72232748359279,0.0479758961141292,13.4,180.0
TX-111,61,2026-08-15,19.27706170475794,10695.700430299767,35311.318603641885,27.335707011519062,227.79747561318874,738.1951695888945,3.2219463035056615,16.479150216417843,0.08343296330443975,0.5486892743718823,0.001992084241605012,34.45429987805088,61.444835009495506,10.91431557130225,67.60758000969165,59.14123028944596,0.052857044467311966,13.4,180.0
TX-111,62,2026-08-16,15.131531868640483,9730.15211656712,35779.24973577802,29.943331231706573,222.7998219388385,944.8120791042747,3.2263471164371764,15.58372240712041,0.09055667086905916,0.4849098225012151,0.0020744647520662667,34.826640512892865,61.66717924564949,12.093450189543752,66.12789982347539,63.77852852883551,0.05943230272060378,13.4,180.0
TX-111,63,2026-08-17,13.25647921897697,9478.673208851644,38292.37201822514,33.8347924242334,221.2753384381877,936.3596946325854,2.9534246020481443,14.440791983887474,0.11558220370913341,0.5566259521119147,0.0019795448756222463,37.0725428647008,59.704022175433785,10.605991555110027,59.83543177701807,61.49779705696538,0.04586188207427505,13.76,178.686
TX-111,64,2026-08-18,14.30394593666165,10341.299818839945,34942.783929492456,34.56904291876629,202.6587953804334,901.0817140901493,2.7112425629957766,17.845176920795627,0.0693703140684401,0.515065514535694,0.00194550486147523,35.7817545975045,59.968755898266224,12.0086437056159,64.20008113307087,86.14605123305599,0.050024058850602904,13.44,179.854
TX-111,65,2026-08-19,20.908953634840415,10136.123540813767,35043.519681594655,29.631055879848105,213.07339138930504,852.9285301674236,3.0728711995195184,15.016274028215637,0.1065049539853038,0.5175015163130877,0.002120598464055174,35.09490474617329,62.353415238524065,12.422568816182483,72.81795886507798,75.39881126852698,0.05958913292455175,13.4,180.0
TX-111,66,2026-08-20,12.821852374875958,10700.394627655653,33591.43212645106,32.6425837024257,196.52742403194358,936.1606237693507,2.882601881564255,13.421494212157569,0.09456815420404431,0.5770790062070823,0.0021401828805515445,33.71114997012087,61.64307405186009,11.10848581967272,67.23007786417446,79.42532118076724,0.05616310466251355,13.4,180.0
TX-111,67,2026-08-21,20.559567498504542,9585.679537548993,36221.58955177366,36.66663960833208,188.97664869835333,840.3397135588004,2.856406230613783,15.649466071644135,0.07179047452078097,0.5275700995429158,0.001577483977476282,36.293330825807445,60.77065024213518,13.913139872135604,67.00635128182789,72.56191639103206,0.042013228647823364,13.4,180.0
TX-111,68,2026-08-22,15.716673174233588,9984.874705761062,37372.27806975455,25.73110539792083,242.28903740769496,1001.9821553371995,2.898238184871428,18.595641795275238,0.08433743809885455,0.5102794894957614,0.0016170586845291038,36.84656925630141,57.52891978037853,10.559558303737843,63.095860678816386,85.57858939740929,0.05954844886078886,16.37,169.1595
TX-111,69,2026-08-23,15.36615188468732,10509.463105583647,34769.1725505777,32.49184630955999,234.93303357922235,880.270490143663,2.6168136896141467,15.940743428653981,0.11480548614983102,0.5055223868572639,0.0023010143941118097,34.79874086376649,60.19131901437524,12.37457488256361,65.86208311411234,87.9061730343108,0.053695562500003326,13.4,180.0
TX-111,70,2026-08-24,14.088293595235948,10263.990850745506,37017.70168054025,34.25638255433891,216.30217815698424,780.1559885188772,1.7537436915798363,17.550529077241247,0.10877714892412264,0.4989211291692365,0.0022082939083340465,36.92730993566591,62.12029674876962,12.962220572801957,62.33982310150207,68.94567357624099,0.026135953186322933,13.4,180.0
TX-111,71,2026-08-25,16.90054042165476,10554.313598730583,37380.35609238302,33.767860636653744,198.87220423680301,854.8578030471886,2.5873176019546174,14.673150301669601,0.08044347492207103,0.5877977032504293,0.0016092885340803199,34.80294672311078,57.09567237985369,12.296554861298064,64.99284887072861,72.14567717088369,0.040672167339699465,16.89,167.2615
TX-111,72,2026-08-26,15.00738550676285,9727.769554992881,34726.26422126666,40.18336122338475,205.42460038682532,942.6293766379226,2.7677676121597523,13.431128980650476,0.09954084573102705,0.6251963002426112,0.001913771691531812,35.36143780336482,58.75740222736419,9.24472796159825,62.63050600420503,94.0456762188301,0.05595390294724766,14.89,174.5615
TX-111,73,2026-08-27,19.922772603160354,9826.138882534013,30286.337792486676,24.85816913000749,209.94906595748196,919.009108874916,2.9947881017108853,13.939501975127362,0.11879431373606489,0.4749326662999519,0.00209234506104881,35.195328165032606,59.44724633495668,11.118703948960437,63.71800973983112,89.98897426158197,0.06112447863266179,14.06,177.591
TX-111,74,2026-08-28,18.061166193845935,9606.768146612592,32124.621454066222,35.88968815963775,220.1314306132221,910.9799181346042,2.8147300562082695,12.072110691529936,0.11734800888757005,0.5593067557482955,0.0017962722714526416,34.23740039926038,61.861592887513204,11.358135537106518,70.33718062356915,74.12758593707431,0.046134382931333505,13.4,180.0
TX-111,75,2026-08-29,15.13532400364019,9806.68413281799,37252.42477269536,34.8417707122465,223.82572592686446,914.761579255525,2.7718227508458186,14.981871985144535,0.09148606416859452,0.573329825659148,0.0023006821171395802,34.90847693314279,58.61028756484309,13.540839688203818,65.4100524066329,73.95866031842613,0.06549652719718958,15.07,173.9045
TX-111,76,2026-08-30,13.470153559865796,9840.536549335233,34538.48210324847,23.835377089685295,208.40582204799145,839.0124204257239,2.7146391338444387,13.591129041196671,0.08825859593392113,0.4580542767992093,0.0020741642532859914,34.84440690751428,60.07201220731218,14.353788076462314,64.53331645670241,79.83958097789093,0.057187495993359795,13.4,180.0
TX-111,77,2026-08-31,14.811430126907178,10136.899565772519,35041.39638052485,31.436517859976817,190.3882936201344,860.4630952336141,3.008461126641538,11.056192712298014,0.1299214557953065,0.6080429008999565,0.002051105077977414,35.665469177251005,61.62158650507575,10.675330260421731,67.78483383585328,71.5884816445262,0.07290724229816845,13.4,180.0
TX-111,78,2026-09-01,14.435221290003916,10454.09111158583,34643.174139279734,41.412692596596585,191.89913973394366,993.2071029861911,3.313338941225973,15.80861992332832,0.10458014802089546,0.46664937411515683,0.001224183106869777,36.074392108461616,59.26674133448358,13.169600143682029,66.055093303747,84.60205424816097,0.05801892520109474,14.28,176.788
TX-111,79,2026-09-02,7.605914458562397,10307.447808123998,34312.64902877103,36.25978768481016,213.99780864508242,948.2375230372486,2.8638786021458746,13.174787615784417,0.0913422608205895,0.41000538692345256,0.0018228968796360065,33.53584090046057,57.843388794363285,12.11647884722621,66.60214681851188,74.74565215859828,0.04501209502661598,15.99,170.5465
TX-111,80,2026-09-03,12.157775513283223,9841.403503817644,33355.55391754451,30.12608097138765,171.7705379283929,956.1054062564582,2.716484438962154,15.752513800564676,0.11774443991262384,0.51639354409655,0.0022397380368794247,32.93336073714593,59.26071500444417,13.103076666789084,66.52768861494866,89.7877061244117,0.06704380479967018,14.29,176.7515
TX-111,81,2026-09-04,15.89877640335191,9874.010690557596,33083.12257386602,28.0666947878429,194.06374990780836,852.5400646094628,2.540831126129477,15.80315317504409,0.1339327935628447,0.546662838411513,0.001903273982518903,36.01402884760071,60.51997630025832,11.959295649063158,64.69063182305779,73.40047889609389,0.05651066122737271,13.4,180.0
TX-111,82,2026-09-05,15.419010246829265,9635.788601211505,33446.295781799294,31.980760455452405,210.82922705888583,874.9493884546573,2.433997188626878,17.501930234170263,0.12077209219054202,0.4006311749513251,0.002401874876994059,34.79102420266699,60.28498062004071,13.138223060052628,69.95761635988715,83.02292228036424,0.05241030498950559,13.4,180.0
TX-111,83,2026-09-06,10.873077941091005,8986.884088007631,36756.317878049005,37.166895211291376,185.990820196084,878.4176028209016,2.7213670558072725,13.832199853021994,0.12149922367783932,0.5109186566376821,0.0019312465065812992,37.657520020510376,57.84836865148866,12.547911081495785,61.853065144483416,73.74050502404607,0.05148638384462673,15.98,170.583
TX-111,84,2026-09-07,17.533787158905277,9869.409052419489,34266.10380440632,29.06682092702638,180.7121783544461,950.5847841673349,3.1406671853909542,15.8703373426301,0.09860913994933838,0.49035610200549534,0.0023526801014692555,36.02178647015702,62.12220087927658,12.37259435149587,69.05799228396626,71.67133888223668,0.04799148213858669,13.4,180.0
TX-111,85,2026-09-08,18.585302261045882,10421.710769130119,34419.099186170206,25.236458169520297,198.2594626082448,845.2105246978372,3.8622517412443376,16.520081287039503,0.0846815484522647,0.44775045196674934,0.0017665060178646333,34.44117476153367,59.74994940930421,13.114546490880887,62.100449325940986,93.3162979587724,0.04056699763171345,13.7,178.905
TX-111,86,2026-09-09,10.772856806716202,10844.152412661735,37642.511199673914,29.561508294362348,209.9929077182094,932.5255295281611,3.0683562143717795,12.407040923059053,0.050360656346674956,0.4577636908838292,0.002544846323411284,36.855413502726655,59.60724455326154,11.042035777476329,65.83436365918814,78.5118495637362,0.056007195192940576,13.87,178.2845
TX-111,87,2026-09-10,7.418913951487207,11578.878091912582,37264.949336087266,29.48943669797037,188.02422348012644,978.9844555263684,3.247697307517271,15.184294976069022,0.10916669267281624,0.49436401978876926,0.0021205586797151906,35.72636285095351,60.51497531112304,12.290921898321919,69.17858039963355,62.223143044652346,0.0420211772144157,13.4,180.0
TX-111,88,2026-09-11,15.079682057943067,9635.06620853538,34207.93492351212,36.92296706464385,199.44187127181365,753.6631177828821,2.7883291353328605,15.116226348267745,0.10079379064912654,0.5278018720673208,0.002142316572426642,34.86117390147401,58.21044036263185,11.558860748362438,63.131670330134604,72.71916957850995,0.05691168535257887,15.55,172.1525
TX-111,89,2026-09-12,16.212308248691258,10412.002856870842,34231.83359279441,38.03156492514222,215.9055756705272,908.9787745473566,3.3016732921889846,13.648479170737938,0.05782491568079158,0.4696651815465111,0.0022242370871726506,35.08021603968896,59.79474829098319,11.152159929222272,59.13252252225039,86.39876496651833,0.04792105258188393,13.65,179.0875
TX-112,0,2026-06-15,12.985061198724383,10627.261238813315,36762.70162475877,25.16380267894523,223.2908593008707,888.3943664862986,2.6947289060063864,14.412775226404898,0.08433405498970206,0.4339561448625605,0.0022328392896525766,34.77929514096853,60.925814300467906,12.287213331129546,66.64562333405972,58.632105556743305,0.041332397506429835,13.4,180.0
TX-112,1,2026-06-16,16.708094266205546,9362.584652932015,35746.13016762446,23.046477099907126,200.3288796698939,1028.7992315148845,3.3873000576658123,11.298518105118532,0.1169674280863237,0.5911119113364791,0.0028391048030485216,35.47507573746869,57.95337011417197,12.43467797802443,69.78810079502439,73.50329456199758,0.060431089228825584,15.86,171.02100000000002
TX-112,2,2026-06-17,12.481191003366936,10186.176626563425,30020.840969659745,25.24832309081641,199.8775870543629,870.9314615538851,2.3496912528621268,14.000687603830087,0.10659310096935994,0.49568862064448904,0.0020182812709612606,35.73196880308574,59.48525594890013,13.359177883051915,62.032186801695765,90.42402042447615,0.06113038630494263,14.02,177.737
TX-112,3,2026-06-18,13.932006658463335,9855.340647884459,35413.471183223475,32.99335464935989,221.89096550466914,792.7527001587933,3.2187213110306234,10.76697149507457,0.09645399028329034,0.5726956251893729,0.0015747172903344505,33.400762213968335,60.33119264932196,13.387429164172602,65.97618635325597,59.76305682494759,0.03316871586953726,13.4,180.0
TX-112,4,2026-06-19,15.293239298788258,9410.378790352117,35273.37258781131,30.979975566334694,190.20484978684578,1045.180343515905,3.295233602467146,17.423181757588353,0.11841163516543245,0.49249632190250664,0.0019416658245981957,34.70237996317123,61.021653378750365,11.349634822628136,70.1750988261037,69.03304557062086,0.052144750722970284,13.4,180.0
TX-112,5,2026-06-20,14.312757563862155,9774.603342806737,39344.693704927224,27.804728292937686,193.90557638015147,846.8693121235289,3.0205203078444613,14.797387265314612,0.0776149373859139,0.47878150678261716,0.0021829059628351885,36.02698684942195,60.03600091944822,12.058994790653209,63.91701478470417,70.98046638433694,0.04080426970117698,13.4,180.0
TX-112,6,2026-06-21,10.330051637283146,9648.776662946731,36808.10573468103,27.877915286514114,193.07962632611915,870.7611840228283,3.622353832916367,13.143234858937324,0.10554106676779988,0.4965766933214918,0.0020203780475284306,35.24435040711645,60.08574741040211,12.79302188665092,64.91222801611121,88.95501114740559,0.05044479938966846,13.4,180.0
TX-112,7,2026-06-22,9.889599352199191,10319.155179071866,35784.193610519564,30.16272515880962,194.8085736875771,730.8304746832171,2.026577968867162,18.29503844099496,0.08828994793801226,0.5482810213776104,0.0015190900180278616,33.95314170463173,61.01796142032257,11.897498964301366,66.61300151596814,74.89093947256154,0.047923280359933915,13.4,180.0
TX-112,8,2026-06-23,12.959868515475328,9402.998672034999,37805.402579465,37.8365455306494,179.22594090511632,811.6736718394442,2.826113428788954,15.680870029726304,0.09636363584086662,0.524976003262386,0.00198522531571659,34.88536885855077,63.6196181051548,11.474796748404692,69.91984067847365,86.57490454144691,0.055040935065846494,13.4,180.0
TX-112,9,2026-06-24,9.221604490651423,10015.52874518148,33970.610485208905,30.100453457202367,178.74066415224235,960.5006359240042,3.4924925135555327,17.340048604133884,0.09235642567230933,0.4470287448976613,0.0021055044249412356,36.75607432214874,60.1040844519203,12.4522970861121,64.295229662354,70.9722383528339,0.05658275938604499,13.4,180.0
TX-112,10,2026-06-25,14.681799697983402,10201.761455764665,36015.01371455406,31.73758419569454,211.1571063877548,831.7595413791927,2.5429853218265843,14.914756786785487,0.09962877359477505,0.47388385866401855,0.0020723000889244026,35.90821743083404,61.78126781123023,13.412261872647155,61.05559501082845,65.6960114103326,0.04710354606558354,13.4,180.0
TX-112,11,2026-06-26,15.240859623022128,9880.790998071505,33894.7213396349,28.47790879901314,209.66627644865005,793.6302042566374,4.1716785862935515,15.041987086768598,0.12101694788457451,0.4709997552517746,0.0021723048777574304,35.100091072828576,61.28521259083244,11.801353082176249,69.65469070126903,63.06355322010365,0.05949373830198024,13.4,180.0
TX-112,12,2026-06-27,15.356159266599144,9490.836650813528,38904.13174009422,39.243488632837895,158.5225851035309,914.142750987666,3.352831277365368,15.88340961663563,0.13031059216556867,0.5653816353757307,0.0020795562068951544,37.277103612411636,61.40526978406137,11.648585504822078,63.34295721551494,84.94673202378887,0.04207045773469559,13.4,180.0
TX-112,13,2026-06-28,13.770785161624568,9880.214054272576,35711.306786552304,29.032708185192092,173.66058207039723,992.966379039261,2.7978006756074425,19.039870537598983,0.10607980014519679,0.563360374220108,0.002189258454254238,36.315056271456626,60.855508494396645,12.235168833991807,68.27970227556955,94.88777691673641,0.04730203061395125,13.4,180.0
TX-112,14,2026-06-29,17.384780963175043,9997.377538744926,36012.11804098607,30.21079278788267,156.84514228579195,883.9850625809459,3.499777536404267,13.46958675346286,0.11841892886143088,0.5091804582195173,0.0019425528407437374,35.90581538528337,61.021547315346396,12.420547071198035,68.04770060834124,76.62478655670864,0.03355333967010976,13.4,180.0
TX-112,15,2026-06-30,13.865637380603042,9097.798788610067,36314.72965241727,34.480999196464836,218.83404484266083,939.1275759383843,3.4839625646946493,11.846793323465079,0.09784866156411426,0.42925420055958924,0.0018925011161582334,36.61625173593276,61.63985577353204,12.662285406474421,64.45513931419806,67.05124172443534,0.051870276837844294,13.4,180.0
TX-112,16,2026-07-01,18.33202749546692,10204.935744629616,31828.618421630876,30.523054485579177,161.73343615867304,964.3347066484806,2.6534961259666425,12.553757200294134,0.11635861325464407,0.5279688918591994,0.002069719688724263,37.19170794715105,60.952499754383936,11.355043070072632,66.55761160245483,72.71138125282846,0.06266758821897002,13.4,180.0
TX-112,17,2026-07-02,15.842931620491285,10189.961643400224,32115.263179609414,30.306758097514763,198.8746829146948,818.0629235831559,2.8892492568055776,15.871504887168157,0.09991300801311974,0.42939501542079833,0.0019180349500409171,34.53197521096013,60.29027028454677,12.085532561894423,63.76516081366446,71.39469245261319,0.050672225879845004,13.4,180.0
TX-112,18,2026-07-03,17.88893026495969,10139.320261354093,37846.13865058143,35.66595489420945,229.93364992418304,1009.4902121442444,3.7814747583703614,12.693714379057532,0.11294852555820938,0.5609160276431948,0.0024197081965569855,34.22928118698605,60.98607078739715,12.075203064950419,70.54118069902283,63.9016670048444,0.04230710418577135,13.4,180.0
TX-112,19,2026-07-04,9.568098525112966,10072.30814351654,39527.6805385393,29.77829190733354,202.0206664504851,944.0191016498563,2.9418547574963547,15.732052038288161,0.10784423338655628,0.4577221673953237,0.0019717859865350995,35.74193292649024,61.39286417484465,13.298501656194276,66.00630820034839,77.84628568995552,0.057501848652146255,13.4,180.0
TX-112,20,2026-07-05,13.215689359286076,9682.11047400542,34750.404284691205,23.62491150222948,208.1380154339982,983.9265628934611,2.644978177580823,15.870298379770542,0.08741737898116014,0.4491712249002537,0.0026166683131279,33.99776686398276,58.081021022868235,12.214715397055313,65.8055644353823,80.33785712951952,0.07001228053509907,15.7,171.60500000000002
TX-112,21,2026-07-06,12.668610554416109,9710.78158101305,38217.610994613715,34.69561882752892,216.00162675523464,852.8105043594145,3.562944110206126,16.60636564036207,0.10379074536238732,0.4707536094883254,0.0020320086663165337,36.64848688848327,58.35904837109448,11.20020093193653,63.116592694788004,71.71343075192205,0.04984263313478973,15.37,172.8095
TX-112,22,2026-07-07,17.875713084605717,10230.70705720873,35121.68210100686,31.384967375401725,212.47981920726357,765.4635243016324,3.5357920958773006,13.347174114227196,0.09112979257645025,0.5170217660851794,0.001977378251598825,35.48693044109334,60.21274187768461,11.710667712938378,69.58627450812885,80.66452425608108,0.0530211732513562,13.4,180.0
TX-112,23,2026-07-08,17.0775595225781,9647.335253646252,39349.543483633366,24.56181399458431,202.26337316586802,877.0858977105808,2.8377928122864757,14.091486487370481,0.08456579998002997,0.559417110240406,0.001638589161625135,35.98356389868382,60.97280660208148,11.619108868320653,66.59782185138155,73.7368078584274,0.03898993661490648,13.4,180.0
TX-112,24,2026-07-09,11.728699035987281,10327.720758234846,36207.14064737005,31.210057071596097,192.16966921318988,884.7654773095182,2.8372234214179866,11.506111729646266,0.1012250650051256,0.526122743060475,0.0020202826396334616,36.769149172019205,58.49315678275503,11.33889628310628,65.39905698705101,76.95013448153945,0.030987913749737278,15.21,173.3935
TX-112,25,2026-07-10,16.80809399962681,10124.1584197778,30761.21411233382,29.416453655575392,183.82916956122665,863.7341388548967,2.3309496076610685,15.832377357347145,0.13523552761140453,0.5132511787085141,0.001352184769470906,35.2855960373328,59.70804181170145,10.898987465245897,66.06087149417309,82.03811782501884,0.043315065181068625,13.75,178.7225
TX-112,26,2026-07-11,10.068801567564327,8994.163880228565,33668.62981282936,29.22248265370095,189.67988872725041,845.3374325870094,3.2839497635640775,15.925652092291848,0.10399186805520384,0.5408243892172053,0.0018031077941614046,33.90544076494143,59.21649948865894,11.408697228318228,58.846131631858924,70.63545088362423,0.06104850555182226,14.34,176.569
TX-112,27,2026-07-12,17.402560291853586,10262.59192847804,35263.23608647396,37.244492630710155,178.7966421026408,822.8138302429707,3.5621476368442666,15.055209793677417,0.08657643385911644,0.5275962313378235,0.0018684599114936046,34.16247450452727,58.701972280699366,12.321549361026015,65.61744648989199,87.1339741332476,0.047099107533984975,14.96,174.306
TX-112,28,2026-07-13,14.078551653606263,10719.816765263458,36971.293586555184,30.724491518813696,168.7797455483738,835.0516174173414,2.472952601306132,15.072903553798739,0.08983317770916913,0.580145244642115,0.0015285688358677974,33.838660283087286,60.366943177319776,12.52143604976417,57.238591307312475,61.11671872667805,0.04736396306859386,13.4,180.0
TX-112,29,2026-07-14,19.068130894454903,10943.880442608484,34171.00501967395,29.14676511289792,183.26268485430714,950.6565119908898,3.7642647922469656,17.5120414747601,0.09941998774689167,0.45807341474323876,0.002002459101292946,36.380786704433575,59.399224352480076,10.184570970652247,63.9199722400476,72.76779397209329,0.03178701838730502,14.12,177.372
TX-112,30,2026-07-15,15.696111995994958,10253.002331627698,38719.78522963662,23.338115215784438,214.61042862577528,977.3468920940702,3.259810465467655,12.98639673431175,0.07870146638514977,0.5048598376141907,0.0020270532979538877,34.440566175371295,61.937455520299885,11.59924841750794,59.31889776764289,73.2075478839613,0.05480273348245706,13.4,180.0
TX-112,31,2026-07-16,16.025883456183138,10167.111293569973,37987.978028713354,24.426047141489377,191.5258330329865,1023.6043230408322,2.016325056517858,14.892611105594462,0.12457842230474069,0.560700812546703,0.002198034911853906,35.6854393017617,58.4384653154173,13.373177083929185,61.39981486614262,65.876695845013,0.05387874131163746,15.27,173.1745
TX-112,32,2026-07-17,13.520956512848402,10103.34834951988,35861.534158560455,38.890548696877744,208.6744917113282,850.5172556673233,3.338243979093068,13.336491599835776,0.11826311048752083,0.5032313959784628,0.0021201631448470844,33.21934602288532,56.623881607227766,10.498575767586567,70.2373125670954,65.81476141722328,0.057323098019889315,17.45,165.2175
TX-112,33,2026-07-18,13.074276603267885,9879.98495039038,34910.55948986148,38.21889213905748,211.6901106158285,930.8026512256281,3.648349216055598,13.733606272476836,0.12136685953902868,0.5450651297579365,0.0022669698089730597,34.84498329708849,59.34402765633386,11.130176354830585,62.578452905100384,67.66389479153206,0.05366847761826076,14.19,177.1165
TX-112,34,2026-07-19,14.314991060189783,10215.70009884001,35975.764039305606,24.701219728558335,178.2046293578154,881.707169346135,2.612439638193109,13.23917572094743,0.13391374018149743,0.42333226140612934,0.0026069193281834033,35.28887638335909,61.47935742452689,12.86833281733023,66.8508775317981,88.29465439314548,0.039175833115232185,13.4,180.0
TX-112,35,2026-07-20,14.530864866664773,9573.576543749627,31607.840937935234,26.69379440720888,237.45095556447643,886.1226642065828,3.99175785666678,19.171654326886408,0.15990260727392164,0.5952746509549153,0.002707439559600142,35.32516754105573,60.34249235053001,12.29483936121535,65.00018661383109,76.19730508134035,0.057521825651534186,13.4,180.0
TX-112,36,2026-07-21,13.602546434110383,9311.187881095644,35727.23759514505,26.535975828375918,188.21453005057322,888.5797415748663,2.8139283902330625,17.220084985033385,0.09666516920953314,0.5580224818938359,0.002061804874682646,34.91147099806433,60.23733072943019,10.708370135979266,66.01423156841209,81.79351437051969,0.059908504268462254,13.4,180.0
TX-112,37,2026-07-22,10.943477743866396,9240.509898878512,33926.36294983832,36.92331178996439,204.4195078716049,838.0243808201438,2.27353026653481,13.632021391092767,0.08496897742973845,0.5467808859322628,0.0023037632748161133,33.95009812780906,61.1297490923724,12.650756898675429,61.460957555711204,74.32945040937679,0.05340819988157417,13.4,180.0
TX-112,38,2026-07-23,15.489706256152077,9144.729461595722,35262.36490903324,33.18132445715838,231.59188337735048,846.4967039882281,2.727273421735554,14.58226646825478,0.1058243184263378,0.5048508883811428,0.0021812923963901274,33.87481345778486,60.59528053394482,11.257784619774347,64.56999829383327,88.66410901804964,0.03601757191233992,13.4,180.0
TX-112,39,2026-07-24,14.161597594681888,9362.677113844687,35306.13594910355,35.24116457695009,203.3931023768854,890.662731733147,3.664201164526026,15.66100486954429,0.11639132112623622,0.5357628693422567,0.0011371278787529718,34.92333119437905,58.38288829667797,11.170683105843139,69.42375832197588,72.00155563741926,0.06892568195806008,15.34,172.919
TX-112,40,2026-07-25,10.776934739187434,9458.164609861316,36524.70132190394,28.293142401207458,206.146546732021,891.01545389042,2.928711881016996,14.391527862535847,0.10358986720815475,0.5320819143763952,0.002484326645291743,34.79748746465718,59.409542556546185,11.477538443540867,69.4093515650975,80.52259917691055,0.031009665735618298,14.11,177.4085
TX-112,41,2026-07-26,9.170637891610854,9584.971060250957,35460.29088810875,29.832649303906546,210.2955710368736,885.9645246253376,3.6987093856894715,16.54422275754803,0.10155153214231373,0.5572669715267052,0.0015053281327054339,34.914925287334775,60.206268459191975,12.60203649995251,59.85450199151414,72.91674474500415,0.054004607963510746,13.4,180.0
TX-112,42,2026-07-27,16.43148637919201,10593.0649207271,36523.01066481349,29.695769753139793,213.4994749789751,883.8909091556294,3.0733869763814265,16.589604700294725,0.09909398413623915,0.5180994839765919,0.002288392630795104,35.71216486073905,61.85020778382206,14.32844829795291,67.10878332007083,71.30965958876196,0.05511823047819801,13.4,180.0
TX-112,43,2026-07-28,16.40645524947125,10306.755346755192,37990.03249447474,21.57944245507997,230.27675982659468,1048.033349444649,3.284035331635107,16.184270162446268,0.09516710385481003,0.5003161994908353,0.0022093856477444457,35.633552392770326,61.08106459500508,12.626668571603284,67.69516992242711,81.29318935988518,0.039756513347398686,13.4,180.0
TX-112,44,2026-07-29,17.49680413052364,10929.293308208114,34946.746496089196,37.49739973991239,181.6540940017682,897.6189904311652,2.679420924095071,17.758442504847597,0.13280953108817703,0.4950401939956219,0.0023513184567985554,36.650626627903335,59.950621713057494,12.129751611796983,67.20084610888095,68.25969614783773,0.05110097595214561,13.46,179.781
TX-112,45,2026-07-30,21.428361318605816,9749.993239874851,36707.652481413024,32.61902223068506,196.72468182594096,917.7324074327513,3.8763099622697146,16.107194293158603,0.11419637246522527,0.5800431148125879,0.0019131768689005495,33.953085090162155,62.652521087385416,12.13652178261843,67.68080255044704,68.90136651504511,0.05388526305246165,13.4,180.0
TX-112,46,2026-07-31,11.709201645414428,10031.869919864046,33704.15362964344,25.61172832543724,193.93754661268153,716.5287485625436,2.4200487811112334,16.564828312520657,0.10695332779095454,0.4462906526518696,0.00216436207083952,34.12178692784811,61.08294580562013,11.884360926538175,64.02463054882301,74.27149101018037,0.07559528456665708,13.4,180.0
TX-112,47,2026-08-01,12.723595441432948,10113.279333133189,36562.73741898474,25.187935754555326,168.11484325188135,851.9121485630262,3.379731600554434,14.315993096543433,0.09537788137277951,0.545538482564604,0.0017580970761515422,34.911244688853884,57.72923843802477,12.320719060725796,65.68852122370524,81.36429038533774,0.03854743868328614,16.12,170.072
TX-112,48,2026-08-02,14.42433725768275,9360.764819770906,34507.7866276884,37.40894037720612,193.58494488052034,790.7264140604077,2.660060367512592,11.778096333165578,0.07408454242385562,0.53354934737477,0.001566115028791369,35.31232859035488,60.03861401382386,11.468471750906666,65.68204994017333,67.49870792522195,0.05840844400827047,13.4,180.0
TX-112,49,2026-08-03,12.904979104283006,9806.816555696556,33989.297989205785,33.44736782203883,210.888878270178,690.2639067260959,3.1271214681390895,11.510814336348838,0.09317356575621674,0.494591298912665,0.001894382531140449,35.50081922209892,61.0801148491193,11.226534207180709,62.570608992508035,74.71224357077986,0.03456267919433844,13.4,180.0
TX-112,50,2026-08-04,13.569066074436964,10674.038916693678,31987.39886957857,28.29941320343296,188.15398374139767,1060.4214305110206,2.7310693966651733,14.040378229283007,0.0793847014439654,0.5004660901783625,0.002081050116507106,34.114180152380406,61.483084201082946,12.271063584288509,67.55569780629554,72.37491577728065,0.05243184330891334,13.4,180.0
TX-112,51,2026-08-05,14.360710515377754,10728.840774745575,35232.52827474212,30.043769741574994,190.8351600195817,858.7229095622268,3.1188610374119135,16.63917491874543,0.08630883804179824,0.5063289638588064,0.0020552508473057345,35.35836351637561,57.43875539720892,11.075267300289012,60.902466439634296,75.26307541321397,0.040990266301096895,16.47,168.7945
TX-112,52,2026-08-06,13.511276644719757,9402.859738044577,34193.526925664395,24.379481993906154,215.15816884065902,938.3382375836462,3.0751146407371763,14.396116140638863,0.0592462646739455,0.4770896687252577,0.0017715630368937878,35.24727421726552,60.92956075320656,12.324632662493087,68.78911492737977,70.45348612491928,0.04390224118679357,13.4,180.0
TX-112,53,2026-08-07,18.11363468670773,10083.108197269066,34506.00251891557,39.23260572447391,211.55461094765366,884.7564660852734,2.65702759317635,17.653025343167737,0.10413994041779338,0.5012258459769213,0.002202882928236527,35.880087856853976,60.824804976736345,12.883975575631943,66.35412307670805,79.43912466744182,0.04268362145156565,13.4,180.0
TX-112,54,2026-08-08,20.431061644852676,9383.161670504649,35618.755228994945,23.31616470910696,198.0374252232809,854.2965089705532,3.0678779356719916,15.68351536271529,0.08087332594010817,0.4985292772524212,0.0024181022667368844,33.68773490249854,58.718919346256904,12.860754647915336,65.23266443973927,76.20923943859651,0.06022302348692328,14.94,174.379
TX-112,55,2026-08-09,12.617793894605123,9740.332384951202,33714.716267066324,28.258984763322186,226.79044169895357,763.9135923580391,2.4028905945449637,12.26863386541364,0.12803387901371938,0.46928000326501185,0.0019019979061745003,33.385365822079066,59.606420945751125,12.866521720841966,65.75887114481888,74.137087589611,0.03435114474548259,13.87,178.2845
TX-112,56,2026-08-10,14.016143738076085,10073.45738196294,33016.35028593339,33.27445578988941,217.7013709329014,857.7081033076723,3.362916096885852,14.780520805031934,0.12294275963157628,0.601707533002904,0.001671900355420026,35.76948440354666,61.95744684924409,11.029319659648168,63.27463799534402,70.30898321416637,0.04867218761463878,13.4,180.0
TX-112,57,2026-08-11,13.930903481338134,9900.85770597246,36675.97665655634,20.52094139056922,180.5221315671725,953.5942460967893,3.276388074310437,12.88291561193322,0.11119403900607339,0.5663433478409888,0.001985292045660347,33.99203897793611,61.312431384471374,13.723045430970874,62.341579089681304,75.31401659160026,0.060901556348870206,13.4,180.0
TX-112,58,2026-08-12,15.346076144889558,9126.351833495957,35886.83543757159,25.105956818385504,174.58554802011972,761.7801607211363,3.5952036465828403,13.330577361965148,0.10666672360495744,0.5289477215289702,0.00204854569694456,35.29657077997397,60.571572131099245,12.138097686645393,62.719521457051925,68.2053027027873,0.04895018455824074,13.4,180.0
TX-112,59,2026-08-13,14.62150785585295,10214.659866213287,37203.30013433032,31.719526802847454,183.7823256176568,725.5075348215507,2.615531397060338,12.311019276946949,0.08539255595278403,0.5121138494432605,0.0020253171523516027,36.85817761693821,60.72462232812328,13.909167283314702,67.14541821196978,83.68565394644028,0.04641097728379042,13.4,180.0
TX-112,60,2026-08-14,11.776472150012125,9775.52005459956,34976.260938644,26.859205579974894,179.97715151058298,933.3470153936607,2.497301416901374,11.933016103762938,0.0775582777220481,0.4882822255868376,0.001702724267670643,34.77191009668149,60.90066645791882,12.574443046863351,63.017522272732066,64.56846730368841,0.04424376534850793,13.4,180.0
TX-112,61,2026-08-15,16.96693442935065,10444.598114522285,35705.77984206671,36.0071802549771,234.58404239238746,861.3417657496377,3.743281626993245,14.478900958416512,0.12039697394520128,0.5354286234336381,0.0014068824742242128,34.03377286507321,58.16806812553446,10.217952968374112,67.63794495018696,91.55017484096052,0.04742327495300947,15.6,171.97
TX-112,62,2026-08-16,17.56246999609914,10742.312658845372,35416.66340036552,29.8734346754248,195.08624144515815,943.0047105763979,3.4373470250162903,15.923609812078361,0.10854926151633734,0.49743985493960224,0.001522113642478167,35.8977163887566,58.073062320577726,12.619385642085822,67.26720994997886,65.87654316407419,0.04392199209394845,15.71,171.5685
TX-112,63,2026-08-17,21.364423654169233,9960.258881065309,32559.57264913096,34.0043961985652,184.54649588853638,746.3580782036723,3.2598847740232335,13.166764368433743,0.10642376684444876,0.4593654980948818,0.0022121612582809056,35.183498324605935,56.11618711656153,12.382012540704588,64.13080601470882,86.33374113752645,0.05395207849015852,18.06,162.991
TX-112,64,2026-08-18,17.268473531259048,9644.729599489538,33419.86449836407,29.871753344697176,192.78767746412302,1007.0407241768065,2.9233404706383364,12.550356500032542,0.08344838172622679,0.5482525542307002,0.001949822796721122,34.77928823205024,61.5902813538267,11.085236811134457,58.294471104718006,68.17706682914687,0.052420890885463416,13.4,180.0
TX-112,65,2026-08-19,14.251465438985731,9219.785189957784,37032.1190627031,30.817484730422244,207.78029389426985,933.5688207826696,2.350737877075052,15.605757832858982,0.11814907566404013,0.5570155115185327,0.0022163789975038857,35.51312965859203,57.39386810284438,11.98506534722253,62.13027695169066,85.25734305557087,0.0613037949237705,16.53,168.5755
TX-112,66,2026-08-20,12.14841356783942,9977.010908146993,35497.018887014216,34.50395628744517,166.48763500265093,723.2302148929894,3.019074255420411,9.93716635524914,0.10317144819624129,0.5296103886791371,0.002370823972498332,34.37743174874401,60.241772469202736,12.651509839660324,61.47283997475693,82.32278238201279,0.0527434232522765,13.4,180.0
TX-112,67,2026-08-21,13.18366100788257,10070.690286112798,34721.33102964052,33.900369751239325,192.79079819706135,918.1672394703088,2.689534190923344,13.124314322616534,0.10343065583819698,0.4551616166490715,0.002240174087434647,35.59223253217712,58.85232831548417,12.213780431873182,62.69090029899795,62.16549755358659,0.044027748325529636,14.78,174.963
TX-112,68,2026-08-22,14.84904951218187,10260.704362456767,35298.959860940675,34.538373075141145,180.37667657166853,869.8641289670272,3.8221833508831624,11.13783989409835,0.09096091388148012,0.4464253026118676,0.0019413804787237763,34.56555251256388,60.903233157135126,12.255520659409505,61.08314728426916,70.2947034145673,0.04999882950874314,13.4,180.0
TX-112,69,2026-08-23,17.21814265211704,11216.478142339964,36405.59157791083,24.93750039725257,198.12309489201607,914.4780956027047,2.7403045648282394,15.940515611869088,0.05457245823199027,0.5276574810664,0.0018570837732708582,34.89029476830448,62.19858440853975,10.738482824391077,65.81815783581149,81.35137263205158,0.05170336458286301,13.4,180.0
TX-112,70,2026-08-24,10.157423083439472,10675.198313650664,34577.29189918729,27.362295749609856,193.7903423561416,869.4282887195533,2.404910163625112,15.329901172154637,0.08805533984171998,0.5335444136074915,0.002155278648084554,36.62566941176381,59.68255028494098,11.196750248955183,60.59077299454186,92.54674708859851,0.05662107996516134,13.78,178.613
TX-112,71,2026-08-25,12.922740236460626,10846.577544633568,37712.324767772065,23.243612487724313,184.93050249832055,889.4140123871704,2.4649574519990187,14.806841074178292,0.11423923892879577,0.4313369570838853,0.002087900164392181,36.16849797543271,60.60033035890579,11.924383645219908,62.995694721271235,81.6467349767948,0.03823079887951965,13.4,180.0
TX-112,72,2026-08-26,15.0,10012.757866526657,37251.22205241942,30.0,190.04528376213764,800.6508103494862,3.2186421373002045,14.152368313935503,0.1,0.4616591866661359,0.0023607331614953196,33.89703950027694,60.19492586976778,12.896361425517384,64.50163827251158,82.64356068787446,0.05,13.4,180.0
TX-112,73,2026-08-27,36.88143037742334,10078.149635968108,37774.57253429365,34.147048411771195,223.06474076384671,849.6944904051686,2.5065852153083914,16.521582926121813,0.8494582859266818,0.5581409366059369,0.0024146929927368905,35.72780854487415,59.40983431241101,12.148942791379405,65.577120874211,75.78556269442244,0.07628879966742623,14.11,177.4085
TX-112,74,2026-08-28,54.315270213379684,9649.254819245181,31801.526446434993,39.98884005772918,199.1885325432488,960.9571308546962,3.630358641489556,17.64858872969306,1.618649568828883,0.4621459486355496,0.003500322900540148,35.93074357806543,57.7502232520822,13.555992447210425,66.45498862907712,59.026368419170986,0.10577310599063566,16.75,167.7725
TX-112,75,2026-08-29,72.53294105312888,10626.037510629294,37859.25738796647,45.00840328222901,188.2544220340829,817.6706148357873,3.2669805759081534,13.415169779148869,2.9926569610617078,0.41477205313240395,0.0037711133844153203,35.31953497474249,57.85392286762901,11.074883725695258,58.814671092670814,70.74857051141854,0.13020393401546004,19.36,158.246
TX-112,76,2026-08-30,88.25295737630391,9608.572180859937,35905.541227127585,48.691944006465114,209.60496388167175,720.9839718252266,4.047648088965348,14.717864946404296,2.6509426689564144,0.46411252622200616,0.004235913978360706,34.344181868133695,58.45583629922561,11.337382846674409,62.55076376879536,65.73053638400926,0.15251360058606878,20.99,152.2965
TX-112,77,2026-08-31,116.46086446137411,9872.713088381855,34964.72669993545,53.8860827720643,201.4204139667285,918.3971009723056,2.890300695143088,15.792149955538896,3.7521117683529694,0.447293030545471,0.004845719917414215,34.79235374017043,57.094078859313456,12.420420589419226,70.9127993911155,84.40215335445157,0.1858203499919005,26.86,130.871
TX-112,78,2026-09-01,141.6604390136946,9649.216262615253,36066.06856996504,58.045581177830066,188.21947528017827,966.6447958088033,3.019385665178016,16.67801963060145,3.653854155086941,0.5499735834004085,0.005485778673639758,36.1975696644619,56.01935428346449,11.915046599292086,64.50387637807006,89.26424794072753,0.207608364795258,32.31,110.97849999999998
TX-112,79,2026-09-02,164.3447956755936,9809.306503905129,31276.2338397247,63.63894338427733,208.11841769723966,956.0905359684083,3.20460670461008,17.291899002787005,5.360285727620403,0.46123826468329576,0.005687405658001068,35.169607960929966,55.447769843880856,12.47251930146686,65.23811049805234,70.15999559290123,0.2359993693571685,37.47,92.14450000000001
TX-112,80,2026-09-03,184.30215618923745,10690.443908034824,35376.288278541084,68.30725241975681,171.33908025472317,1037.5492090693026,3.5181709436839834,16.503903141408653,5.051933216467359,0.5020461325327898,0.006940131765986189,35.6828154383006,54.60809189805753,11.76828978354648,66.85823881686412,68.81137306329057,0.26786295041016683,41.7,76.70499999999998
TX-112,81,2026-09-04,203.69931324864388,10669.242851674786,36616.93947444669,71.54151171125086,201.2663361243058,1019.606241902638,2.1294087877493455,19.044478436802695,7.204789781544708,0.5228308174768446,0.007169895008218059,34.96200013599472,54.202207177340064,11.389129624635663,64.85296395120673,79.44746780484563,0.29259768114865353,50.66,43.779
TX-112,82,2026-09-05,201.9445751263921,10050.137272901276,32022.34287730994,77.11090871131768,175.5809144348046,855.2487259595661,3.1358715706754516,15.83435016452645,7.879473977191462,0.462676388181319,0.007726244067098211,35.62171306332256,52.98616825999638,10.778161955753486,67.9869798591436,82.4462299545973,0.3260633803614858,53.99,37.6185
TX-112,83,2026-09-06,242.2552129259342,9464.371990402635,33809.484826182415,78.37553486555065,197.63394849967557,819.4537619207757,3.07392427747597,12.409304658268836,8.285828161225442,0.4511167970364118,0.008101409409679646,35.375492048431894,51.90137308908837,14.197787560235897,61.88040348266137,70.22714938627745,0.3494098423163858,62.65,21.5975
TX-112,84,2026-09-07,239.99675284038778,8917.958155206139,35174.6736378126,87.88281450885542,161.51957601939378,793.0265776006104,2.7161127701795267,15.11763003996491,9.447526423196544,0.5177174057541032,0.009353461408661477,35.02672433584726,51.37144093012498,11.816250046129426,67.08655204240763,83.26049735461427,0.37408525148562927,66.86,13.809000000000001
TX-112,85,2026-09-08,291.97013395101715,10167.829079743618,35955.96192768444,90.84675023214943,186.4247425408079,846.576219658745,3.3780800987697877,14.185132857981783,9.352202104114191,0.5627069935070121,0.01006343469620982,37.05620313977551,50.607796080333,12.866728402800712,64.67360101422388,77.17089827897709,0.4141013362553243,75.9,6.8199999999999985
TX-112,86,2026-09-09,316.9671462132687,9826.338062990217,33854.1070563098,97.24575703361946,200.58765394027384,845.9443551184368,2.254856705044051,18.73115606207196,10.376556186210767,0.6030919119250574,0.010168678519354829,35.14288520030245,48.325156778362675,14.215950939276695,58.423344291737415,76.71473215606004,0.4246593978899633,85.03,4.994
TX-112,87,2026-09-10,350.9083998458557,10074.655926070951,34467.49170100775,99.52254200757085,199.5284507568989,794.915345745228,3.1906830189054394,16.43210890339916,9.768736281021823,0.5933948039112036,0.01066676873311403,35.84395229917117,49.53188477688017,12.030096952609888,68.42411631420326,87.56603689649681,0.4431713017643866,87.55,4.49
TX-112,88,2026-09-11,343.57764827440786,9980.1592808567,36147.34006595218,105.99671537247697,198.450455709129,854.6553162314343,3.792103493688916,12.855360570962084,10.382537441652415,0.4336436095249293,0.011597332420139975,36.247344877119005,48.03569095910031,11.92595446553483,66.48894318667034,74.91596337900867,0.47290735636784254,91.01,3.797999999999999
TX-112,89,2026-09-12,348.89221358216435,10687.369982534989,35708.838810659414,106.80128528275888,195.5013124566044,844.6059558864025,3.0487911204642346,15.619846349198697,13.187946416256107,0.4272793623546499,0.011881941811798278,35.23752674683135,47.94951064165531,11.577590613925015,60.31396665401236,74.3335957528173,0.48193195474909833,99.21,2.1580000000000013
TX-113,0,2026-06-15,14.708463191798876,9895.020781948833,32942.8697031027,33.86579463626766,226.52439524515356,747.1657050890615,2.2232296912882368,17.005713949549975,0.13139592681251477,0.39354105141476314,0.0022446309503836503,36.63787988644878,58.70638160125078,13.57966782689321,64.46601715735999,77.51709672458496,0.042807666854529115,14.95,174.3425
TX-113,1,2026-06-16,18.003085578064166,10417.226058807733,38449.41871145965,37.223096551033,199.9172976430647,1148.6702892145518,3.67539632423685,16.081032070091315,0.08005691204692778,0.42349836353861825,0.0015664916428770018,34.066334513075454,62.06595398383534,12.487088913337523,63.15988044989462,73.91304791282634,0.047422535970721144,13.4,180.0
TX-113,2,2026-06-17,17.400152011570988,9560.601118782084,35699.372772232484,31.540548290697256,183.22323685176056,1027.0404823368278,2.852214396738436,13.014499750887529,0.11705759959040388,0.5027247788577321,0.0021225284937977165,33.81532019980846,61.21862437746296,14.172428364524555,61.21149881064661,77.83367044791623,0.04214690304649988,13.4,180.0
TX-113,3,2026-06-18,23.06881817879239,10619.816239075126,35564.21468605994,23.920841737098527,180.579774086703,959.701960454543,2.3187539011412546,12.337772310515863,0.10017662530335757,0.5066708334771787,0.002114009422158288,34.56047470218289,61.380219819196626,11.138185287023573,66.87993306066933,76.712965429345,0.056006490856285326,13.4,180.0
TX-113,4,2026-06-19,18.545994155776615,9772.333827447559,33677.84493636114,21.63827004116959,160.02115219118082,885.9220673544418,2.946238559565193,12.827833752112348,0.08257800600263117,0.5761726928647964,0.002262751934090844,33.73839312527838,59.336477923321645,12.406002691656404,63.120646926918376,68.53043747675655,0.04661754216217469,14.2,177.08
TX-113,5,2026-06-20,18.271982655997423,10590.700651259369,33529.10636441546,32.403054000580944,200.37325757949193,819.3411606011159,2.851462743374978,12.471531624004722,0.12326110474306193,0.5776236021327652,0.001876828075527773,34.350920687455684,61.58189165647286,13.216148940980018,61.65676579432245,73.8156426499788,0.04941061612128766,13.4,180.0
TX-113,6,2026-06-21,12.687671179035243,10192.990847043724,33600.1093298321,27.41905450610939,198.57493656775551,780.8750174219713,1.9717733650116787,16.836544733276654,0.08519353821776307,0.6067432041512519,0.002591551377525098,34.493521378280946,63.508579493373944,12.937574529387577,63.06405859117077,54.34528208150181,0.056881551376003266,13.4,180.0
TX-113,7,2026-06-22,15.093887624643436,10215.68079287185,34542.3276469911,24.421133285378822,192.16155640344226,956.5309828756032,2.8228123163128944,14.279164285314785,0.06961225823884709,0.5045600240889138,0.0016664204175537412,35.918526199698114,58.898848649654724,11.704295909504243,71.49195069723311,72.5474062183953,0.04559425183866924,14.72,175.182
TX-113,8,2026-06-23,16.756865957696792,9107.369098887173,37501.61864355705,35.13017786113299,211.29142311676964,629.8322005218952,2.8702941507621116,12.454267547989334,0.1224821356791908,0.5526280543628006,0.002116402966949232,33.79688880285999,62.2414413157874,11.737738860980512,70.4161132007017,77.1230965349012,0.055068080189166486,13.4,180.0
TX-113,9,2026-06-24,13.61908684631241,10703.477788890905,36216.86776858722,37.39499581191001,204.45351071762528,896.236907259536,3.2975650814494055,17.885081018182415,0.12033468614478345,0.5069111903577136,0.00144283444771163,35.81038603937132,57.84194280381901,12.035005756152339,64.65270143788827,63.657852135475096,0.053725030898738334,15.99,170.5465
TX-113,10,2026-06-25,21.46295322062183,9843.69723441004,36531.75932482626,41.97904624852932,218.25524965427135,848.4125353873817,3.1185073980613742,15.961560366218631,0.12867626266547924,0.5607025170319043,0.0011690349144546299,34.143795447803825,59.8949599160796,10.984712937462305,53.899725322728074,69.19505209799458,0.04996389392512338,13.53,179.5255
TX-113,11,2026-06-26,13.424145951565682,9501.52837246183,35082.92924956966,31.936097636561303,191.73134152219382,1009.7395057978938,3.0288572079397382,13.25697266073024,0.07750925355300332,0.48935150983706693,0.0023340261960612366,34.176311290856866,60.89381922599505,12.094556910014314,70.97969890851402,78.12201170928455,0.04301773760574141,13.4,180.0
TX-113,12,2026-06-27,17.209108586294057,10385.010995447985,34205.97797540837,24.42073794413248,211.9242861534441,905.0812141412001,2.2417249541312234,15.509041997981226,0.08726014203957588,0.424219897906876,0.0018943650969835096,36.282918734206866,61.81209225013209,12.946752102007368,65.80769867027637,79.7663776268408,0.05098644581478002,13.4,180.0
TX-113,13,2026-06-28,11.684847521356595,9547.249050573782,33785.638148884595,37.26757155444606,222.83769547873095,813.609794933854,3.0266955577081,14.194785714494545,0.09689798921398633,0.47319785905238865,0.002421707486841883,34.98109346312636,60.32423520690191,12.224258206133323,61.91668947511694,75.86842958272422,0.060623168217868416,13.4,180.0
TX-113,14,2026-06-29,19.418072956442117,9426.09251614028,31962.797525222544,30.591508776953898,223.58793089843212,928.767716342695,3.340148038039903,12.279501958186955,0.08856025031460012,0.3901943847103549,0.0019572535852262125,32.83578055915673,61.99899255276072,13.554821467908935,65.4219304761853,62.89941513857656,0.05375712653913177,13.4,180.0
TX-113,15,2026-06-30,20.577397675382826,10237.867749843464,37369.96798098184,27.875069023747066,184.08027695447313,894.331039266988,2.0366473225296353,19.528177122627888,0.10279300092960987,0.5433386477183504,0.001861547441481138,33.45691363014171,62.13872224602132,10.875899718723367,66.04651629070773,78.54467849055563,0.050739513036788836,13.4,180.0
TX-113,16,2026-07-01,12.646247291453404,9925.183881486884,33099.89834791524,34.36684375050473,213.03571498851448,898.2878053521682,2.715824264152485,19.214635799564032,0.07395872027693329,0.42276934515695785,0.001975398205811593,34.7419526734291,61.646373682131575,12.646116454946672,65.08857676094613,79.00270226255579,0.05482165748249659,13.4,180.0
TX-113,17,2026-07-02,21.310670160545854,10126.681695247717,33637.845734641014,31.333520492332973,149.33148670055476,897.388196686371,3.546491235552994,16.204368237740844,0.1059711208729135,0.5324619577785247,0.002330976963463315,36.42523340729819,60.67118385043419,11.683888565487308,58.05943402832067,82.82538741606183,0.055152025136039035,13.4,180.0
TX-113,18,2026-07-03,15.457978462547402,9655.97425240288,36930.30400668111,29.074892569533137,201.1169312724493,895.5209128665406,3.224925859082749,12.702735977939742,0.11125103723814693,0.46395558215959865,0.0017942588879302534,35.88524004755775,58.50745730835664,12.883442401010466,65.30410017412672,61.81378600903942,0.063644758516465,15.19,173.4665
TX-113,19,2026-07-04,15.930761181790484,10197.062932944935,37014.48462116952,37.87723812696217,205.92620994510094,949.3829857996855,3.185592965308713,14.314264586596641,0.06833127394209712,0.5107461029552104,0.002413681349193367,35.583332963357655,58.39886521353534,13.097521505644906,64.07159044443098,58.26379302003996,0.06017903815182521,15.32,172.992
TX-113,20,2026-07-05,12.163858127720662,10890.364186558954,37295.54680119484,29.26219774132175,211.193167463277,1093.9134852524082,3.5000035189184926,15.476400049569179,0.1577830798841254,0.5058790505478244,0.002174544445663651,34.06378681094074,57.48792170160767,11.712197708051646,65.11522425310555,77.63410867527887,0.03580228953225753,16.41,169.0135
TX-113,21,2026-07-06,16.982022966353842,9584.807237978162,36217.46871878883,35.09588622933768,194.19608727454457,822.894485418592,3.771824658691814,16.74582418859839,0.10303952667694814,0.5734213881839927,0.0020249785171926543,34.37949278980535,58.49744690344086,11.892200864646357,67.31516143394478,86.11807372086254,0.05023510216034475,15.2,173.43
TX-113,22,2026-07-07,18.639374783807032,9892.865284248985,33436.80396268829,23.909747351599368,192.08176835616922,798.5074058040276,4.0047558155951,15.878592852618691,0.09808770301671377,0.5861000881172787,0.0016093197893085485,34.862857164104256,62.99951068815279,11.855959493275332,72.34044133521358,81.2848387155323,0.06305925908632233,13.4,180.0
TX-113,23,2026-07-08,19.004684470364612,10000.80123012402,34023.57667080885,29.88417162668112,182.5682160641434,894.7229693416165,2.9977969753775198,18.378469990638408,0.11186551421454956,0.6181308778893436,0.0013521367707068155,33.78295629997006,59.46698200850195,13.492494464014205,64.67126839914995,63.257385314789985,0.047548755638510375,14.04,177.66400000000002
TX-113,24,2026-07-09,11.407205226735257,9303.187115925097,38997.6556353078,28.723388598161804,205.87022191387558,892.5634922265531,2.874252187695776,13.318677935424732,0.09378730791656706,0.5168617739262074,0.002425590593619186,35.947435636554076,58.171399653817375,12.988532418236606,66.4263140345821,70.00223199509203,0.05182097096186569,15.59,172.0065
TX-113,25,2026-07-10,16.716861550949698,10023.526473911437,35960.486668313446,26.18673755242794,242.36410407016496,745.6572216817419,3.288925611664071,15.733526926020645,0.11285886786903429,0.4645814824175869,0.002350759108499917,34.89201931832169,58.220677591395095,10.905189611724044,65.37411520651277,62.22782781230807,0.06800505983442422,15.54,172.189
TX-113,26,2026-07-11,18.14676384162791,10913.422160425498,38442.8469782178,28.762020018520854,185.22117245964054,685.7781854268651,2.796882937553517,18.531305711671905,0.08344298685005591,0.4895039502568122,0.001833628925275135,35.37499515360771,61.92912702632147,10.460789382485483,60.95667205510822,86.89296031419484,0.0573306687445181,13.4,180.0
TX-113,27,2026-07-12,14.221858315954623,10853.541380963205,32269.942227220192,35.197679503965865,201.3432980627735,948.5235068810314,1.8064239439373633,14.478593280211301,0.11473593432072744,0.49683348908025854,0.0023765893318402555,36.22180500714079,58.56215456216911,12.82399265133368,62.02201202831528,75.43212352923805,0.05656128249307621,15.13,173.6855
TX-113,28,2026-07-13,12.494151206218255,10393.46309278219,33989.2885076962,27.65818411643083,216.94137843825717,833.1221645053265,2.5565822653184527,17.082312080060163,0.10217114303849868,0.4272940252348353,0.002256692413516463,34.593398767756554,57.895479990657805,9.49268498883836,67.71024289109722,68.12065547110743,0.03756155228701499,15.93,170.7655
TX-113,29,2026-07-14,16.918208491157976,10402.895798154426,33425.79400281074,35.14493475700434,244.00651571713482,1007.7330616776878,3.595528547598478,15.62825824426506,0.09112563588942156,0.4972056973551622,0.0021322224810988288,33.7424880413451,58.84592713859031,10.572249857017415,65.70555986687424,75.6644313791643,0.04347291334531387,14.78,174.963
TX-113,30,2026-07-15,17.461497616139223,9477.699817035846,33620.33051964552,34.504423589018856,221.5852714248044,836.3419037832925,3.11602130237162,13.442385518441936,0.09605320932845392,0.5071918697075781,0.0021681098596447804,35.31755901349311,60.409743510810365,10.921501662892995,66.16482991792249,79.4085228095704,0.05688934530087133,13.4,180.0
TX-113,31,2026-07-16,12.841439461587338,10457.792808291804,32365.53027644635,28.467760099717964,197.59887270380773,799.0072749997361,2.854644494247598,15.442961828689603,0.06348455636333329,0.4802655808114577,0.001475479720321003,37.04153878431694,60.318736825400975,12.125829283831008,65.69622023497742,79.83616504480666,0.059781548498345286,13.4,180.0
TX-113,32,2026-07-17,10.30933821355601,10655.08879871338,37491.65058803451,30.310177521132374,200.8349790634364,651.7791362700741,2.3780044188992058,16.037698552526315,0.12401234932619784,0.5364418461058399,0.0019772854802665133,36.92587270056845,61.50776333455071,11.606173581255094,71.54633195586024,66.2306621223472,0.03528159779462544,13.4,180.0
TX-113,33,2026-07-18,13.736683838628231,9620.679910989707,34270.136771026206,34.65242376290754,202.63025997241624,899.3362585904172,3.029407408104452,10.375349014050427,0.06969478984163865,0.4807344367285289,0.0017471213595956789,34.768212512853886,62.10619256941214,11.925550502606802,61.033495346831046,68.65520170188262,0.06710575908992254,13.4,180.0
TX-113,34,2026-07-19,19.597481914377045,10297.938717824441,31875.03385860934,32.216054661904586,211.08409191493323,902.0432166712192,2.71499447219532,14.27473791226051,0.08720570185625856,0.4427463020820488,0.0024097963506404733,35.882313795029695,59.572605836125035,12.352178308367769,66.1691026711716,93.7430684646085,0.058725686809157046,13.91,178.1385
TX-113,35,2026-07-20,17.504308856184313,10018.990506534667,34131.15208317965,37.615640955173795,216.55589081065227,833.6366436756481,3.226933277169919,16.674772176841625,0.05808338087414277,0.45388066037076663,0.002108829447811972,33.07553869617124,57.35080325117206,11.72953825960574,66.47463277728482,79.30226965520895,0.06582399552691462,16.58,168.393
TX-113,36,2026-07-21,15.246791663668496,9813.67357326974,32385.280827689505,28.799011315212415,217.7613331466725,960.2177762789695,3.1323095033642465,16.094229870589434,0.12552767118149183,0.503763592155998,0.0024101956513250707,34.27335316070065,59.89006343318926,11.519166770139579,67.37811539521702,66.8841244272684,0.04678234524496509,13.53,179.5255
TX-113,37,2026-07-22,9.42097052753204,10297.18804278493,37493.58055145096,35.295748859329954,219.9635977835429,967.1520316783958,3.3498469142182525,16.228791245012157,0.11357826915257253,0.46721589350462206,0.001939941966944046,35.070243260708516,59.49644229195073,10.43369036396516,61.29497303931819,76.83980892018779,0.059057759087219185,14.0,177.81
TX-113,38,2026-07-23,15.02802572747912,11382.410930927097,33160.47513968946,32.986979518639835,229.63539625454555,985.2541696932462,3.3275334308873092,17.14050794768422,0.10110788695315401,0.5831440872410275,0.0023849477319062783,34.14777239928945,60.48235190645158,10.452703370473147,69.56536691970713,76.79385152825388,0.06348772844067013,13.4,180.0
TX-113,39,2026-07-24,14.67192748569651,9071.866250617344,40274.73508213998,31.437771249729423,183.90747010093014,991.6609830712711,4.017928640622148,14.595123651085974,0.09801515178546057,0.511902311735579,0.00166670881053437,34.30933255041863,62.67288879654753,11.867793562100486,62.48732906592437,71.3836648290938,0.060728236873301346,13.4,180.0
TX-113,40,2026-07-25,9.072309344625182,10127.324948676925,39924.43749008492,40.957701355720246,215.47599671274898,1005.3154088035185,3.6534131423981373,14.748295993021802,0.11849587606728615,0.5894291509393679,0.0016208713270627608,35.5766508774816,60.542213172132826,12.103164484974211,65.04389991699614,76.85335978024342,0.05315572197849485,13.4,180.0
TX-113,41,2026-07-26,18.355845878589534,10238.25733161359,34644.24681064726,26.622840637301838,194.66338926724416,920.8932882303225,2.6469646310588364,16.891754177429245,0.10860110281345711,0.5571763710028506,0.0018083542337098922,34.16893233535175,61.7040858394015,12.129953956667554,64.39244861329433,80.58928396521917,0.05661449238645727,13.4,180.0
TX-113,42,2026-07-27,11.232708789800125,10692.322561543044,34179.18611316925,39.34259786894838,177.54156587992105,925.3919105984249,2.907189399530762,11.049530647131633,0.11316415956103328,0.4038031486627497,0.0019124999417098924,36.104275477716186,59.20494603405744,11.09626584848448,67.40106941168602,73.0038555957648,0.04594940305310178,14.35,176.5325
TX-113,43,2026-07-28,18.824977431507968,9416.360632422711,34080.785489059155,35.19480239106959,179.67388956841333,1042.0277727788955,2.891576257466614,16.74905476282473,0.11744870356045084,0.4923856038018786,0.0018562963664460323,34.95703543804581,61.069026371235566,11.013575156039142,61.39022423380669,86.87362177402899,0.04265144929567104,13.4,180.0
TX-113,44,2026-07-29,16.06225164608521,9898.897895550448,34684.268777553174,38.034575648140844,202.7097514508626,871.4539097425697,2.8651421818625535,13.99308316184499,0.08659818614749912,0.475027656854206,0.0024989630338665848,35.71148882706043,59.482205176710494,12.981655634618823,60.238418595837885,86.00542681372536,0.06295155769826923,14.02,177.737
TX-113,45,2026-07-30,21.709002042070924,10505.775719539328,35874.469087730344,37.35838867102524,191.99724510595053,868.366680663828,2.9678775907732806,17.737763061800784,0.08288243294435532,0.45189691512151703,0.0020709614234621053,35.71753049707586,58.94537913608988,12.670417952771933,69.10519802615121,84.6036935478682,0.05353292768528242,14.67,175.3645
TX-113,46,2026-07-31,14.728206753333067,10867.811817823707,35030.8079889829,35.6245195502424,243.7793618445434,966.8214463703947,2.5014543835464935,12.521954437383425,0.094047411598738,0.5354749561729113,0.002133435760053204,37.20708206546367,60.65258443164211,11.672558783249366,61.59997369067033,84.44349902317876,0.04993938770791749,13.4,180.0
TX-113,47,2026-08-01,10.481580695301805,10011.130301457635,33008.523777745984,28.814618605899167,204.83787031709457,827.5857561332008,2.7561879155218216,13.511760331773361,0.0856542160735953,0.449598974143422,0.0018551706306190632,34.105301558226046,60.879876173963765,12.20080005353029,68.58414567497236,90.09362712350082,0.0567732501392177,13.4,180.0
TX-113,48,2026-08-02,16.348761073899922,10370.168636147448,35933.177634004314,31.213862590263087,204.22781318870264,818.2664028750374,3.4194597771524196,14.937410380283339,0.12899037948581285,0.5457567951792658,0.0018122145133172068,36.24669104689875,56.158887065244635,13.930225744957813,60.984664166751,78.96089743336695,0.054274161661475286,18.01,163.1735
TX-113,49,2026-08-03,18.37115058552525,9835.651596347794,30708.96305627589,29.346486011709224,200.53138179306686,736.0646386706158,3.022685804480369,12.84829702267091,0.11298170206186907,0.4876960132086743,0.00258832846565592,34.74382134315952,60.64558689951179,11.786928493540497,60.13019543461878,73.36229595890003,0.057534134411714795,13.4,180.0
TX-113,50,2026-08-04,16.805969416994888,9853.366131086066,32086.48776616807,34.22527821276031,213.40465807973916,967.4728683082079,2.8629439023826886,11.631250414380885,0.11067520366153391,0.4995428617463258,0.0024175051320200337,35.02873303244642,59.931799666215746,12.41725447186598,63.20920679359661,69.83891423101144,0.049021047336620584,13.48,179.708
TX-113,51,2026-08-05,12.238781075190083,9885.452267267017,38879.1227148974,36.236213613207596,211.27598372587178,1024.1341808763934,2.5875519509966773,19.98087973975999,0.09078994964880546,0.6001902947754589,0.0025998209143338947,33.24677019320279,62.200638214712725,11.716090859547323,63.296094628045786,79.1971049613199,0.039920846752452416,13.4,180.0
TX-113,52,2026-08-06,16.505991263748836,9529.602758851217,35354.15855852364,37.71991758050837,212.94588213393723,871.2166730175082,3.27070555541896,12.1870395159902,0.08322278431607932,0.47848649697464923,0.0022360550738354376,35.40579875382143,60.80274968175201,11.972617451089567,62.63570106199231,86.90493549255469,0.0430220654553234,13.4,180.0
TX-113,53,2026-08-07,16.25711684911746,9943.947673423125,36125.98633406931,28.035729464454832,226.36936517043856,1010.262233266875,3.4956615412481855,15.315250651947297,0.09129749507792632,0.641105589192978,0.0017025126365714095,35.88122955172013,60.49917733211493,11.937462557821279,65.55548881920204,70.91827757310958,0.05427055543245248,13.4,180.0
TX-113,54,2026-08-08,15.950473457880204,11338.826611462588,37141.64443016752,33.66263795665343,216.92729914629945,1047.1630124396597,2.514786717629864,14.63453451247646,0.061857223446425455,0.5279386921080951,0.00225445212516329,34.004399947765165,62.152620027001056,11.281120007375215,63.97259567295031,75.95652732496026,0.06594196362759816,13.4,180.0
TX-113,55,2026-08-09,12.425406545757305,10145.623562682842,36549.67550958484,33.945634619900694,217.6244396688504,960.9200177739153,2.722638637697439,18.37555957366065,0.09777701203655147,0.48780758985087974,0.0024042876503941263,34.36943313312303,60.48041728604853,11.277165376004763,72.55770744633506,93.4692361338143,0.04889759018563454,13.4,180.0
TX-113,56,2026-08-10,16.5595715205016,10002.59990252369,34302.8010231832,31.721501002514472,204.80468883047655,778.3466074054429,3.1315116607827953,14.915414254974712,0.10624400913267074,0.4961241111117759,0.0018918981909564364,35.874910060275695,60.79970160556261,13.396047299935688,66.48418929341699,73.41914758547892,0.05616768526184436,13.4,180.0
TX-113,57,2026-08-11,9.058160522283085,11051.839944365393,35548.76028755513,42.06568268309579,188.3301148687225,810.5883693908748,3.182916646332157,15.725069485533318,0.1067648954887389,0.509291310162524,0.0018115648517220834,33.51464420592148,60.42472583497603,10.717407999701619,60.86898110678382,71.95494561225411,0.054306589853283835,13.4,180.0
TX-113,58,2026-08-12,20.963277711768878,10489.629651626898,37866.435174258164,34.43177135566426,213.15438896861914,1100.4632251884873,2.3385721930538037,14.17353936721151,0.09329640460835177,0.5446778510679161,0.0017063669726941739,35.7634296075766,60.8694747476541,12.813347434946797,67.3856691405353,87.30655709306077,0.04950790537062625,13.4,180.0
TX-113,59,2026-08-13,16.590473728474684,9631.725357218545,33070.409979464865,40.00766654644879,189.67523737001238,951.3049661562311,3.2655213997537413,17.349961788674545,0.06683598702801843,0.5445603496273091,0.001982590398075441,34.400090881537594,59.62377373235941,13.036770787041004,67.19372155197522,73.97661233595599,0.038608925359307204,13.85,178.35750000000002
TX-113,60,2026-08-14,11.79436620926508,10376.515079962332,32444.51514869121,30.612809887691114,259.63935419216136,936.7648670696077,3.371124601997502,12.877929456267342,0.07545396687655112,0.5397911018519026,0.0019152944033315428,36.17362148156367,60.21469985643678,15.556362785550132,63.583040554059956,78.11305223351543,0.042058543374125304,13.4,180.0
TX-113,61,2026-08-15,18.39624003195729,10270.256196937144,33277.62029317135,30.137217563827395,235.5549056419832,1008.1367284297964,2.342802180367177,14.268060712535588,0.13842793512593937,0.4966411099652639,0.0020850267543647775,36.12693191666008,58.151757440552366,11.160302502570602,64.32890275035008,85.436988958842,0.06119765348252298,15.62,171.897
TX-113,62,2026-08-16,17.459299101561292,9980.420025664616,37459.139475359385,30.980475585684857,219.7778689468302,980.9631180315685,3.898410033755323,15.087350830836346,0.09474779558107166,0.5697537681394182,0.002441555773604754,34.55662550760968,58.492449402203604,13.319034466166112,60.37481787921388,62.25758857166679,0.0483170488519129,15.21,173.3935
TX-113,63,2026-08-17,15.307319147187464,9470.0239168614,35443.72867675436,32.59611188854069,196.71104934570587,1062.6771343334285,3.214880605003652,17.25697807304357,0.07087574022661355,0.4267579093774727,0.0021380187831946777,36.85485768942027,58.48509633154143,12.143376646501283,61.29471126591105,69.25101920628278,0.0519311131880821,15.22,173.357
TX-113,64,2026-08-18,13.522166359911715,9347.238048415162,32344.16461877083,21.853780653518967,215.95078181849266,947.8064820344911,3.2962767182736927,13.181648404269517,0.12011902581148365,0.535338933375543,0.0020021883219934994,34.84317125674075,59.02632679644604,12.192161833928724,69.85174341595399,84.10285292493211,0.04743789576370922,14.57,175.7295
TX-113,65,2026-08-19,16.61586438532308,9449.284975239121,36460.134354810405,27.14959514299523,220.32451550716368,1137.525775237952,2.7149937838364355,20.84560661847606,0.10981270975565957,0.4625187183369025,0.0017613631499796755,37.364955607848394,60.739483027054646,11.43384714383416,64.38961816687129,78.44620622167162,0.04991279324786968,13.4,180.0
TX-113,66,2026-08-20,16.03769743882251,10886.805448327139,32744.05867087465,34.547092200623474,205.16175071537697,860.0763723153027,3.536087083894971,12.07714873063058,0.052671332837034665,0.5112266507381075,0.0019585460780381313,33.64715274952004,57.43417125572245,13.930633377668805,66.38904454387904,75.15716578457423,0.0719524490895944,16.48,168.758
TX-113,67,2026-08-21,18.0661874791967,10884.638385270104,32640.092143766957,25.257037316662377,219.06150603874931,933.1599374476631,3.6248310178299374,11.73842224937468,0.1140719483194329,0.5494634316710147,0.0022808516200434163,34.59330561879248,60.777922757394116,11.224342908034647,64.12116175445861,66.65650928561654,0.042413342706612484,13.4,180.0
TX-113,68,2026-08-22,14.27711301486264,9754.531626181064,33482.41711388872,24.86607471187657,246.0422156330186,859.9549645420593,3.1649827867656146,11.482056087511296,0.12715298265818833,0.5083580325243423,0.0018668376371224619,34.564858929336054,61.30411478664908,9.046904571255212,62.52741998387277,74.04732929919047,0.04869388918768734,13.4,180.0
TX-113,69,2026-08-23,22.515935891035245,9831.203264775933,36980.453984123305,40.442405610929306,220.33288010701636,846.0947142974929,2.3577562070065268,16.49084056542841,0.13290050447312898,0.527298154776456,0.0023700344461808453,37.59194704773809,61.25606142658593,10.899367134206082,65.15318229651336,85.96172154816921,0.04751220209051987,13.4,180.0
TX-113,70,2026-08-24,19.517116784438876,9966.531551005804,35668.69484189367,29.650474182012186,210.21162372507868,916.9957942215633,2.1957290367916413,14.11681341483785,0.0753358382629312,0.47964456963058205,0.0017614508691004402,36.01182117623558,61.535099905628265,12.560294154333477,61.197052306355495,74.21492178229165,0.03652807688219875,13.4,180.0
TX-113,71,2026-08-25,14.55811984214671,10323.710583614635,36984.20864583021,33.78846298850853,232.29062672634737,920.7805109549967,2.883219863994851,16.747321019398825,0.1181295220035335,0.4737914150838143,0.0021136946775710207,34.705686625663375,56.98710779669939,12.440106492113319,61.11643345462845,77.62579367467008,0.034646936978387936,17.02,166.787
TX-113,72,2026-08-26,12.840998768937776,9783.200599132158,37403.44954062269,28.776723494765548,185.7220749013018,929.1476065594875,2.8915132056330726,16.58112112129868,0.07976240101670931,0.5105426941069889,0.0027408700390181557,34.760721040965656,60.280095614550945,10.338959741962379,62.44106213602354,78.67776561634216,0.04670102257497781,13.4,180.0
TX-113,73,2026-08-27,16.843298881802337,10212.469342898297,32363.941128244478,36.54088991330115,182.46809363243733,838.8062475354059,3.1147424577671066,18.13404601601316,0.0799224729574502,0.5073842226709776,0.002046806140649102,35.65735997777244,61.77604582451863,11.59592473599806,68.03554772378885,85.64257375061104,0.06783959178871574,13.4,180.0
TX-113,74,2026-08-28,16.50576989916486,10078.718455176317,34050.83105277026,24.189484544910904,201.86302037512476,908.9870188981207,2.9452538487835467,16.195435985629658,0.07091653451186947,0.49090128648550974,0.002598430852739093,35.99559875950222,60.92428519381908,12.39068237502249,63.903704427804,60.96743798594629,0.05457128590411999,13.4,180.0
TX-113,75,2026-08-29,7.654715051130994,9837.222068693613,34992.68162099534,29.26852573410575,250.9500507584087,1045.9474228080048,3.516405866838382,13.149346467855246,0.1384283065393091,0.5309484569411851,0.0017174061020740967,35.03271691129624,61.4378622803072,11.401121159357691,65.42159766401838,77.53181101744127,0.038991457984600006,13.4,180.0
TX-113,76,2026-08-30,14.189721456726295,9487.268712478406,36737.33603141344,26.984260488736624,213.45876216574126,788.7875345285122,2.433281558429345,12.636237581658637,0.0942084969223984,0.5090190809985231,0.0021094265885574894,33.227764868289704,59.7470409239555,11.249427890289898,66.60253547831077,72.85890935136591,0.049191689943815134,13.7,178.905
TX-113,77,2026-08-31,12.76515318449082,10862.32385479525,32432.841153533598,29.545927370160097,209.87495567598222,879.8911630227816,2.618032008646564,11.376632927177186,0.08616982098216484,0.45203075792494013,0.002503767377813911,37.26469592859805,59.92381248300659,10.595243459700876,67.21413231713711,67.15138806945681,0.044508289464053344,13.49,179.6715
TX-113,78,2026-09-01,13.113451316450131,9749.74716989802,34290.5594970185,24.99714728094013,193.78301190473707,981.5955398290748,2.9832215298129223,15.250627682977541,0.05535503739297407,0.5473891829261921,0.0017943440329510644,36.12396855436769,60.23141220629655,11.437946570954676,59.96663121334646,92.3987676594246,0.05803247273047384,13.4,180.0
TX-113,79,2026-09-02,17.589223199067014,10909.413852726313,35448.17402445772,38.3467169899771,198.35207851040508,959.0062826266566,2.684951646287647,13.992282409031374,0.10194001150908552,0.4366300545020138,0.002098827266712404,34.68804179012573,57.01865905081848,11.542338114241076,63.964835890539824,81.82269171870594,0.052851979524937774,16.98,166.933
TX-113,80,2026-09-03,19.342417101069444,10260.054797812414,33892.077859531426,31.312979636167558,201.0629214545202,939.0378284890535,3.0299110737316135,13.742880732082156,0.10017200942125029,0.523059033277738,0.0016980735385094664,35.31700876164471,57.63197535577226,13.105571343141609,66.58154243231593,88.03426428497438,0.03883403560224574,16.24,169.63400000000001
TX-113,81,2026-09-04,18.400355186449378,10467.890031784065,34635.53590558422,29.74161937875755,186.4212595903597,792.3352241822006,2.6243828402634852,12.488448715194087,0.13191444967181237,0.42489740383655294,0.0020446686434318286,35.435705126885104,60.536248847921925,12.445288610398979,67.83920095234903,71.43262270050664,0.05087550645690212,13.4,180.0
TX-113,82,2026-09-05,14.11931546110281,10651.26279562509,39199.731846949755,25.675227048707086,167.60246239548331,945.5305255215217,3.5351864421178543,18.91395462649691,0.11475780702433312,0.5697890479343604,0.002498018219862893,36.464777771630864,61.321740765244726,10.717790437056477,64.97491443248492,77.40030895247334,0.0490019036680638,13.4,180.0
TX-113,83,2026-09-06,14.885682126453565,10783.614031843952,33486.33663262327,35.660217369329104,214.6536102725638,831.3974088609336,2.4616992508732105,11.597369853039671,0.10971154059897546,0.49683775932994806,0.0017522667710069676,33.12389487556394,60.64906635277334,11.826272706399683,62.85891958444796,67.28768060279337,0.047614248365767345,13.4,180.0
TX-113,84,2026-09-07,16.409989457217776,9835.008507789325,32622.947345407047,31.39439048530028,229.33602564744092,903.2214072995368,3.0342117711471444,14.348662086443651,0.08220672378870791,0.4538551291823142,0.0015014437799744256,36.18122583638715,60.69368126407177,12.082486839252898,65.88674830033217,77.71623516979913,0.042654537097450776,13.4,180.0
TX-113,85,2026-09-08,14.024213012120091,9762.895661308692,40022.84803375001,36.80608517324002,211.8830205263058,1009.2787420103748,3.619844122254208,12.238951384869992,0.09554293437850085,0.4991837801595707,0.00218345838469462,34.776007254707565,59.85220332736819,11.53865117270866,68.14680548775533,63.45327645817556,0.04572645228432662,13.58,179.343
TX-113,86,2026-09-09,9.468972016811694,9485.180278425873,35634.35493274381,33.405906121244705,202.36183951639427,989.9188116910223,3.6770214436496444,14.861545329440053,0.10500865712788421,0.47737277788883004,0.002188066316435458,33.805939519975354,62.69375221406891,13.139985262728226,61.40322093817669,68.68785219599454,0.05421248764044827,13.4,180.0
TX-113,87,2026-09-10,13.985246688949136,10272.299774360825,34281.207305967786,39.36925316752364,208.89211173864283,1093.6444104806997,3.301337648556415,12.301191323503733,0.14172993166946496,0.5549339477435258,0.002114044287524294,35.64663345619843,58.21642985307422,10.195623889663736,64.87475087749593,86.03016271319335,0.05395708843268606,15.54,172.189
TX-113,88,2026-09-11,20.127514492227434,10660.610391596096,35041.21741357091,37.68403868904135,239.27817812912073,893.5854423133699,2.893112219727589,15.280900974666483,0.05176184344549369,0.5140215950787922,0.002216131394925444,35.1445110914155,60.51701163054206,11.956523624400496,59.00893433013708,88.30075808722691,0.04632171152598282,13.4,180.0
TX-113,89,2026-09-12,13.14668961740948,10678.991389225914,36957.40093692243,33.150643067766,224.31396340142743,807.6009331447614,2.9595528129902258,17.5895682189145,0.08645716361739661,0.4500833347503124,0.002023581185851007,35.10205701109779,60.97135814976003,10.621847562760356,57.35186968879811,82.36985541951096,0.039170180267952506,13.4,180.0
TX-114,0,2026-06-15,8.450293554138131,10511.45634101278,35700.67644814506,31.55097272025474,206.06910168379073,735.1870276774812,2.5074170057960474,14.09654577910761,0.08502514457727331,0.48642442251768975,0.0020738599108036386,36.00643831625519,57.77969395943895,11.991164613201523,67.13463103677134,67.60733464022545,0.048071672262321216,16.06,170.291
TX-114,1,2026-06-16,16.39965634646205,10005.604429739758,36348.39552113213,30.499598892515312,193.89328999305178,806.18321961089,3.123584278206832,15.19994555498474,0.08014335944388801,0.5291027912422632,0.002380377051902006,34.33990693203599,58.908551783583064,11.235851443078682,59.96401534343822,91.03585349500077,0.04551114619484231,14.71,175.2185
TX-114,2,2026-06-17,12.424637467757286,9436.612476505328,34224.06506721204,26.576169481218077,229.02254530788437,800.1009747148955,2.2307328843558314,16.103568164574824,0.09785587007381383,0.48885275818604423,0.002167890873891339,35.13671163729453,59.92977361970957,10.59435389807636,59.995714550984516,69.39657294967562,0.039156350591010705,13.48,179.708
TX-114,3,2026-06-18,15.807617395569562,9100.64254464512,34105.67981412953,29.212950180143114,199.59851676837758,931.9171410167633,2.836729903254521,13.665015992079123,0.12488960300899583,0.48399836557270826,0.00242573911026629,34.67487275055565,59.975595505095306,11.861252652498273,65.69365582589697,71.64121444083239,0.050961349737457494,13.43,179.8905
TX-114,4,2026-06-19,19.59244207978688,10524.425894862281,37111.47668723907,23.394779769931827,176.91976431132434,917.4200738205592,3.385368962727968,13.961728895117098,0.08604830272487593,0.5696921501336483,0.0022057630000260923,36.057986680729506,59.337824912350165,11.479979412684155,67.84667181398947,72.89819311795281,0.04389142970607963,14.19,177.1165
TX-114,5,2026-06-20,12.260410690844356,9744.35243018021,36750.16710291735,22.58221650269689,213.2337532985618,843.3424993003081,2.894849802606528,14.707508838765287,0.09558510256725378,0.48564361850422655,0.001866693219847641,34.4285748260586,61.97966032044821,12.025049316069927,64.62215512032516,69.84277822118331,0.04592056178869318,13.4,180.0
TX-114,6,2026-06-21,13.076486374915897,10382.67208595725,33492.801827058145,18.925419585362917,201.94940546731766,877.6487337943832,2.707105891596349,16.823112239895394,0.04532960793903768,0.5788122032484946,0.0023164033281342475,34.371946736805185,59.3238235924755,12.504386951462688,66.59364796952299,69.92894513942751,0.0338322324613574,14.21,177.0435
TX-114,7,2026-06-22,21.341078163606014,10478.062024967776,35313.7060565887,31.06163334707154,213.340126074287,959.2850628836007,1.956816661256016,14.298256041269346,0.0909034008759135,0.4919282670749009,0.002231238182942544,33.209919802542686,57.97628642165493,11.318254963464373,65.46303537939968,81.65700490672299,0.06631323419561158,15.83,171.1305
TX-114,8,2026-06-23,14.140937400346953,10415.240454812492,36420.3249565315,32.9172110134893,200.55870749392923,868.0374449247597,2.4673003346986935,12.736814267756554,0.1069416364699601,0.4972788744859043,0.0018753477866479443,35.66480862629681,59.699266249366836,11.08682084621477,64.20050579290945,81.56503877766394,0.03976486747824082,13.76,178.686
TX-114,9,2026-06-24,15.62783045261263,9972.287127803058,33478.38021726109,28.768212480208522,169.7412069014568,908.7712155325867,2.31763350830132,17.14487443444558,0.09816055153931623,0.4714093171715363,0.002348167798416936,33.96815115577523,58.87847564124699,10.170753337968355,68.92851891299833,89.98292557274557,0.033264060218079414,14.75,175.0725
TX-114,10,2026-06-25,12.552682678150003,10034.906790754027,33968.61172598269,30.10450654195882,198.9534490291604,932.6041488142644,2.5195172530230265,15.385319300488488,0.07767745154181606,0.4794071041984213,0.0014789746017469937,34.59545180854843,59.140893625638036,12.943579356738661,64.82221978304119,75.98002586483054,0.04977547971502818,14.43,176.2405
TX-114,11,2026-06-26,8.612673466782354,9001.526869914165,34362.64473323839,31.679989670809668,196.73864479530096,830.8752820053239,2.8798434403171487,14.34582893191121,0.11558006497764747,0.5361509990932902,0.001833975641706909,34.95007574615079,60.41429892928861,12.42464439544068,69.95779427237133,74.77481894926707,0.06168744804206519,13.4,180.0
TX-114,12,2026-06-27,11.51975076706919,9681.163087724644,30728.351165977278,31.06983058725665,214.51696853321653,695.5691912202855,3.09414318379542,16.20842069446369,0.1109447519267688,0.44020694399826765,0.0022319359919276745,35.0093044973854,60.886556428374774,11.874142109152972,66.14311210116638,83.87388640032623,0.04795977945897585,13.4,180.0
TX-114,13,2026-06-28,15.852314426690127,10624.884347628395,34733.53967038049,24.712425217386063,215.2178927054964,1014.7902088487499,3.6443917564087807,16.429975532657746,0.053116848318164975,0.4682083636501844,0.0018246198537023592,35.04486839182812,62.53239725166101,10.919458366442804,71.72660626578929,71.94137629380606,0.042330986865265555,13.4,180.0
TX-114,14,2026-06-29,17.535614136935365,10462.152133412063,36299.89382204747,26.51823686771261,211.8681335634946,817.3153804879473,2.6013770680098958,14.810259671791485,0.08360072800197796,0.5526374123939316,0.0018265497404271207,34.7795437817189,58.679702577488975,13.037609811421666,63.001619076950924,84.13608882195803,0.06068543585282252,14.98,174.233
TX-114,15,2026-06-30,13.662177147164254,10014.833904130508,34052.582046864096,33.12023233529485,198.0686855684718,866.6015468981789,3.0230895816200234,11.835568472948246,0.09848303510389844,0.532480598506969,0.002041416314078351,35.95165656572487,59.43405286820884,11.540709287673746,61.6480429880715,71.75404077161019,0.0696589262496437,14.08,177.518
TX-114,16,2026-07-01,15.826630095559358,9707.23189210089,32987.71612386587,22.425076887447684,185.4807811932401,960.7354806830913,2.786484113379019,13.083656503714856,0.0830363243193152,0.5324740399969966,0.0019756210773855115,34.37279558578989,59.53741744566814,14.205883125547427,68.65886922261693,86.74900263735879,0.03247896054370286,13.96,177.956
TX-114,17,2026-07-02,14.546693166489177,9677.605450424559,36087.680391667694,35.742873065805625,208.74771762612392,830.2023965872432,2.6694933310013824,16.24114173226571,0.11440146346418854,0.5070476186218702,0.0020389372758168713,35.05012253576855,60.40364483662085,12.715960975171813,66.89049712170959,75.18868347106734,0.04950950582672664,13.4,180.0
TX-114,18,2026-07-03,14.738105072790729,9609.834677900119,33413.9437013365,33.18972820482751,188.09235642616852,965.1147094330419,2.9743286444821866,16.639190516870325,0.11273917607109614,0.5421464962386039,0.0018570902730494386,35.40889945047904,61.10683198432255,10.448673300600568,70.10508034264657,93.12762436891259,0.05947288294497813,13.4,180.0
TX-114,19,2026-07-04,17.417642286389974,10294.379298729758,34353.13331662655,29.9452039317367,221.76837284760703,822.1426244106862,2.4696415434354373,14.205341622515004,0.11312506349791018,0.45670319208629,0.0019323751799247928,34.89332439594799,58.482196142048316,9.56023208321428,61.92046238174359,77.08709213853354,0.05486143468277474,15.22,173.357
TX-114,20,2026-07-05,16.483088951584214,10304.786197421568,33747.21019892511,26.319117520410686,210.11197582375024,883.0599943810447,3.453539311273051,15.762747128675098,0.12567641125665774,0.4767231847837202,0.002320260275032354,37.03467589713832,60.08061384241144,12.499306676940769,62.20841513390454,82.1524522070587,0.061290581695243006,13.4,180.0
TX-114,21,2026-07-06,13.516640447800167,10293.079785537419,35560.94547768921,32.50219775399321,218.98175132837522,941.5119607199586,2.930506086913579,16.666592710860275,0.12223712179049229,0.4722902782990001,0.0019994602618860274,33.2313071947791,60.87539707129682,13.22311757626427,64.22811431753222,76.06748926267755,0.047798042650560604,13.4,180.0
TX-114,22,2026-07-07,13.848311328372409,10116.085643423297,33431.514921944436,29.39799477766412,184.78087873728882,947.1261268679741,3.119619060133851,14.137524165230152,0.10074157491244792,0.4889637372111826,0.00234316855117179,34.55898768465657,60.952567448147825,11.294792714691706,67.4427152011397,83.29844480002886,0.06084506292594542,13.4,180.0
TX-114,23,2026-07-08,19.413050673416095,10146.222500039512,37475.89340332648,38.72138737875074,180.56139080805298,851.7409486589438,2.2521496452414396,17.122288249449543,0.06982935465223315,0.41100788297596513,0.0016707821957314519,33.26168798947557,60.40823704473815,10.915457354614032,59.92915126398864,74.66501343915863,0.050171120284470475,13.4,180.0
TX-114,24,2026-07-09,9.390650707541703,9643.149413264739,34850.722496054004,28.842479407066506,196.54331433102496,994.3429582988889,4.073272396161787,14.373403028036396,0.07356236934840492,0.48827084506930923,0.002058287931025857,34.946721455230154,60.91603667733659,14.211909250196214,59.86063742875904,70.94336266372957,0.06541143177361507,13.4,180.0
TX-114,25,2026-07-10,13.433863319202494,10394.746752787212,36261.801394695314,36.83710321575229,241.53031454160697,926.6458165680418,2.127085107290048,13.599185647471762,0.1437210573318723,0.4292901095307513,0.002149041970757172,32.485490775931815,57.97315922716574,12.886937281399913,65.10788276098927,71.98846539689377,0.041856439756450876,15.83,171.1305
TX-114,26,2026-07-11,9.010372381094722,10346.70294311332,34433.70526068486,23.069486216382337,203.9978432349587,946.4998412328102,2.8996631549373135,15.231985366624842,0.10076253630974884,0.4646602595685912,0.0020162778839899497,35.73521693132394,61.55196550998837,12.790729338589344,62.97470590629226,80.08970041255827,0.054654664273365454,13.4,180.0
TX-114,27,2026-07-12,12.870873622664414,9767.843631230282,36359.38620529508,37.58946101025015,167.29116327147972,1031.2048990695437,3.582079837954086,15.398237000332067,0.09518566753284004,0.5195216724609572,0.001807830391802309,34.82230498005333,57.78745957284153,10.25847704293164,71.99691990411765,75.5046017472663,0.05203689021002367,16.06,170.291
TX-114,28,2026-07-13,14.907801620667378,9586.112990259555,34385.87578047346,31.18697187332702,199.72237646638703,839.8237817844416,3.2397443966120223,15.376729383736286,0.10785815543487387,0.5352522406009917,0.0019488428263105197,34.83111205971852,62.22367884337808,11.05598479109088,59.3791047553269,79.44430961645985,0.04370649905125731,13.4,180.0
TX-114,29,2026-07-14,11.767947128119655,10442.61900854621,34710.463232481685,24.439316272593388,242.4846051839541,771.145098848208,2.95666080383195,11.22144645030562,0.10541316467704455,0.46794456498947895,0.002245782444598811,34.98261361369329,62.02591166851025,11.570286082596075,60.18636693156225,76.90012842421493,0.047474425195408045,13.4,180.0
TX-114,30,2026-07-15,9.542220355867634,9472.309861957145,33525.73510904702,38.5601616700236,218.06513958149924,872.1811869765812,3.2354348649361193,10.92108024027991,0.08870187777703997,0.5200497689504181,0.0020496128919186406,34.46064385409639,59.9425378018035,12.338108504712018,64.97193001949454,81.88803165538778,0.05318702109887643,13.47,179.7445
TX-114,31,2026-07-16,16.533721411289036,10856.77739411504,36655.01266593013,39.51414510719212,190.6084770520327,772.6068901723561,2.9298596046445464,14.548807276645237,0.12918828304778712,0.44349777836715804,0.0019763363118620175,35.40517936604289,60.15015375597654,11.828470352761304,66.07570535961904,83.63278104729581,0.06535745471222662,13.4,180.0
TX-114,32,2026-07-17,15.098421622368253,9592.077123202718,38069.06818818673,25.44729379887714,239.98888202507564,1007.5308291934984,3.744699395714435,16.370781711946172,0.0577501991972437,0.4480439584462228,0.002092066466207918,34.32435300144907,59.52708018249317,12.612808180825926,64.4900771449141,65.24783516540528,0.058856587131385654,13.97,177.9195
TX-114,33,2026-07-18,16.54470832546118,9875.502028510218,36422.532368209344,31.336804505309864,230.9350697974145,912.0966308446008,3.66196383329034,11.252694437249575,0.10918438046423659,0.480106910165958,0.0017422847034969488,36.15850057940513,61.33363114781448,9.993523310907529,67.1464869059494,79.75318437124747,0.04276928493342341,13.4,180.0
TX-114,34,2026-07-19,12.494088159110504,9204.712387700796,34324.93620552607,30.000239655556424,220.3783223426165,921.5504291600446,2.470045942347834,15.47774864988969,0.09491909161192173,0.4532586893167777,0.0015231478268682868,35.624803335025504,60.6695957242192,12.556769028280907,62.81526669952471,76.36863889681412,0.03624635852932752,13.4,180.0
TX-114,35,2026-07-20,12.04025156444436,10016.866099874167,35524.706060644356,22.769696024659776,183.41803323573015,870.7685731133411,3.4792593664551466,13.37379449426756,0.10281150565590157,0.5122696320317041,0.001925092452282958,35.268020038159435,57.98262479315438,11.34421280143805,69.30307957240669,87.03811921598087,0.058429207452769034,15.82,171.167
TX-114,36,2026-07-21,18.301176569860942,9087.04457198012,33102.60822941286,29.384385813233358,253.01230683640037,874.9532820394845,3.3724521498115867,15.756744056509694,0.10712246921462418,0.4988234688231395,0.0016399901509321633,32.298836086514484,61.92276372305359,11.383502213742462,59.39866041508683,78.50368816802343,0.054187894090690365,13.4,180.0
TX-114,37,2026-07-22,17.3036769344441,10557.857850899185,33162.027261440766,26.591093285549537,198.4559437265068,965.731214724413,1.948680503093807,15.256412672182513,0.1186424364896134,0.544542822350907,0.0022125684754512,36.06300052024554,55.879225940226455,13.613468689572274,65.99121486072012,85.67721017342403,0.038253655230866254,18.34,161.969
TX-114,38,2026-07-23,9.73851946623405,10893.18884250282,33146.95633076097,29.437865452993126,215.50964269004265,961.8309328230813,3.539208147432143,15.446772334781604,0.07891381553881925,0.535331631625211,0.00221676681692004,33.18496510881378,62.12802726248003,9.512924387439712,68.10324690978155,69.9271202555374,0.05705509481283539,13.4,180.0
TX-114,39,2026-07-24,16.530582615897607,9981.438725547134,35902.17327876064,30.585974856355797,219.370107198532,1074.8217409692304,2.3293805046825624,8.623707344123641,0.09168651466108171,0.47579870500429855,0.0018867295473806078,34.073561046072385,61.30865125380239,10.618670544118313,66.35232531716498,80.10772494285635,0.05316465907040612,13.4,180.0
TX-114,40,2026-07-25,16.461429827477772,10474.633627863732,35107.1305645138,29.31184322206498,214.94904022596347,948.0292990089592,3.4448405106093762,11.575214480219042,0.09632936958630886,0.4467315856287988,0.0021682894479836076,35.72670917133776,59.588380978264375,11.270732018041567,66.79089060477828,73.93406146405633,0.06426466662123304,13.89,178.2115
TX-114,41,2026-07-26,20.318859162448465,10500.355524317445,35465.31481209621,40.1983088788738,210.16657805139886,861.6644887667516,2.6623297817819647,13.592996875097764,0.09987260505329883,0.5231543408081134,0.0015754529181542247,34.551074072432336,60.31927652092109,12.643626269160881,64.92223174376053,76.95606507062672,0.03761477593009454,13.4,180.0
TX-114,42,2026-07-27,12.264639786967424,9969.569081357964,36021.10223037999,32.253059066137205,188.50622529489848,881.0750405161444,3.755919171438404,16.088516465193123,0.0967493391328719,0.44870816191401763,0.001785988664857977,35.00659036223407,60.41392064790001,12.565563445101558,66.16395675316645,72.03810910185052,0.0448889510060742,13.4,180.0
TX-114,43,2026-07-28,21.140966646869003,9721.766339036058,32416.592609404204,22.929063372233045,198.54947606988193,975.1987056533465,2.712026155329403,17.955029083886522,0.09985436909722888,0.5554779033373372,0.0017726836602417308,34.25778327208021,60.13656855499496,12.482554666344896,64.46312827230214,77.33972360544628,0.055884859534502326,13.4,180.0
TX-114,44,2026-07-29,10.7384829606799,9829.53127540543,33962.63494188049,28.79814813165822,213.8813491691798,859.6168451534189,1.9974611818940826,14.52696269633135,0.07871187937483375,0.5248165990591273,0.002241709097556116,32.82517113997663,58.83865189493952,12.353373023419207,60.77337459439531,81.26128701744169,0.06049316534862222,14.79,174.9265
TX-114,45,2026-07-30,14.513953098320291,9613.044200240787,30378.864749049375,35.244993550835396,245.92507495867656,1043.6520958668123,2.9025132412547476,12.814648364564205,0.11675248452656266,0.4936565611923987,0.0021434395170930255,35.30275170329695,60.13950519626971,13.028513803482532,68.19700420709185,70.8184985223075,0.04076887528613574,13.4,180.0
TX-114,46,2026-07-31,7.502652481349434,9826.919319950102,32813.349682977336,33.29695982928267,199.28753747457753,881.8057079762164,3.4059830478759405,15.794509360067488,0.09766619880126687,0.584321283796763,0.00222144467489991,34.58413914625586,59.443120101071806,12.788379693504035,65.60853709513846,66.03072231732818,0.058947128397780706,14.07,177.5545
TX-114,47,2026-08-01,18.771696600590637,10590.694434002922,38085.49800302893,41.573074039349514,240.7345976642808,927.2529425407778,2.895786062354513,11.340796605995724,0.1002173569088009,0.5259568029455975,0.0020130658716282063,33.111779001327584,59.570067976879386,12.645332048856682,61.92225489510827,76.3255299618976,0.05431627000879251,13.92,178.102
TX-114,48,2026-08-02,18.353902923077232,10856.302696397011,34244.347874778665,32.17197845778539,210.56734119530987,951.9499887510694,3.268701542820673,17.850011120599543,0.053374065395583245,0.5209010539111496,0.0021462233027072703,34.76477076747003,56.603985386256625,11.939003889226367,62.868317711930075,88.4236432793898,0.05375291369827874,17.48,165.108
TX-114,49,2026-08-03,12.61354551751722,8973.677497602426,36181.235364436754,34.76004567481745,202.0809615074253,948.2940385724487,2.8258647357683424,17.134430550336322,0.1198536967154106,0.41805373142985386,0.0015814424468176664,37.03128172304353,61.39829452504063,10.737618994971438,60.28885988473128,76.66217652488098,0.03857684608126725,13.4,180.0
TX-114,50,2026-08-04,14.049877836225452,9976.36040519962,34819.123222270566,36.93809927227901,243.22216409934282,861.6865717734273,2.4346704180983796,15.77769230996715,0.1326296022888544,0.4798392421830178,0.002255107667604264,34.16286440746588,60.03190705215018,10.838057717699844,65.03249618143774,74.0683601702752,0.05608122899162077,13.4,180.0
TX-114,51,2026-08-05,20.334184826068572,9805.552289545329,31000.541705308617,30.320996574735997,212.64393257293798,916.1520070605391,2.921288594857372,17.975429881592703,0.1027242907973563,0.49476018674402666,0.0017666881619507087,33.2532893126588,60.49384790447691,12.245417899867356,61.822008395215484,74.64502112358547,0.048561485664728864,13.4,180.0
TX-114,52,2026-08-06,13.126498426772473,9603.344643425384,35810.163342209715,30.228565670149457,194.96824906095088,831.0662379410478,2.9350074671187323,16.84896713773954,0.10413280148426968,0.4881438989012682,0.002092547127370526,36.3643850146676,60.7356210527702,12.260200981572858,66.91558851277965,73.7358901078213,0.05184067820769523,13.4,180.0
TX-114,53,2026-08-07,13.533133728361964,9224.723339332235,35685.671704774686,33.117132757346226,201.1644025104376,982.8656854881413,2.639198339569184,11.457231176270627,0.08605768308289607,0.42295303487240066,0.0021014109066472024,34.24792213029438,61.47703378874367,12.96379880255946,62.22507772028561,68.53514509395748,0.05534439652683652,13.4,180.0
TX-114,54,2026-08-08,17.93951934434397,8993.689694188435,35563.34174005911,20.42188752821955,196.07888026420414,987.4925446316985,4.504885066709681,14.522352331702065,0.0750576824325991,0.47432539127924667,0.0020198209064120915,34.329758760461125,58.612764486030294,11.573149993527656,66.18673179867572,73.64472848754923,0.041183971999069674,15.06,173.941
TX-114,55,2026-08-09,12.989812500942618,9793.070725164784,33001.14720483156,27.90022366776438,220.05246326059083,881.5743231019608,2.123256520457991,17.04989739812995,0.10833439639570144,0.4308433518126401,0.001890386298165831,34.207901170942215,61.01535856361945,11.628347773952346,64.78167999834211,73.48644464126194,0.03519865470274608,13.4,180.0
TX-114,56,2026-08-10,19.216188503871464,10331.16502859176,33505.232797900266,32.42136641194725,226.79264233180044,904.4592810206074,3.7783770933340453,20.835701683835612,0.09747756528177234,0.47087351284795675,0.0017031772243937828,32.78642537690471,61.87221757717447,11.646506189936717,67.6260672424102,83.61161736711055,0.03919029770068979,13.4,180.0
TX-114,57,2026-08-11,12.20755741576443,10872.343444725217,34859.8697004128,28.186727278644348,186.537358923105,888.683537567911,3.7539472104891383,16.370875963526252,0.10363524692621588,0.5794260471795525,0.002418732549491152,35.334122210722526,64.1641794863042,11.75257684440649,68.29408549147757,71.85602715966299,0.059028484364194216,13.4,180.0
TX-114,58,2026-08-12,14.254838449305671,10230.68415795851,39780.271819765105,36.273532128411574,217.10818786132302,838.0237766257287,3.094114352251613,12.983994996850965,0.11773952696474065,0.543093881984492,0.001946109366225923,36.66353198688371,62.28434410405499,12.149646598445953,66.69653336496341,70.29234225647119,0.04727819472703412,13.4,180.0
TX-114,59,2026-08-13,11.765976858109283,9760.8315051395,34791.22227148838,23.238545045497297,219.2381858937851,981.7702616421019,2.9960411325453378,9.605515883122989,0.09494014471169805,0.430330689381626,0.0018171142902389747,36.451936300628525,56.3482903756957,11.183637475112642,67.48870883556468,69.38459104361071,0.04221569822828075,17.78,164.013
TX-114,60,2026-08-14,21.097218505822582,10189.193696705262,36868.60482206395,34.03983802541096,211.06639501217487,1001.1219927977698,3.9526733022336433,11.63296615077871,0.09929365287625906,0.4978400625800786,0.0018712168294063257,35.98106062947344,60.38533152377859,13.92547286444278,68.3007992278883,85.91761950231059,0.038008357800137664,13.4,180.0
TX-114,61,2026-08-15,12.58174222794884,9638.154272565112,37646.2376045009,26.756716162648146,189.20430098232072,810.2915666079556,4.376513609439376,14.715536180667753,0.1105977603311813,0.44296913410023986,0.0022877775199759936,33.226333374757516,58.53149588219934,11.268626100528,65.65661461552482,68.65534148730245,0.06523998101095668,15.16,173.576
TX-114,62,2026-08-16,16.509669613279275,9655.198286957859,36995.234154137004,29.652282894209236,196.28479600807034,971.6652517996235,1.7735877120559012,16.46963413345742,0.08573810411572684,0.4642696348173814,0.002587441080476817,34.46878722823019,61.43387194914359,12.279244729165024,66.14897307604872,72.99566193738335,0.046972844976571025,13.4,180.0
TX-114,63,2026-08-17,19.583965170485676,10465.230034894115,34000.6380827979,26.415433204394713,196.53459487159597,978.5196216040628,3.589345887333204,16.109887204031864,0.06766458137583166,0.5376889540264357,0.002391073461080871,35.17355654567804,62.9697045834025,10.67902934409111,67.05442256134093,66.838229132296,0.06058541908463749,13.4,180.0
TX-114,64,2026-08-18,16.838582567223085,10900.677908381364,35999.41718141645,29.650891974807127,198.53320607712539,879.9858207189792,2.744637979387074,17.69421794169457,0.12551276553523447,0.4251716277528825,0.002011508042924794,35.062491516800144,58.82805707729903,12.438249992073844,69.382552513484,82.13447187162613,0.06347068388942004,14.81,174.8535
TX-114,65,2026-08-19,12.84459645739302,10018.253886383334,33468.70464146771,32.89418057527934,215.0741692940275,976.7870404320726,3.6567459269234783,16.377954327891523,0.08279660274318239,0.4323913642837891,0.002156006009211599,36.500521108861214,59.962812184397634,10.47260643786698,71.25426787012404,78.91523640129155,0.05171141516049127,13.44,179.854
TX-114,66,2026-08-20,11.49608654698087,10008.108111447726,36373.76832439111,34.23824198241158,195.01794933517058,895.4347773634,2.6919966489816174,18.328323165792785,0.11789747957272226,0.4737832565700179,0.0016494591023434892,35.277815082231264,59.26077391542408,11.581693336297395,61.59435759931867,66.90873020382607,0.05162670152560525,14.29,176.7515
TX-114,67,2026-08-21,14.19936465647393,11248.257193010348,36188.50686533563,25.99077062985111,178.03350782421361,931.853711092648,2.8015664526364916,17.662949899009313,0.10563727676919879,0.40087398451528333,0.0016941727104747405,34.32471794399287,60.663055407552356,10.947247570151253,65.45845278187574,64.31080143030069,0.05006185418978454,13.4,180.0
TX-114,68,2026-08-22,16.11007795334464,10730.75515867898,35491.15084721033,27.691680072924594,238.7368752100557,885.3457571033762,3.386783384050723,13.77420845765971,0.10181556519784829,0.45993660327110275,0.0020966779866047626,35.80382809516362,59.25780108671317,11.448992080613326,66.07045465539188,68.39987224016168,0.03482056312664515,14.29,176.7515
TX-114,69,2026-08-23,16.059589255203708,9946.151411690033,34742.28121711884,34.40681492435204,222.22232130583743,887.1198486730241,2.438665297355024,13.722826393657709,0.1116992786093078,0.506820133172249,0.001835072190272756,34.21561351416488,60.92673421538389,11.778347594437944,67.2581503363164,82.03468637950849,0.046871602497148154,13.4,180.0
TX-114,70,2026-08-24,17.848942454508297,10069.204877230966,35535.51647516808,20.883825533153384,189.71942907709675,826.6644508898048,2.8406726387982153,15.228702015307556,0.10310500650081948,0.5142873473395626,0.0017945166226201487,35.691362963774836,62.713932665327384,11.646675112550874,63.008995497699054,69.51734540871301,0.05085467826530492,13.4,180.0
TX-114,71,2026-08-25,13.422710671160988,9134.835793458395,32086.496255096656,36.95462986331773,234.90427663237003,1027.991167036638,3.113152219389688,13.018188984092378,0.09123967701685637,0.4254306182510076,0.001541032403137408,35.255262710562725,60.808517324110525,13.958373555726244,64.75071927144201,64.1373215135552,0.04878079616244968,13.4,180.0
TX-114,72,2026-08-26,14.152622402659796,9754.384161600776,35687.49913494975,25.807424677717695,212.0133652727584,952.1250612575583,3.7098688851159816,15.620751698071878,0.12086240901038554,0.47780519798469523,0.0019087129177762325,36.347847041215644,57.94262336255428,11.596859697754407,68.3853389201779,73.31110628197992,0.04714397968128746,15.87,170.9845
TX-114,73,2026-08-27,14.204003650300464,10058.575887423623,37172.16768383848,36.52705307213123,209.75862223255504,987.3910853992636,3.170896481664868,16.718240335641664,0.07943261051814005,0.5869276366716532,0.0020660639162436286,32.251690652682186,62.489290760204035,12.005054931210662,63.81351811654582,70.15453547850241,0.05439501868534369,13.4,180.0
TX-114,74,2026-08-28,12.334833243188132,9711.546768664633,33894.24379237663,30.47076841927131,199.35585319427526,968.225130532389,3.13553115239885,15.786073476688568,0.11221204427034576,0.49534528649171494,0.001693907201262853,36.80517247937688,61.39130198194412,13.612827013935584,68.10361526288435,71.31702876907615,0.026520220616711342,13.4,180.0
TX-114,75,2026-08-29,11.312710723416764,10318.261023354118,34796.504161327,29.8588625004711,159.8794889422222,898.9498188604575,2.4591107248738493,13.551234838468156,0.11700208193794275,0.4485429022957995,0.0017198932083880424,35.18558032741012,61.30854313741996,11.597294104593203,69.40164621506872,64.77064657659872,0.035459443993915915,13.4,180.0
TX-114,76,2026-08-30,10.382142005144228,9173.908117794785,35673.09793032023,27.09527335537129,181.71725248460137,930.3837356108485,3.4119746235953587,17.101716793830796,0.11750568929339548,0.45409482669787055,0.0020828272893349117,35.496871577392426,59.28767513236636,12.164752103904714,61.24514531011495,69.97919859124639,0.053717873055880834,14.25,176.8975
TX-114,77,2026-08-31,19.522627963041586,10575.71980666092,36321.71695546864,32.408828303458364,208.54703028841607,784.1920036889878,2.582246733055247,13.394290290812618,0.111495186310813,0.5472473885742913,0.0022209720258579385,36.1826664380698,60.10838632728972,11.017069817406114,64.85020131095223,69.20130327654016,0.05657859991756097,13.4,180.0
TX-114,78,2026-09-01,13.92273779070782,9950.734191382773,36387.24445934217,28.33096481889399,229.4617130507041,792.1922918432309,3.153275483969413,14.818202005354784,0.11654683592847959,0.43128130190680075,0.0015407626631626368,35.75004438586114,59.41361678767622,11.909197896231795,63.020752517272584,82.3024830386179,0.05299216210410039,14.1,177.445
TX-114,79,2026-09-02,15.721992264171131,9415.18976591257,36003.011106408805,27.10147983033175,197.14166156697024,790.772186817188,2.921729262707794,17.12894652013462,0.1045338997832636,0.4779089546751748,0.0020327438954303566,35.10361397213422,60.09910302588974,12.177334430259823,61.88001693816492,75.85230688024168,0.03244751630699611,13.4,180.0
TX-114,80,2026-09-03,16.726870825211936,9448.62540404481,37355.19566031783,19.86247126307746,243.9317617574667,768.8623458577669,2.400032685431434,15.598114075882002,0.11237429968849161,0.48583072867419747,0.0022677818156773616,34.20344574724394,59.40046207982694,11.697922057517628,63.38481242546525,59.52657140487021,0.04975332933491506,14.12,177.372
TX-114,81,2026-09-04,14.654978538891806,10539.091381855169,32428.11116859221,28.917724118305355,234.64362820373995,923.4631089027482,3.274689843078186,15.906867246679063,0.10915743294869108,0.591052499742384,0.0020274621973940953,33.98865672315726,60.95819622934184,11.433448325772892,64.67018907074512,77.96144801404576,0.041786456847811446,13.4,180.0
TX-114,82,2026-09-05,13.469115756540695,10237.924285535206,33902.710057581855,37.00779547587293,190.98119252235307,820.8380498870746,3.953027932877661,11.939547116814095,0.09946566942003421,0.592574192378145,0.0019914225656302185,36.346770669064,60.97871229660752,11.992798115765199,64.60806421561138,58.04546068685805,0.04680888340114638,13.4,180.0
TX-114,83,2026-09-06,15.696655517493582,10115.831454846288,39931.71751430779,33.571767383936,223.43779168181928,993.1970533927921,3.270250655763896,14.82790186652662,0.09837625298921193,0.48246727588818594,0.002133263308740974,34.82967927902012,60.93740458579741,10.990912689670301,65.44054537522594,87.41653857125895,0.04775376502655186,13.4,180.0
TX-114,84,2026-09-07,20.52900488090033,10081.835723664464,34886.983615708,32.77617772197514,204.73696116900328,741.5555143114868,3.4400874291115753,19.385426327894226,0.1096085854006534,0.527066048067823,0.0019452221943326011,36.15778909883064,59.94109257231034,12.267220098196896,60.30435059760733,70.7652650380444,0.05367353148181238,13.47,179.7445
TX-114,85,2026-09-08,17.721635203751973,10467.469871064752,31841.6381693645,24.83029449148273,222.77870885971996,840.2553289596134,3.447296303020888,11.739663581835963,0.09803180112533105,0.4982881591378442,0.0021441401291009735,33.96884000385365,57.049853908011876,12.171272761545682,66.57929081763643,83.0596397010643,0.0464144834661585,16.94,167.079
TX-114,86,2026-09-09,17.32704492304634,10242.886887444214,37644.81015542867,31.968361944769377,176.62852156907076,894.5872261104602,3.0442253742313556,16.036388484796987,0.06934635267318767,0.48439775925960626,0.0022604310714693845,34.89591454727886,59.54139842680187,13.9063263977835,61.789987439505346,84.86523767987451,0.0602124973587419,13.95,177.9925
TX-114,87,2026-09-10,14.324500615149113,9983.554723458838,34927.08253409567,33.18114846397548,199.46622126253322,865.7481418857064,2.822387734551094,14.353404598802234,0.0937848753889586,0.3879587605481964,0.0020292947263788356,34.472532219846066,57.19978337007795,11.649948985089063,63.85712756597783,85.20195621665977,0.044607700415705845,16.76,167.736
TX-114,88,2026-09-11,17.003370539620487,10691.406001692858,33743.86258195682,32.06003179021634,246.06142469581965,918.3180924119397,3.1868749210344633,14.185492152063343,0.1137410166086448,0.4980178693157208,0.0014503691186360415,34.644767466017186,58.22523181467032,12.112240964272544,62.249482708823365,78.82502772553984,0.05044763420933797,15.53,172.2255
TX-114,89,2026-09-12,11.255972989263405,9753.730942193159,36241.125403262165,38.063591175862285,193.56970535848362,812.2047604047162,3.975492470150527,14.980464107009984,0.10182937870643947,0.46303044724491754,0.002064566068562116,36.71509567654017,60.3815479032854,13.064963249139344,65.08695156960898,66.79357447500846,0.04316763330707007,13.4,180.0
TX-115,0,2026-06-15,15.653359750760055,10611.944396825,35322.02188430165,28.461090906848664,184.20720495425255,928.4356690276139,2.380933973603188,12.731797843473892,0.11800326535281166,0.48611324688297014,0.001910763742094995,34.83093398368725,61.08880660011891,12.165502673024367,62.77075567500226,69.34326226441199,0.048048891891529666,13.4,180.0
TX-115,1,2026-06-16,15.906659228080924,9982.245028251038,34751.01962765383,30.231417795300707,199.27551189811635,837.5693677948849,3.5535254561693876,14.03537708961633,0.1025844110136812,0.3969832376980815,0.0019354477135825059,33.90041083658697,58.53146734545106,14.422185946966783,65.74857770189257,84.80817742439095,0.05855303583320787,15.16,173.576
TX-115,2,2026-06-17,17.949728645994195,9900.464169203451,38212.80402382306,34.23343649288246,200.82669903604605,921.0631699566087,2.9316337917687507,15.104478369732753,0.09912798529826514,0.5190766815618245,0.002521992140423139,33.794785883041264,61.71353214526321,11.631765516288732,68.80898944479442,72.33243709588673,0.05412753676540253,13.4,180.0
TX-115,3,2026-06-18,14.52346725361391,9134.703938310871,38477.95375258797,25.286231932390166,201.67765722312632,815.8062571059941,2.331499174256273,14.590120320621736,0.08812977475859457,0.4415592489346786,0.0019893702155818443,33.51809327690217,60.188210697621784,11.87267318100252,57.558781896496164,70.81512077560124,0.054684100102267534,13.4,180.0
TX-115,4,2026-06-19,11.80936234513044,10255.896097217905,35865.35841982716,24.911392865238977,199.7543539338803,965.9992866678125,2.5617888847697423,14.588378884837422,0.12300478235962284,0.45711839676203947,0.0021377474857406354,33.92080889170773,59.75855714520749,12.446726714573895,57.78641963018988,70.72541535105093,0.05429331927186378,13.69,178.9415
TX-115,5,2026-06-20,15.677532327595191,9738.810807681439,32790.83598883766,33.142324410971234,193.55186524956366,943.6277761303204,3.1901115677587537,14.105163428863026,0.12145123485989301,0.47028611949819193,0.0023571361922455707,36.32129253054753,61.57517201173534,11.819438846633702,72.64123743310397,76.21475567271395,0.0524105647884646,13.4,180.0
TX-115,6,2026-06-21,14.933815964285674,9435.116761471829,37590.14647476953,27.13798285168031,218.39222052074626,992.7642486654834,3.3016606902746437,13.616061448203393,0.09317843488975636,0.3661461909659339,0.0019650597030900214,35.80271018769999,59.643742381377116,11.409919707742672,64.1067592276715,84.72292776255215,0.04945634311106537,13.83,178.4305
TX-115,7,2026-06-22,20.57374852922584,9714.633247557638,35434.463570262524,27.832990371864863,241.4897282751598,914.3764249047488,4.06403806860059,14.15974489019536,0.13055158351710125,0.5059001686136748,0.0022509966783636794,33.78028902209095,60.52262092381396,10.9308795620093,65.77128920211509,62.85287957569477,0.04905916980428573,13.4,180.0
TX-115,8,2026-06-23,18.28683611138011,10273.776939497102,32532.09990081823,20.508068085814514,209.93889160921537,1026.495903628673,2.5180269815649163,19.19480815635272,0.09987013423662,0.4020653233162817,0.0015317358929859495,35.76994914937141,60.19435206125255,13.482220965793264,61.40562569990544,75.94795838531023,0.05006761061388357,13.4,180.0
TX-115,9,2026-06-24,14.570956430828273,9808.696385676503,34274.60124892304,30.873229121401874,206.0516205567643,920.2058280082595,3.6029937544535597,12.59744297542256,0.06376632930990528,0.5508482527193932,0.0017169424877273025,34.62052418138482,59.081850540175836,11.366487677908228,60.625207885325224,70.44377929812228,0.05649331112279531,14.5,175.985
TX-115,10,2026-06-25,14.988205681170072,10252.253564253457,34007.8360051103,34.51422995390965,189.83276249312928,731.3154159579285,3.1583118964631485,16.53476953805736,0.08881521975161547,0.5599603133704207,0.001744792343688551,35.670726812867336,62.61716391323572,12.03673098437155,64.32055074193092,74.15462659620748,0.06628295386951798,13.4,180.0
TX-115,11,2026-06-26,16.20834772137353,11072.101338609336,35558.50277588804,26.73101670048128,188.3298612957358,904.9285812394357,1.979338692015157,14.050020326558744,0.09094404331900464,0.5119894877709433,0.002582545466120435,35.05481648840918,57.11601136931045,11.086092350123039,65.78686358561274,75.74395807742958,0.06624455522312583,16.86,167.371
TX-115,12,2026-06-27,17.88023189511412,10465.057736888859,34565.73381569498,35.49560518275439,182.08153747605417,977.4635447434989,2.8587905484213163,12.104013188078948,0.11186473401229749,0.5698771809307193,0.0018780194386052113,36.56276175024346,57.51608862851768,10.803206763223638,64.55982187474359,72.03388891257845,0.043328666139407765,16.38,169.123
TX-115,13,2026-06-28,15.40103315645467,9735.704771084822,34282.05067239453,31.392125351751854,186.64926235057277,891.5185470944822,2.6772304768202053,12.58875916647994,0.11527404349347409,0.5853897220421007,0.0023193715985221747,35.331716081861316,59.03770733589605,11.71308127581726,68.17106378140198,56.74810586381268,0.046367397756061496,14.55,175.8025
TX-115,14,2026-06-29,17.2023477592328,9430.859808907748,35846.77656849107,31.884946353828447,170.91335139475015,906.9582488114347,2.69127736599924,15.832197351767066,0.11339577371782528,0.5199469466886575,0.002021777697272929,35.288871272422575,58.23590236662599,11.969248216136776,62.610550259833985,83.2523100278964,0.056832381559814404,15.52,172.262
TX-115,15,2026-06-30,17.04120405035961,10856.745777881992,34340.045070399305,27.25496323894575,192.92794567485114,771.8210873729437,2.2382084395769963,16.242206017936223,0.07209719738152345,0.44625437174949706,0.001969484036868512,34.587772397262334,61.3284785366941,12.060461305001494,62.6045939624834,82.77306407794464,0.05728791384838783,13.4,180.0
TX-115,16,2026-07-01,10.767049687278302,10126.133322330017,33569.8464208297,26.29281103599916,237.3902932262502,909.9417110761431,2.8912307557430266,15.169902450591241,0.11748480525658588,0.46491977620232783,0.0018407450091676996,35.65667145814633,57.725416064264444,12.990771840909291,60.18446079552932,73.03386553139673,0.03401167126832661,16.13,170.0355
TX-115,17,2026-07-02,11.831245014196972,10648.833429302476,37088.91574766944,35.75661149889052,171.0202343292319,815.9155073438669,3.169936284415566,16.430634980358697,0.08400972629802751,0.4710539308728039,0.0016605957061824094,36.65824529058154,59.28756630141972,12.031292303612766,65.25093380666789,83.84496362779048,0.04047533435367591,14.25,176.8975
TX-115,18,2026-07-03,18.50478250267846,9360.639642189155,37331.44051555545,21.423502074476268,197.9088869626379,1030.0349777362314,3.3486280541228273,15.842484577282498,0.07903169716751655,0.46325993779158214,0.0024033187463093474,35.47233949125698,61.335373870500845,12.07379381248074,64.15480554795954,81.13329304380345,0.0525935303445597,13.4,180.0
TX-115,19,2026-07-04,14.490119996735869,9292.996471729299,36907.81659463915,32.20013155819692,187.87475901704295,994.340218730244,3.1219062495333123,15.526797678190153,0.1176779115248967,0.533435331015265,0.0020881023437392537,34.811414946455,62.97549623135179,11.266199179135986,67.23791551698224,74.32912666902139,0.054547136274631716,13.4,180.0
TX-115,20,2026-07-05,18.70026995511082,9844.210786515605,36203.67268426733,31.327786402548863,187.17397011443364,1000.6479198975367,3.355593897836945,14.130900136976663,0.1220718755447616,0.45842901749634835,0.0019913197211344604,34.57077616544388,61.12696798352999,11.520316644466867,67.27544935088314,79.75568114071228,0.04624750852586828,13.4,180.0
TX-115,21,2026-07-06,20.489152774368907,9627.382675138268,32181.97182788648,34.280495683343446,157.0118411842508,1019.3453461064512,3.0508769382631833,12.146029850389525,0.08103070995045258,0.41829556622424935,0.0021148648858110627,33.67308582900774,60.75313354604392,11.695175848546425,63.57390757936372,79.07476773489275,0.05623511329628092,13.4,180.0
TX-115,22,2026-07-07,18.437408616136366,9683.110831884691,34940.38107467814,26.823364337342948,203.25974951093588,837.7368251783895,2.7879516347497413,14.161998980457875,0.10586721888054422,0.5001477483617289,0.002151890481730616,34.89300341785408,59.1303709997858,12.191282897257473,62.24844816982748,79.55326252623483,0.047145348120351586,14.44,176.204
TX-115,23,2026-07-08,15.613558229098604,10110.012002472631,38203.09096877108,31.907918507813896,201.46437906139545,844.6103344111636,3.401192577465252,14.459588959174956,0.069490397081471,0.4902455888869335,0.002057446938310464,34.18149430234732,59.822729542335395,11.928517163350898,64.83227631717254,84.87713495772364,0.036884421388152885,13.61,179.2335
TX-115,24,2026-07-09,21.10140737755669,9983.582339904397,36160.42246790492,30.639181332689276,165.47952856469618,815.47378760113,2.7378620601811052,16.98743963623393,0.07231357728500572,0.45721312864794583,0.002049455252083477,35.47285644778294,60.66408131524725,11.015994886276285,60.206025919425976,79.31247714570426,0.06433123941539728,13.4,180.0
TX-115,25,2026-07-10,13.964095153872943,9427.656757757984,34140.23935507031,31.970312866923653,195.33713686446734,1012.575491321185,3.4624853597021437,15.368676132408503,0.060913542007412766,0.465386818557944,0.0018355933020963002,34.25338401835201,60.28623190779739,12.21144208103523,59.977775395534344,81.43678449648921,0.05016123706326332,13.4,180.0
TX-115,26,2026-07-11,16.072924240525833,10372.413167434263,33466.06056131967,36.29452844657909,197.16412885825653,1021.0037781253549,2.5530337823594125,17.87649321386178,0.08192031951264885,0.6274390643302795,0.0017144498709847705,36.05658672045539,59.45640866446125,12.715022383666549,64.878424798623,66.2701569970983,0.02203169842687579,14.05,177.6275
TX-115,27,2026-07-12,22.52274988857868,10036.512112807506,29112.939844133885,31.513043032324532,213.79173313059653,842.7935373188801,2.6458227310481974,14.960316305920033,0.1240518846152435,0.5049980059911513,0.0024389675913027457,36.131219172530244,59.65682283860473,10.42947624080683,64.31998748361094,79.21185920316016,0.05059893476379469,13.81,178.5035
TX-115,28,2026-07-13,16.903274495073884,10431.709988074861,36061.71710683177,28.62335722973837,210.39766949984025,1078.8387385223152,2.255060219664494,15.97457493378292,0.13664006570111464,0.44127050019577796,0.0023003300275537745,36.13471724456663,57.7847307676367,12.712361714418192,64.1860522965166,74.51643362792117,0.04675045274780301,16.06,170.291
TX-115,29,2026-07-14,18.938067274303894,9943.939489800287,34073.37293069874,27.76812243328895,193.1802008822182,813.6371584055571,2.7639329712152616,15.235339249406838,0.10808762839965022,0.5602019528921404,0.0020722936698625272,34.52553027040313,58.483440009277565,12.294486880806602,64.64788765772649,74.3254620478866,0.05262529517148098,15.22,173.357
TX-115,30,2026-07-15,16.55816724373419,10134.867612068236,34658.9637935106,25.993090979782842,187.7443046224793,967.8607860100344,2.78820688080164,12.307914415125078,0.12319149363024466,0.452881075388459,0.002010574131142107,35.49116308520945,60.00482756330667,9.521862104288466,66.17146398982018,85.6117060010033,0.05786532227999857,13.4,180.0
TX-115,31,2026-07-16,8.628018054013596,11063.622161501351,32348.29689613138,24.607902701777274,215.63755187074582,936.2273160713853,3.0401675526199043,13.861187515607115,0.12661713456459633,0.498033707490918,0.0015302548971126342,36.23229994997846,60.32892748945076,13.11500670728797,66.71764587036748,94.1329819696455,0.04690029728207773,13.4,180.0
TX-115,32,2026-07-17,15.048279723963658,10359.915321979895,34392.41542838659,34.013188544151454,141.0517386802465,894.1773395339459,2.9485037656667714,14.721569573023723,0.08246146102983108,0.545306141927315,0.0018486665528684191,35.20027440007198,59.94425454042847,12.500364207853798,69.29288239671166,76.56083084170695,0.05841397026381493,13.47,179.7445
TX-115,33,2026-07-18,15.434610515518763,9746.995903036755,34716.88492688012,28.58228809288594,211.3632426383907,908.5321633815347,2.602867708718999,14.556075471773594,0.06948166601847827,0.49076984056747913,0.002000391760371275,36.80844820038594,62.02267809126671,10.965925402353616,65.60530825799533,76.75448251297665,0.04769562647235211,13.4,180.0
TX-115,34,2026-07-19,14.49993442535635,9823.025128353902,38745.41697376661,27.91907873283028,206.81874287198536,697.6775893016666,3.411784191699928,17.368509614504873,0.07895939941798756,0.47440566249557903,0.002135451056037914,35.019460694412444,60.69955438577883,11.712758935425231,70.58979616115457,69.64207894288792,0.07691574713048216,13.4,180.0
TX-115,35,2026-07-20,18.725771752047407,10416.057643692162,32919.0447312854,34.54841191847486,212.0787686136123,730.4311677861659,2.297699846389388,15.715255852830994,0.09733400556668381,0.47417608952245843,0.0023236847583366386,34.116220711580674,59.31713858547591,11.352970211983044,66.53050777363919,61.24433440143193,0.04502328148149595,14.22,177.007
TX-115,36,2026-07-21,9.831704338011942,9843.562262379053,36446.09801951504,33.704482476235555,185.4480333446506,942.6657562332744,2.9074182888775306,17.722169946156818,0.09740074277052103,0.35134763188583895,0.002268404302613292,34.54090080076091,59.58870007177585,12.335923472240502,60.72587626077579,75.5972285990292,0.05534496994885517,13.89,178.2115
TX-115,37,2026-07-22,16.09219256838921,9700.53437448329,36983.86392704249,25.01252025377028,187.4895673524333,889.1198851578284,3.1477341796359246,14.350913363288017,0.12457173798003188,0.5147643106800576,0.0020226973891099603,35.26013615912317,61.09935889644255,12.240774893141017,59.57144950055275,83.71607091223096,0.05119675208076098,13.4,180.0
TX-115,38,2026-07-23,17.054558421665238,9797.02823698342,31346.56690782618,18.605451900628317,181.1126442128446,941.383538948604,3.6489454774821386,15.603942450551834,0.07895545181251673,0.4607937928178176,0.002408234929595353,33.68921912945845,63.152659322271546,13.876037525824628,71.40416620960966,78.04561189987555,0.04658475182401506,13.4,180.0
TX-115,39,2026-07-24,16.06903879845461,10454.292475525972,33698.44818841936,24.493983810869196,194.32127011938672,838.2153777974106,3.62044323932518,13.76714097254137,0.10191282933194686,0.5491520260303921,0.002383952693103752,35.20855928185472,60.57644435491988,10.983009372496525,68.06916994077172,85.10818593837814,0.0312964692758088,13.4,180.0
TX-115,40,2026-07-25,20.288837461606867,9649.670266564843,36189.26177627055,30.38780862407944,198.7924830777885,883.4785617378509,2.503718333988222,16.047656021295957,0.09427910662488632,0.4345288839337804,0.0016894985934652893,33.70755373630862,59.21311417454697,12.485099308432359,62.86664584820336,82.80353245389298,0.048807855205826374,14.34,176.569
TX-115,41,2026-07-26,14.131785234475888,10008.382715148035,37790.309863512644,23.143306540288464,233.12733942838287,976.8128087139708,2.9891717524813006,17.366051369540227,0.09355054295851375,0.5142839187663487,0.0018375756477374801,35.96647516388529,58.9391165921465,11.948632210998259,67.03741645497558,83.38551713190546,0.04178844958231118,14.67,175.3645
TX-115,42,2026-07-27,17.259414705361095,9509.00745943691,30699.33834878214,26.259681763846064,216.69319952152634,899.0226496817722,2.7325010141219033,15.110956646982016,0.10044799346033512,0.5310949274432163,0.0015164870226723056,34.897647043165485,60.18641590731229,10.634629836145743,60.862752736296095,72.08233264814088,0.05008524283270126,13.4,180.0
TX-115,43,2026-07-28,15.036138075166589,9721.825759328378,33805.330814065754,28.024118392603654,205.97043522697487,999.5696805434654,1.88980155677794,16.24600424260365,0.09777696677613042,0.5262861140549417,0.0023556630011782966,34.24487392418342,61.41645701684587,10.745957135672072,65.38279769830177,73.05986584531213,0.050462794680073884,13.4,180.0
TX-115,44,2026-07-29,12.0328971454515,10218.4417280251,38172.57453102956,25.140715645918107,203.79291043326447,968.469849686321,2.851629635917275,17.720785843113315,0.0914062331716257,0.49418526484006026,0.0017020537410720286,35.12659035706979,60.004534418248454,12.635901244844867,63.09138187873312,69.54403500359541,0.05462492117899982,13.4,180.0
TX-115,45,2026-07-30,19.191571470223693,10314.505123815492,38694.82449722229,32.77653735610976,210.38585711708737,954.3434304535936,3.7440853778895815,17.475140132234372,0.0783024353378246,0.5400290943805035,0.0020796069517395525,34.80596498411107,57.34060626681387,10.459839089739722,63.906598339660704,63.283267932522044,0.04656243181246086,16.59,168.3565
TX-115,46,2026-07-31,17.14302375828587,9709.521838271921,35166.92520550247,24.650240208604664,205.97534569941664,940.6508313175652,2.288532871492929,13.496227406804023,0.0746565946518529,0.5254607398408926,0.002049201968164454,34.95028820576442,59.80757769278802,12.32283543543259,66.02855447603422,71.03538004949166,0.04364403196129585,13.63,179.16049999999998
TX-115,47,2026-08-01,14.823014414889395,9905.132551000133,39121.36445009864,28.080526638144597,205.79330624228757,937.274119062652,3.7002621453070956,13.37763081650773,0.12679295658283343,0.49263022128395795,0.002750403568893921,35.36260221922615,58.156606305973696,11.802841327357115,69.00880807198476,75.65232923528981,0.049403745924028956,15.61,171.9335
TX-115,48,2026-08-02,17.15699149160305,9827.501154666223,34578.533648434124,25.276627450342254,234.5764156193278,802.1910976601974,3.084733329881744,15.959769096163866,0.09972697760163077,0.4373068602255088,0.0017003707916866601,35.522516918356615,58.83018103710577,9.927982777511534,66.1609349683673,68.02003696035375,0.05631219273570252,14.8,174.89
TX-115,49,2026-08-03,14.395136105327145,9875.093835743099,35104.47636603415,24.307533349698094,183.49093824804777,879.2060760996269,2.427828537614715,16.427635318923286,0.0938524203902382,0.4275281699174547,0.0018322913063632915,35.101202564921905,59.33086431973217,12.39981588639569,66.72210904853792,94.21360220762492,0.061506442013607256,14.2,177.08
TX-115,50,2026-08-04,10.090888966909986,9819.883757500662,34466.71741510407,32.875354612123196,181.32827858596576,857.499826864133,2.377794062045339,13.795468553016983,0.08870068905495845,0.4843497093571804,0.001644046178924073,35.982025739400896,60.70832079425008,10.55117022728555,65.07791881750228,62.47796096205961,0.06342255726026633,13.4,180.0
TX-115,51,2026-08-05,19.842325119469884,9972.131353055727,33294.70966529066,26.678653362022118,190.9251583544839,891.453821126032,3.685234823703164,16.911203620618128,0.11942009007468192,0.5085289135336424,0.001653916482817485,34.22994329036837,60.091081894728646,10.798899903155908,65.91194885165632,81.44098817128278,0.05545345391958325,13.4,180.0
TX-115,52,2026-08-06,16.515568418754995,9066.8586750218,37666.71159334219,22.16307334983993,196.94501572308354,949.483483502886,3.1792987629924117,12.444327345908077,0.07803348754192609,0.5143535811203391,0.0021532535041308472,33.892796155387174,60.58888895844746,10.484726520305935,66.87316777191137,67.92926542586376,0.05080513457918205,13.4,180.0
TX-115,53,2026-08-07,14.737806923113483,10580.328663955634,35484.26005740067,27.00449072679742,207.19185411088347,1071.3930591376782,3.3700614606434174,14.881665972532609,0.08332774057324048,0.46917542496961423,0.002203997876490569,34.11419742767833,60.004033141618706,13.437618912339412,65.45117717907097,66.36694566962055,0.0717784785267261,13.4,180.0
TX-115,54,2026-08-08,20.28734489383773,10250.588279189546,37551.510822678174,28.66510159432847,214.48908955330901,866.1168155855398,2.3222924850225226,20.183845221681352,0.07186923866753393,0.5148779065528953,0.0020857630055534514,35.51600558418952,59.86547360071223,11.920750156771893,65.41523520017098,78.83894785072629,0.0499818363856977,13.56,179.416
TX-115,55,2026-08-09,14.794916562525312,9339.445028530312,39027.364939394756,32.67849574651183,204.1781352260831,850.0426164528312,2.498192903575078,16.719972896095072,0.09680275229830926,0.5310532292286447,0.001594354959889655,36.54685484397663,61.35206615311416,11.918937307235357,66.40287625526872,80.92803487627853,0.036630194495855306,13.4,180.0
TX-115,56,2026-08-10,20.033480674163762,10241.630499041483,33591.79542493459,24.51704171667719,219.74195482768096,916.8927357781604,3.2413004514660466,15.05332910911256,0.07994512621647898,0.5254308894964058,0.0019407394582548632,34.97830887350686,63.56550405855837,12.86906913776471,67.78029472927378,96.76418501950046,0.05384573872180119,13.4,180.0
TX-115,57,2026-08-11,15.35912260934794,9660.396325304378,34094.896283545306,19.764481167258943,215.8084667761315,798.646320215168,3.4513679909778774,14.913947966078853,0.10256117429528731,0.49788160349278004,0.0024158223286648898,36.20944235993643,59.956662891518064,11.100995923586703,67.77166731599611,67.2034002286779,0.03445138708881839,13.45,179.8175
TX-115,58,2026-08-12,16.495049605463183,10609.244960901613,34189.829664412246,32.0225884411738,191.686523765246,957.7594678948655,3.5475148432061077,14.474269571035954,0.07944793684554942,0.427148469869423,0.0022777065297380746,33.863433508292175,60.55803636180355,12.777407068442516,63.49609436434837,73.67031319856035,0.05999043447506773,13.4,180.0
TX-115,59,2026-08-13,12.575418637995721,9545.144197482952,34531.21755758186,36.38956331038187,232.21462189207205,892.0973583647412,2.6439391859776,17.12822923183917,0.0666140883667905,0.5123805427074045,0.0019868259221482386,36.29382784352438,62.092527809457565,11.057471442052726,65.50303410642492,70.43516526206767,0.0470667261509326,13.4,180.0
TX-115,60,2026-08-14,16.852163323673924,9832.552938954033,35387.85091305605,34.78636082639882,230.30323447591852,923.0944115847564,3.0588827035200694,12.785419681036306,0.1317159690822144,0.5247850533914075,0.0020408675373460076,35.085049222196695,60.54098021033288,12.771790489880733,67.68665159039178,87.88641516645285,0.05242688508512616,13.4,180.0
TX-115,61,2026-08-15,20.262603657796213,10528.86163974128,34879.73723766105,21.66313135778337,201.71124528593967,1024.6782243912257,2.6123684349338947,15.164925294925105,0.10330437818643552,0.54710632959156,0.0018836565356650109,34.13061625154471,60.8550032268356,11.256612980962398,59.49348394357367,89.72297539542292,0.05927030662137553,13.4,180.0
TX-115,62,2026-08-16,20.65016335625156,10437.006376507768,36360.72984338491,31.847678167101787,196.27943436875444,940.9685265524078,2.723383757812949,12.861541655041563,0.09335548366157852,0.5645746145675696,0.001630277993922425,33.7834833491999,60.886963744069234,11.584921295563333,66.45648513547839,82.91885945503556,0.054615324842578784,13.4,180.0
TX-115,63,2026-08-17,13.103263263964656,10641.466904264302,36484.24536520702,30.13413927094789,199.5683437220314,929.9194031581592,2.844008149870848,11.73759061055988,0.11500315492523348,0.5345371509935588,0.0013096802102909827,35.51067614265725,62.634725308334566,10.87236164682646,64.78012612732786,73.54414148692753,0.06660411934370883,13.4,180.0
TX-115,64,2026-08-18,18.362841132470884,9560.791926743785,35684.237046717055,41.51336066138763,187.50584201717723,899.1076973072534,3.2567536517438094,13.779890900561485,0.13526406169985492,0.4763665849858239,0.0015832894612627419,34.47501796108371,60.979530129279254,11.201825874245747,65.90659816660131,79.50040352113334,0.03791065957920346,13.4,180.0
TX-115,65,2026-08-19,13.308893347217328,10174.485429769034,36404.82432000703,33.311897339557014,203.03544620496058,877.2851000203391,7.215631156660582,16.038827158331216,0.09253033969608655,0.5239221925598079,0.0019233174918740288,35.45736195435648,59.719434071037554,11.780504815067742,66.17558096469237,79.29108525281274,0.04352768399607876,13.74,178.75900000000001
TX-115,66,2026-08-20,11.901528906632416,9771.769753203791,36330.201390442475,37.82592531969008,205.9135968937466,876.3388095576072,3.5365319935548234,13.16633897907595,0.08886224798073988,0.4352435970433862,0.002809735099785633,36.83715148632204,57.904000422908325,13.146025345417574,63.820847840712275,76.3205635297031,0.04407255678786992,15.92,170.802
TX-115,67,2026-08-21,18.06754187626707,10205.23865078928,37068.24350792766,43.0853501969314,172.3363439068414,934.7924423665615,15.391904452162263,17.109199211667747,0.05746757371246334,0.4765730052548903,0.003935169037802471,34.66762335816784,57.07934184661731,14.062115368296041,68.47504043268584,78.20308654980141,0.048284743993282364,16.9,167.225
TX-115,68,2026-08-22,21.326113085119374,10693.545166978494,34376.02356867728,70.93436460630382,193.33904414599496,929.0638891088462,17.277093416043947,13.420925078152097,0.05665267509171248,0.4800669935613412,0.005205840375905561,34.847898979850534,55.41253454804103,16.267626635165968,71.11918647757977,79.3936284269352,0.05890329495498826,19.07,159.3045
TX-115,69,2026-08-23,15.919689499835943,10489.082365630855,37528.26381253732,77.82997917800566,185.73265951639883,872.4691709103793,22.92742175239906,15.628337026656995,0.10361913179544795,0.45700203298130226,0.005951485323688625,35.716373586152784,53.15108825262563,18.204965082240967,75.38573500005214,79.11788826809365,0.05667780812664237,23.55,142.9525
TX-115,70,2026-08-24,16.602120680586708,10220.441069474331,32633.940081529552,90.28019712394541,221.36014954460248,879.1262767023804,23.756509461806097,16.090453437042456,0.11655345685113412,0.502546824327854,0.006894753841227556,33.53531838657936,51.76001898157359,19.432469148432833,75.48763694354163,85.46867092661292,0.04842901174803855,26.31,132.8785
TX-115,71,2026-08-25,13.357634180984826,9180.46250041882,34454.0669992542,101.65799937489372,215.2201702749822,788.0651534675184,28.52154675742581,13.051158357740572,0.09757703717410675,0.471559180917123,0.007839234818357535,35.094074717541844,50.05169160290032,20.295057816721346,75.62349512286627,81.91084795543647,0.054610690275555554,31.3,114.665
TX-115,72,2026-08-26,20.83541774021213,10328.17013191448,36891.38721811998,117.49702433082317,207.7375719791475,878.5585800059478,35.817337105646914,14.955365345482143,0.10217267962594298,0.4687804049004014,0.009068226888700393,34.82651290220112,48.40673596262233,22.396250308911583,78.15922106424611,78.92745315328376,0.05554955859839213,39.49,84.77149999999999
TX-115,73,2026-08-27,14.981746822172614,8956.5375249918,36027.45598759002,123.74979372337366,198.27524350599413,929.6837588207824,42.69849125424949,18.684645602900446,0.0815756342625717,0.4342068561818768,0.010048168902198663,35.24242775403789,46.82324873086955,24.432054876456426,80.75112212952078,87.70476619845934,0.040054146078690886,46.45,59.36749999999999
TX-115,74,2026-08-28,13.067520193913243,9893.869875498292,36387.94301155093,140.75148053547846,201.1063365204901,1079.6942264191966,48.550664004522325,13.694013205397424,0.11356177748581828,0.5494021595566381,0.010762911378381356,36.80896756876533,44.994580996555854,26.572709143813004,80.5577055131645,85.50238027574804,0.0638381174885561,53.98,37.63700000000001
TX-115,75,2026-08-29,17.89387219264508,9205.154611769694,37700.63612717509,134.3399601193262,193.51075741798346,893.7246484507419,51.69523838001723,11.056976168450094,0.10890796010079391,0.5546704817562517,0.011844707717661156,35.64790981314179,43.354496093111365,27.171792576902387,83.24629171470032,87.74614495848627,0.043642932744618494,57.86,30.459
TX-115,76,2026-08-30,10.426257184812723,10061.19934586075,33973.837158062976,161.90870525264003,201.43494866135774,961.3821392069597,56.71699870894281,12.867518287868503,0.10963607124807104,0.5517578191038227,0.012899324616160064,36.441844030265685,42.51616326746703,28.936928395258228,83.53070220527763,86.70224446480563,0.052837952118219705,64.81,17.601499999999994
TX-115,77,2026-08-31,20.75603009372127,10597.932105359585,32973.10038752672,166.70616343684597,209.83348860613694,761.6077118688683,60.493777878811365,15.309255688217323,0.10335350099868038,0.4080590533268624,0.014141308458568591,36.086962703498415,39.99068093324066,29.586366808344046,87.20754473704315,89.35062030155866,0.03331377497834784,71.05,7.790000000000001
TX-115,78,2026-09-01,12.284636423659144,9802.073281905696,33278.34589842763,165.02890445552012,212.68951876534766,811.221967536272,61.54573908963611,17.260784274100658,0.08707521217223305,0.5425791927172129,0.014161214639729443,36.21614096464657,39.97977620033423,29.38158568051162,87.88387154986145,90.8829019677692,0.05240849541434539,71.26,7.747999999999999
TX-115,79,2026-09-02,18.440382486329685,9818.995570492443,35998.829066502985,163.50493029338892,181.42332651469965,823.3245304070593,59.111508684455984,17.210665087691982,0.06337144712309964,0.4818575390153652,0.01320299322711725,33.76787060656231,41.12976527961256,29.284717000869698,83.95326694632814,89.47629436987721,0.06873459068380937,67.97,11.755499999999998
TX-115,80,2026-09-03,13.079978410763053,9133.518605818885,32196.12790504175,144.2634346826957,172.90519429815436,995.0371660384933,57.714131032410926,14.935457546770113,0.10594608491918917,0.45995398320516145,0.0125373403027776,33.80692700326295,42.45211307778085,27.679255206743473,85.46398973077793,87.67784854315829,0.04466795413508591,62.95,21.042499999999993
TX-115,81,2026-09-04,13.87850389752057,11490.673990460675,34971.107826529566,144.1222603116571,191.10888776452245,779.6261958569978,49.29843104632964,18.702173328817736,0.10672079061960053,0.5451700474863427,0.011870458803351214,34.79665783075829,44.8610037848453,25.38277957878472,79.35393607518142,81.94377721333852,0.0554284805083654,55.0,35.75
TX-115,82,2026-09-05,14.546750167984962,10545.455650326281,34484.76512296304,128.9105346270943,228.8307801420092,811.4426960239539,45.93946453189976,13.264367367523814,0.1077448385335608,0.5641795507232594,0.01117579962856561,36.81483752029042,45.90354563800619,25.67730373598085,82.43770763097761,84.46767071590578,0.04849711121981013,50.78,43.556999999999995
TX-115,83,2026-09-06,11.004035921424865,11228.83433441523,35787.34018770469,114.8787137214573,233.63120441681446,949.1570065963552,43.94250057632628,15.10865014465611,0.11467464574870445,0.49829210927216866,0.01059158377265299,35.11971675653395,46.85864848108525,23.2285210478436,77.70324791431896,83.11408379121166,0.056396065150354724,46.02,60.93699999999998
TX-115,84,2026-09-07,21.00012915484808,10526.314869818283,34585.49621917081,115.19705376795426,228.2539622832003,824.0021448787576,34.94067806388706,13.450721132500359,0.1180055078647555,0.5003300220112246,0.009876845110356877,33.69708712635217,48.31011548996971,21.49255733848411,77.48542003670643,79.87534112478336,0.0678960559579308,39.27,85.57449999999999
TX-115,85,2026-09-08,12.99826270130702,10501.554611827618,36593.05270679536,103.57219079233103,226.7163376320845,886.9102255778749,36.112454186340074,12.492460233314683,0.07577940739697855,0.5584522482394391,0.008839796279473464,34.85754312406208,49.667230095870345,20.96923549787227,75.41974755513473,77.67277218375658,0.04888401011999664,36.09,97.18149999999999
TX-115,86,2026-09-09,12.502254510012698,10044.75679540648,33127.405666844934,86.56224360550507,154.74773512548893,913.3805850800776,28.78675270030929,14.359518682497786,0.1138879394652859,0.463895215639797,0.00825581003514929,34.9321530424413,51.19899049732421,20.71182536889442,71.38428255121636,75.34611287198166,0.0465357927816004,30.44,117.804
TX-115,87,2026-09-10,14.965435153465211,10817.575797008592,35399.62174983432,82.68595974145262,187.50413832302704,917.8605135114677,26.839784713963546,15.059312081416714,0.1129789114173109,0.47498830798765335,0.007345604169996584,34.513585330718115,53.14306186439469,18.197353926207597,71.28054438932993,74.4946141907978,0.07679162711194167,26.24,133.13400000000001
TX-115,88,2026-09-11,13.296173144438063,10147.001429102347,37076.01515211047,67.19938589565899,180.11217721388533,1039.0538649171806,22.775488198806382,15.637380905946117,0.12901044800261877,0.5385116586911868,0.006682133169339425,34.02336913424648,53.222928052166914,16.902785497163425,69.12751671417412,70.13929902910786,0.06766563194495447,23.99,141.3465
TX-115,89,2026-09-12,14.528336140827564,10493.75898036558,35440.078094573466,69.73973703265234,215.06090974122654,903.6927584970449,18.182784563403377,14.96925499787564,0.08549205457715317,0.4316648431230692,0.006094233220580517,34.46648148663562,54.68075198272337,15.827304334148321,66.27409768030978,67.8107640662125,0.0673829535180845,20.66,153.501
TX-116,0,2026-06-15,14.902756809287297,9980.015455424333,34165.930043547145,25.543538602801718,192.1805679839301,862.4290108547737,2.69581791213355,15.553000136477394,0.1445245596594847,0.5665882585168682,0.0025825758407865542,34.43230869096596,62.51203235620679,12.227275816369167,67.95909047515929,78.66163166438524,0.04656732783789853,13.4,180.0
TX-116,1,2026-06-16,17.158492855818135,10242.465276809238,31463.62700117421,29.39175211203675,217.50995006957754,922.1937290555111,3.234735485498898,13.497152345710102,0.10512421212809363,0.49518286944045303,0.0019389640296190677,34.320743571966624,61.37229353199474,12.345468582845681,65.73364332481803,91.40627729993261,0.05473799169517463,13.4,180.0
TX-116,2,2026-06-17,18.601490062930182,10136.466413780548,34293.672623976614,24.72905992698299,204.95153523597955,686.9208369634794,3.1362335379455955,15.630796785989727,0.09564864840305845,0.495381681953731,0.0016246491445822723,36.385603620070725,59.494123565835714,11.027907253596632,66.63398319570047,75.88604886232267,0.04641665215472409,14.01,177.7735
TX-116,3,2026-06-18,13.607899903417678,9997.180653629344,37691.63194107073,32.384851855239894,199.49743340388608,968.1947100576992,3.013765945564121,15.8031045516707,0.10302255463973341,0.5294890209006923,0.001866756747737919,33.860657136437425,61.3602722256222,13.504928317812965,61.72435674872091,76.43433339317255,0.045511298106957226,13.4,180.0
TX-116,4,2026-06-19,17.650136076002287,10123.322867414192,41654.944572859895,28.542325643857016,230.99331209155042,1030.7704516280908,3.266798729525032,15.074166638756388,0.10189675394980058,0.500510242605283,0.002339989913723942,34.12736370292229,59.75852404038316,11.71781404227649,59.82141673662812,81.87131927809929,0.060629193813933405,13.69,178.9415
TX-116,5,2026-06-20,13.0973446993153,10515.066228327372,31832.68455792543,30.181638854024133,197.78416227628537,907.0198966719673,3.0412725851260483,14.845916673557177,0.09224454169167944,0.49456470157711174,0.0024089663717304245,34.421281050091096,63.383010019779704,11.364835547286757,65.72017765075074,79.56965202535918,0.047082440946465576,13.4,180.0
TX-116,6,2026-06-21,19.14708963735311,10272.605891689002,34590.195281832115,36.930563470838415,180.06136241770722,854.7613184371876,3.2812852159638712,16.60293285082907,0.10645243770310903,0.4936403838921608,0.0019245667796171362,36.131400925975385,60.36059197430436,11.127761227599299,62.21029291041472,87.10769050075143,0.042812383880112374,13.4,180.0
TX-116,7,2026-06-22,15.81819320125444,10675.453217368533,36084.21458155898,26.29840083486632,180.11918246240938,1049.591077827709,2.4794177040320062,13.89346153219752,0.1074500727723573,0.4890560775461757,0.0021721415614686865,33.532227874575476,59.684400924140405,12.677688747342552,67.04321923105192,70.42037378956779,0.039782899554021665,13.78,178.613
TX-116,8,2026-06-23,15.641139322256622,9343.768677187978,37568.54119192781,30.886029962023937,186.55869917965632,815.6398874091126,2.6834716671038135,11.876137864644516,0.10989558140409963,0.45985767045230286,0.0021199015285268187,35.53754571746237,61.44899584782423,12.251847596994889,68.37570311349053,86.0888834779181,0.05258215170489987,13.4,180.0
TX-116,9,2026-06-24,15.955579724675879,9721.263100525734,33024.750598881976,36.52173195497706,212.6716712909014,954.9463244999223,2.7046451966172547,18.247843007224485,0.09542772150990605,0.4599079643590664,0.0018278977624410478,36.57119161671924,58.33342856098531,11.248877489943839,73.69552795579362,82.528301890599,0.04266944154574787,15.4,172.7
TX-116,10,2026-06-25,11.755657923963621,9163.651403325974,35194.22829244309,33.76383444830131,230.99462757813887,748.4813135069251,2.3373092487136162,14.760898844866253,0.1557534011171814,0.5442951251198752,0.002111839932126523,33.77507640947345,56.8200220513519,12.038849685590518,64.70189153253425,72.85753983558983,0.046195663323505436,17.22,166.05700000000002
TX-116,11,2026-06-26,12.754937938680605,9511.178936482289,37779.01559645633,25.703464461049442,195.1575685427643,896.8737515427067,3.3531401675156474,13.296339317607243,0.11956136043000547,0.4710166819223361,0.0019514308492230754,36.64309858565982,58.546158430351994,12.720904712440674,68.01383260417865,77.4791824179226,0.048824691778148264,15.14,173.649
TX-116,12,2026-06-27,21.377112105246503,9993.077302790321,35408.155000065606,28.46584534184105,203.76403320373788,977.1294382965164,2.8623473295444115,10.782939077472552,0.11027140365633642,0.4460832779445593,0.002222562932587752,34.998675268273296,61.41466365496727,11.051656232082788,63.39433638849702,72.27971179205319,0.03517717797382905,13.4,180.0
TX-116,13,2026-06-28,18.334260626146133,9187.288541944334,37194.62723595635,32.28284487219938,196.8269157472984,927.6092918907823,3.1588666441651614,14.199144176843959,0.10596299628719606,0.5365591664258503,0.001716595190053695,35.34619495233957,56.06051235562911,10.070400100099938,66.69357995466929,71.6573661452464,0.041465618275064814,18.13,162.7355
TX-116,14,2026-06-29,14.840923579329159,9802.024172562888,33022.78440437404,21.977980686766966,161.50297931749608,959.1033908207884,2.788750223761341,16.939098627869836,0.09134699670793878,0.5177484976251687,0.001962378667629641,35.0444467288591,60.13955521591646,11.554293243168521,61.311135461361594,81.12905396458963,0.06593546792192057,13.4,180.0
TX-116,15,2026-06-30,19.977646229922073,9723.36504446601,33533.65848405866,27.414186774859232,197.41124702730352,895.8031228698956,2.501035770871348,12.040528306909192,0.10099884613014797,0.32347954495517284,0.001969802954205257,34.05525239158894,61.170231789919264,13.047634877105146,68.2137372807438,72.2284249496749,0.03864855988036589,13.4,180.0
TX-116,16,2026-07-01,12.556223049400144,10143.8053415907,31708.271049917617,37.16571972895844,194.37726077224463,940.0138937954348,2.1092869431315795,13.148035948483301,0.06188641708687242,0.5510594746900576,0.0019519385780374942,35.57130495343623,60.09512052349511,12.46847505391236,63.98767441877442,73.37163528420875,0.04908267581190758,13.4,180.0
TX-116,17,2026-07-02,16.216894964781684,10216.059210609013,40622.87376801469,38.61835618613868,165.4765520284105,888.5515617658195,2.7970520798672514,17.56026096162,0.09368504074797569,0.5232144438723333,0.0012988815109159643,33.48639918860672,63.13843976865369,12.050244398208246,62.00461992959294,76.94296696978031,0.03946941046547485,13.4,180.0
TX-116,18,2026-07-03,14.14987937431295,9273.691030377993,33422.55756441314,28.141035369549908,223.52758037094944,937.1236806146528,3.3192620179710466,14.94845069727204,0.11645698196739171,0.45632403653283793,0.0017801882165054987,35.40759107145688,59.581278914959235,11.98615415163717,64.50759416625621,85.02760331649182,0.06305552932678873,13.9,178.175
TX-116,19,2026-07-04,13.121502718308758,9120.065326554633,33577.00619822472,25.750291351605643,217.81042723820863,973.6397981419567,2.484462908481011,13.490990482890302,0.0704197782548979,0.506718926176138,0.0019865250717747774,35.789121817438925,60.74569694183915,12.610202971056182,60.373993880642786,69.98939170726194,0.05948897304743204,13.4,180.0
TX-116,20,2026-07-05,13.384271644612067,9186.21706276548,36615.979159743314,27.36114037697579,222.4900666327767,898.526822332775,2.8613902785494614,17.726381782246733,0.0739468876172566,0.5717110589815545,0.0018081932013362233,35.16236986031601,60.25773029313837,11.572880176437504,62.71366192976918,72.04142248827888,0.03985437316207201,13.4,180.0
TX-116,21,2026-07-06,20.88588192884409,9759.43451465639,37317.894508859885,35.39570341253179,208.5577878773883,889.1456772746975,3.0968909235401902,16.144339534508333,0.10200936921193098,0.42166255046781825,0.001454506605124968,36.50898822381177,56.047929145176795,12.195685153626851,64.29506595651975,76.2864091668328,0.03860033258765963,18.14,162.699
TX-116,22,2026-07-07,16.05203246380237,10103.008217087536,40522.02349455951,30.922112119839337,228.32576157282583,780.1051459641566,3.51004765902269,15.45254660591369,0.1053947736805617,0.514178427173019,0.002511901451392892,35.255104465722575,58.82381692622134,11.384061960728554,67.45138248159412,78.57964366576103,0.03469526337972982,14.81,174.8535
TX-116,23,2026-07-08,16.543925471577914,9458.828821596655,35876.516039528186,26.256814962262045,195.79329108078713,856.4153233768432,3.759456491617692,15.80369550062004,0.12522226004614662,0.6447606281731442,0.002014041602578982,36.50199018630122,58.9508165016108,13.254878109929377,62.577473457712316,74.85267894768303,0.05536877656835091,14.66,175.401
TX-116,24,2026-07-09,17.08269369017183,9363.724178936956,33265.95615228441,33.35420881631187,194.13046084802497,788.2121192910897,2.9645116327463055,14.762056987752457,0.10353829962617807,0.526462066047365,0.002139695407725006,34.23182690549141,59.38375729693076,12.927788693287827,63.37044539887086,71.83926353072751,0.03495730919743821,14.14,177.299
TX-116,25,2026-07-10,14.913958589696293,10172.635232380277,31049.013563106113,24.958079782094224,173.11210374043137,963.0681789626994,2.043824363276642,14.84263080577463,0.11435724309891099,0.5093910824559675,0.0018680124009683146,35.34646838677567,61.55545995074671,11.892388389445811,58.283188301198095,84.18186233716526,0.0540026465506031,13.4,180.0
TX-116,26,2026-07-11,14.900770904972713,9009.814075882006,34403.3827936659,25.94431880737859,177.2829395290214,889.0840455439826,2.7320165572511823,14.059802394710069,0.11479252733192208,0.5127786070059674,0.001851345553065066,34.37761877915021,59.31771214431052,11.752555769898994,66.75215055312754,66.65951896298802,0.064584392175056,14.22,177.007
TX-116,27,2026-07-12,16.754315973382916,8631.036004563019,35170.69846885709,35.53776144214354,209.44450928953884,867.012723222547,2.9694541101775247,15.356639896342035,0.11539176509246632,0.429245257593815,0.0018184944940290355,36.63857812806748,60.049420834921406,13.52790213687808,73.95677911335275,71.06372154553551,0.03802718858639329,13.4,180.0
TX-116,28,2026-07-13,14.203407867660198,10549.496358824366,37477.791743552574,41.706338918651184,200.9961470780093,939.044521244199,2.6441151745227263,9.986030101244765,0.09920694604703152,0.4423122873130146,0.002193007160977901,33.11860667946084,58.89100066392369,12.267679203640458,66.11708650223937,74.62048602019146,0.06867345167931109,14.73,175.1455
TX-116,29,2026-07-14,19.708390907427347,9657.83625346704,38218.81933557272,39.16983200442025,199.31607632149993,903.6322498281727,2.9746392234367005,13.710001223685271,0.0890866464082106,0.5659661286198298,0.0021312128429451043,34.44581045293813,58.611005891466824,11.241889601386525,64.50843433389525,82.30535909845807,0.0413991883057627,15.07,173.9045
TX-116,30,2026-07-15,17.70510770440976,10098.478374160648,35285.68388506395,35.50017876880134,218.72316449915445,787.6385685942753,2.4579931770957817,14.540967002649209,0.10711945646062371,0.5682287827611663,0.0020195202577587214,36.70369629872484,58.939986729171125,11.462421345720562,64.08295248641912,68.46217979493582,0.061594044819480415,14.67,175.3645
TX-116,31,2026-07-16,6.690507264972116,9748.215534308187,37296.414560396996,28.821978890328143,223.37558588462068,1075.8147315996916,3.0401923235178785,17.337868537989486,0.14838275047382538,0.5201045353605235,0.001985581043783509,35.90246531742506,61.776325130058424,11.96118470612636,63.54846902431772,88.73916254637065,0.0472938554227788,13.4,180.0
TX-116,32,2026-07-17,18.581186311446775,10131.43363660142,38653.930315317,26.150714949999344,184.96011477573052,968.3589121464003,2.4348303467113483,15.233256924979178,0.13096818465919752,0.41075839305331996,0.0021206417835825716,36.21174538932427,59.96113850241978,11.072907169634185,64.21217597571797,68.29184170820754,0.05069158225016442,13.45,179.8175
TX-116,33,2026-07-18,14.169883318943233,9743.369738768259,35932.294789923384,38.30389594148584,208.5980067312846,1007.493245635501,3.7894124488902263,13.826719395363625,0.10549717007982388,0.47875261779256884,0.001555350847647171,35.35576086871885,58.4217755729273,12.484303275598878,60.33236575057634,76.36794399582084,0.034292669957270705,15.29,173.10150000000002
TX-116,34,2026-07-19,17.02159429911578,9803.309963205262,34020.41378492897,36.05321535469596,195.67205212813448,908.8682081658504,2.90069189651554,16.014784838686285,0.12085889844525192,0.541781772844565,0.0018599994291328711,36.20904696860582,58.62547295531967,11.257518086621994,64.61659779256371,83.37440361767031,0.03829848580556395,15.05,173.9775
TX-116,35,2026-07-20,17.67445243241596,9972.626452591012,34132.53295282773,35.92209619782333,186.11190525665955,1082.8540922999941,2.9116791057288585,15.299683408462084,0.13085810032157183,0.5087964839290157,0.002356660663525213,33.046841532531026,59.33610443974356,12.396733778422591,68.24425789287022,81.15757246608727,0.056760321079328914,14.2,177.08
TX-116,36,2026-07-21,18.183173527063584,10237.509826703963,30713.631946420246,37.65645389625452,185.4738881875584,925.0900005891332,3.0905023805835996,15.0946552381397,0.07787918631229926,0.4030653368082603,0.0016992863280210883,35.82623843724434,57.830067206153736,11.119719029991996,66.2541399613987,66.78060260105842,0.04456951810252427,16.0,170.51
TX-116,37,2026-07-22,15.245464548210277,10141.32136956508,32905.54810364305,31.16252548419436,210.26614956371643,798.1439580774357,3.107421488027914,13.566833540510663,0.10247830361372152,0.5361539501503573,0.0019471222938147994,35.91341541597905,61.186220976360524,12.907830095259493,66.209329819554,83.80613512351525,0.05385095303530245,13.4,180.0
TX-116,38,2026-07-23,9.998218900970123,9603.96467162013,34577.48586679809,30.034068921976427,209.50569602937162,835.4438499871978,4.00435435227471,14.79508338104337,0.09984624407884325,0.4664625446432813,0.0016989869719460195,34.873696829431175,60.04132608628423,11.913095903504653,69.96546782911236,73.98952518897735,0.04914070725562297,13.4,180.0
TX-116,39,2026-07-24,17.445886435432616,9914.4670855354,36078.678137461735,24.08733374477645,176.98989676047987,909.764685156447,2.8841912072140747,13.381950436873895,0.10243703468049965,0.5104550047087489,0.0017870309368485454,34.481204175595735,60.324924824164334,10.97892154868037,63.187901397674956,79.27148112446933,0.04976163970007653,13.4,180.0
TX-116,40,2026-07-25,13.568391468132361,9548.465340508972,32973.5772964552,29.83615329674331,242.9909039852082,945.2629313926318,2.333567878552624,16.41443233479791,0.0848222678420478,0.4997571311696684,0.0018233418186548703,37.022754812874,58.29883813242763,12.31361225613546,62.94402858724625,80.9106246350127,0.05293453820062873,15.44,172.554
TX-116,41,2026-07-26,18.763657938456074,10359.058897327921,33612.93226225298,45.08831685936518,213.64504253151165,855.9470440937191,3.10277019642311,16.261667253538587,0.11185588957870476,0.5248014048808389,0.0022899446461764113,35.868171009602634,58.728650750645855,14.108054104007238,70.90666345265065,81.40771916191896,0.050386967175506205,14.93,174.4155
TX-116,42,2026-07-27,15.167657648134169,9838.11780260268,34611.23155007701,19.585755164810227,233.20365525476043,994.1962913303058,2.161656603783796,16.779975829738888,0.0998457078423614,0.4900476930342166,0.002147852452569223,33.257212810662885,59.983126226718305,12.079481176798367,65.24134689369855,64.06008481302179,0.054469159643756704,13.42,179.927
TX-116,43,2026-07-28,18.17944498818626,10203.665732043302,34541.62417764345,43.97725352149957,184.1687568226754,961.8761040376603,3.121636852840345,19.02462589934688,0.10773499631829418,0.5300577622497531,0.0021517150944692777,33.94167747114226,58.69667931993919,11.72433212336932,67.87214845243761,76.86477390953027,0.04793265113310109,14.96,174.306
TX-116,44,2026-07-29,19.116599403346,9008.785119593947,32408.359739677922,18.06142479918996,226.88832897072734,892.2619084341563,3.483145889346396,14.781483333935249,0.12046367337053922,0.49366238419129665,0.002122973427529366,35.26351349081127,60.50656093483195,13.68473722020784,60.126726460277986,74.45293315301822,0.05197987214178029,13.4,180.0
TX-116,45,2026-07-30,15.144861042090948,9801.057389723306,33930.56743117958,38.206870319162164,201.36956343951869,1095.03572271179,3.2641374931874245,14.42068886844863,0.11105357680929269,0.5054466435218856,0.002402599780081817,33.83227768060952,57.29822102487813,12.36098101048333,67.50708769418281,77.28724359694344,0.056724751789690914,16.64,168.174
TX-116,46,2026-07-31,16.57631058816076,9259.799902335164,35562.479407613035,37.15307362756715,206.28119064477625,795.2033444036148,2.8330714409525757,16.113513459426457,0.13591260565596106,0.4021826959411363,0.0021083696357306436,34.06779244336988,60.761590644508125,12.587831258978543,64.30055835011181,80.05279361833041,0.06139895716484215,13.4,180.0
TX-116,47,2026-08-01,14.506284883729334,9331.41986641751,37851.145642155476,34.72501787251728,214.18284651947477,844.7226680704998,3.4927179371470563,19.084851286576875,0.09757379339502488,0.5047246349895256,0.0016804428038910888,34.28045799844911,58.38814592042555,12.13082252989655,63.977663141825424,77.98240205330134,0.04108099162592484,15.33,172.9555
TX-116,48,2026-08-02,14.497330350702565,9523.231887478942,35375.1431553956,22.432295345182276,206.0011503776697,877.7015776970796,3.090482044461245,11.695466653484164,0.11309431347871002,0.4850628553703213,0.0020651338146085575,33.129925738922786,58.1359000856491,11.60984583888826,69.12650041553043,79.21817078744076,0.051298750413904366,15.64,171.824
TX-116,49,2026-08-03,12.227075502154197,9446.86752520063,35553.310381930925,34.1097366034543,207.210932591926,1036.7645766470184,2.6587691383819045,15.358739881549894,0.06613650551794197,0.5105522760333616,0.002440811964006589,33.958491117388135,61.26319731294309,13.441039746365501,62.930861675505554,78.73551755262412,0.06579631744808609,13.4,180.0
TX-116,50,2026-08-04,15.691425486838629,10393.357498755817,31452.101281163985,33.60434601398151,213.4380717109911,793.9030347231367,2.5178356730148916,16.208003604396335,0.09394576191366054,0.5555969194484653,0.0020932180791516345,35.056455566542276,59.74432645016548,12.292682131934514,67.40879711754846,79.27080554416777,0.04576991339591018,13.71,178.8685
TX-116,51,2026-08-05,18.718311157620814,10328.84711973095,35770.467783280386,31.0895225347836,213.1561745253791,753.4656848219931,3.1206546371906176,18.28036585913211,0.10439973373408933,0.5041738659353486,0.0018212347083582784,35.49272728021696,59.707388388992776,13.309299782390589,62.40914092595753,71.38156052586373,0.04399121943094389,13.75,178.7225
TX-116,52,2026-08-06,20.503737266134266,9905.117169193798,33903.84507425717,20.19043718805112,184.9896098659012,942.2307954714083,3.261937870795669,13.697593535092876,0.08808688200733829,0.5929935534032332,0.0028089139287665434,36.1497725901185,62.33891983094204,13.771425263118786,71.64371464971416,72.58457711674119,0.041217320372599967,13.4,180.0
TX-116,53,2026-08-07,20.500469349414715,9517.852991029175,32942.80781155753,25.627609761619325,200.6509891593284,741.2499302838874,2.2834452882200305,13.755322412333319,0.07608149372349865,0.5531205907012295,0.002001994460455295,35.57702192093611,60.7012952689409,11.793226910233615,67.96439457568,78.61718308146351,0.04681599726877852,13.4,180.0
TX-116,54,2026-08-08,9.948270416658051,10260.329196200897,32477.3932439482,32.56957207848339,204.91855342610356,791.170465276816,3.129198520517409,15.38263887386095,0.10389895002790184,0.5073498458644349,0.0018042835441630578,35.59160913410036,58.96851630857001,10.92540908599174,67.0239011129943,82.49144480712646,0.05606198099947766,14.64,175.474
TX-116,55,2026-08-09,14.378415415612679,9030.267148041517,37963.380341773955,20.905042514188345,215.12387645903522,1068.8189480911299,3.074733223971552,15.58246608919693,0.10758641899227002,0.5099083669829992,0.002705184045182153,34.156835147271416,58.54691003008035,11.672498933173811,70.22249477774453,70.38498712817146,0.054302982517907966,15.14,173.649
TX-116,56,2026-08-10,18.213025623745946,10389.491809962556,37036.147683126066,37.78283483195453,209.62914912250807,863.4360881342611,3.073609445280247,14.321893077741134,0.1504310396341813,0.47336716735243584,0.002144942301343892,33.49913440086336,60.19922758968212,11.712896144568722,67.02705615753328,80.6140242829173,0.06416998472293325,13.4,180.0
TX-116,57,2026-08-11,19.012708002444967,9966.847535604984,33111.22771499523,26.569744505222904,209.58114078712111,912.6228890709677,3.1289632953906428,13.929779387327036,0.12874474862624052,0.4263658088840057,0.0018228604455046828,33.92289289136913,59.686540215485024,13.246566409397957,64.13673829055234,75.8118186861914,0.05664242856425237,13.78,178.613
TX-116,58,2026-08-12,13.994050925905716,10191.313832130621,35501.51150366408,25.06360295110838,194.30193971366262,928.3668490461395,3.6410960128286427,17.562520584516356,0.14190974060866657,0.524272857797723,0.0018760056335946883,34.936047668121674,59.829352772554586,11.592119786764155,66.14886603038647,78.43590797291317,0.038262425030575045,13.6,179.27
TX-116,59,2026-08-13,18.26451014332388,9081.598197462781,34555.03609415259,36.47659915382205,215.79794247867184,871.4420939218355,3.9844117567254913,14.119852995387646,0.05996098061903439,0.5226369844172217,0.0014664459333669814,34.16855147155853,60.93412539759389,11.539142334101548,66.74182852325885,65.73520534448261,0.05858480024262071,13.4,180.0
TX-116,60,2026-08-14,9.927160526214648,10659.31580397926,34049.287526039574,38.39818866648441,186.9017345013825,1053.9812225374749,2.521169442986412,11.412102639990625,0.10086206552238487,0.5616994519548009,0.002237236553788579,36.16297126916385,61.215780296822345,11.17973211104433,67.29925068525581,75.74267161881976,0.042902686797936504,13.4,180.0
TX-116,61,2026-08-15,15.538062262317762,9971.837098442222,37831.98503063775,28.180382359983472,192.54149411071012,844.1089087695273,3.9484242348212524,13.71462715133513,0.1259367646489001,0.448430624991925,0.002151987146658019,35.26250939863047,61.850052687382984,13.088378824590466,65.24567013122974,70.70339256453687,0.06624961639101923,13.4,180.0
TX-116,62,2026-08-16,13.08915764498952,8866.138112562805,31282.869086983854,22.69183584578042,215.74962386074017,1077.1574081315619,1.9800196641240027,13.43489023367089,0.10178051589576417,0.5772753482835277,0.001763618744254319,35.590799822483646,59.624866127379946,14.607161632915265,65.43362086289983,77.84551018516262,0.05084256959264665,13.85,178.35750000000002
TX-116,63,2026-08-17,13.755940296919139,10474.935204451029,32681.944893478423,20.76970385689598,200.89368680428268,965.2450976529984,2.7096115524001396,15.372981088646329,0.07558607357206544,0.5531331655147078,0.0021955728897813144,35.01972831911821,60.253094681837354,10.606424736704948,60.953320028664194,74.02406860981331,0.055137348107254264,13.4,180.0
TX-116,64,2026-08-18,16.69313601282381,9818.533562943008,36490.75671258286,37.8958467636209,202.18609729948054,924.7731125289422,2.896072934832937,14.747387382062977,0.10339128645916655,0.5851632144526933,0.002274582913173665,35.82518443376218,59.31938570062339,11.101824851208292,66.16860632286813,84.94996251179813,0.06723404398532815,14.22,177.007
TX-116,65,2026-08-19,7.642088432202894,11223.194146296708,35833.97389649537,35.34891421497439,169.22242978286593,881.0475330588276,3.411423958448604,12.650504482563072,0.04223377260064913,0.5167752676151623,0.001985065201051155,36.44133708787684,59.76012228617308,11.913281206917505,67.0930325169105,83.26816348477185,0.04291251567340557,13.69,178.9415
TX-116,66,2026-08-20,17.83349627873106,9739.133086535192,35033.043207453156,34.17048437579461,220.9859051863491,925.4651925123779,2.4597223364834004,11.259490581529498,0.09624088023551096,0.5485642429354882,0.002134909232419323,35.24203300738004,59.98946016530027,12.309101843471687,62.017726469138246,81.24161455332225,0.05846306458422149,13.41,179.9635
TX-116,67,2026-08-21,13.934203474970163,10218.50381532582,31566.90107125999,31.72924850921688,201.48253942796774,1000.7386325496385,2.9006786214074696,16.73732902676189,0.09217654977634998,0.3856949642712449,0.00193233910375693,35.19675725511344,60.22625625553276,12.165950505273479,63.4806373929033,72.4101793940398,0.03873656155419467,13.4,180.0
TX-116,68,2026-08-22,9.010183003472541,9946.770498310054,33509.59383500377,36.240560091961,160.56723725787583,923.2815039315434,4.0607436324369734,14.634307136964988,0.09994503818635916,0.5213173384985745,0.002151355837161718,34.591492663439354,58.48755568492776,12.65272079755053,59.275815837749064,81.65782656040328,0.046082014759318134,15.21,173.3935
TX-116,69,2026-08-23,15.009255462261448,9737.196064375814,37861.765247043244,32.09880900168797,197.83401759058202,872.0077683486604,2.9259214326660645,19.793880353067557,0.0736582328604073,0.554144109048287,0.002170431586126987,36.53981175241208,60.94360019278729,12.003363000366818,68.06008288586114,76.83815059479436,0.05754956030606311,13.4,180.0
TX-116,70,2026-08-24,19.284658391457686,10046.259986911242,34151.23003669677,27.64706941092189,213.34145181277222,829.7465272843186,2.8250975178596702,13.06486247659536,0.11016678236837729,0.46239221147105447,0.0016139801262857435,33.88922457708114,59.143367458613554,11.519699181103226,65.7543579366605,73.70701369045489,0.05370310793757705,14.43,176.2405
TX-116,71,2026-08-25,16.351837573625172,10370.249755714267,31184.350846386744,25.242385143019806,215.49024445793657,916.9129873570583,3.48846647677726,11.911964742963226,0.09049690854011101,0.4851810031782814,0.0020499691363965807,35.03587737453543,60.70361667302592,11.885346038826818,69.11700881286404,88.52967422537732,0.03882103246600653,13.4,180.0
TX-116,72,2026-08-26,15.135333630790605,10398.997137653552,36170.6559634186,28.851657145693746,209.55167404179656,773.3233348311094,2.9904290607759574,12.07939259099597,0.11015957928064637,0.4442021025950459,0.002048909952430401,35.319195590421565,60.113795833640125,11.368047137068231,64.36889524932913,84.44857334567777,0.0457539160013842,13.4,180.0
TX-116,73,2026-08-27,15.06429032083684,9721.605597770582,37040.85419907614,31.29240241077582,189.23676250559998,900.5700206825403,2.879484059259259,17.785164221793092,0.09910624986987931,0.43086255558095876,0.002149589970934858,36.78608743336529,61.79539633431938,10.897066341214746,64.19381556702469,74.75453458108173,0.04981451141439308,13.4,180.0
TX-116,74,2026-08-28,16.142885571536517,9827.949496173534,33168.752338838356,35.67462348512161,182.10678736748287,835.8306767167257,2.4351094904594364,16.224424870904354,0.10212942618829664,0.5441751809852324,0.0017644419751231687,33.74698688296502,59.33414856679466,11.817502713239422,65.62728892331019,61.54086693369821,0.05478730863283675,14.2,177.08
TX-116,75,2026-08-29,12.317283785131451,9676.29217494125,37347.41906228284,20.012010842913348,211.09001589423576,925.4982904053987,2.5906075115746217,14.105991358167957,0.12442093604302569,0.5981461771985513,0.002319417760065337,36.88587166776047,58.96300211299868,10.419915933540487,64.84213547458113,81.43886908884538,0.031452498938830876,14.64,175.474
TX-116,76,2026-08-30,12.2206294520206,9592.302453493563,35713.127124774044,32.078466156529664,189.19862621882177,914.3848958152635,2.4275974076183324,14.147150374768708,0.07470421494618568,0.4924881086102593,0.001759853222342793,35.69037502006857,59.96071939391361,11.773257248217508,70.30437310698382,78.06630541614909,0.046318459163680714,13.45,179.8175
TX-116,77,2026-08-31,13.24879395874175,9409.413697034375,34868.23222909042,32.490809317267306,166.476188176902,790.8813178417257,2.7419486053665683,12.803638568212893,0.10086514972051878,0.5091076021453442,0.0019633077896201007,35.55017432138416,59.12263158364812,11.95409513953946,61.99005924549396,77.27695765834012,0.050759081554863285,14.45,176.16750000000002
TX-116,78,2026-09-01,11.40439503466445,9922.470312397623,34924.35625346594,32.37017438908712,211.18794449635558,842.3051248845059,3.381822328966357,16.046111357678516,0.0855084081958905,0.44286514774928143,0.0018055545064117268,33.52835205236935,60.31200976811127,13.183559923075821,69.26463817377784,66.28526865859018,0.0578680426038026,13.4,180.0
TX-116,79,2026-09-02,15.253502633625555,8802.029826949967,34335.205702695464,28.759072824622425,229.1037986224386,830.3236392816755,3.2815321735961325,14.785823330026016,0.07108381993428077,0.47239073457209807,0.002459489438016711,34.82662945129895,61.35880058922537,12.851054287725178,63.65520844634529,64.73262019072013,0.03848181670943037,13.4,180.0
TX-116,80,2026-09-03,19.355001127572244,10075.868705959107,31532.35773804085,35.15966404709415,169.21228168739933,833.9100605136031,3.0406471862867703,20.040838159804654,0.11632002156707068,0.47588051326916736,0.0020084942888030687,35.91970921660227,62.132794936249496,11.752360503241057,64.34414919901968,68.35961195528647,0.056651586806116185,13.4,180.0
TX-116,81,2026-09-04,18.07791597828577,9030.657541435123,34206.38797226676,24.93500456693837,208.02931251748882,800.9643020437975,2.33992947472362,17.247038561421896,0.09668811729293628,0.49700469189499635,0.0021295055380955007,35.97081896198896,59.37211075113723,11.603685396332793,63.82380041847766,83.65207116263302,0.04931864870402538,14.15,177.2625
TX-116,82,2026-09-05,14.126705064277969,10195.4482159341,38662.50839955746,31.386023664705597,199.68409522340673,1055.4398814392237,3.66490082112562,17.369650012996036,0.08998626491565012,0.47000861079530154,0.0014497536639899583,35.96491688785425,60.11549572555741,10.199112122968474,68.60554280623631,72.30119236611013,0.04785919559296537,13.4,180.0
TX-116,83,2026-09-06,10.461092108996791,10246.099220303211,36003.54005155367,30.78704344571851,196.77014737728595,1110.1174110803001,2.3983161320173094,13.55712601560658,0.11416513475686792,0.4492780031668433,0.0016735379250341575,36.131518646429335,60.907787587411335,12.484137977094278,65.5454745471127,69.4627728289051,0.04747328896214527,13.4,180.0
TX-116,84,2026-09-07,14.762775554211494,10423.108176577694,35851.7147311731,26.40013715089267,220.98761694818177,765.7195160051868,2.8397890755328365,12.715903245832699,0.08285793111058555,0.5963293139019783,0.0015587977560735822,34.18080594400702,60.765602656977315,11.529997240094549,65.46667319230393,86.43639706148223,0.056546278576634225,13.4,180.0
TX-116,85,2026-09-08,13.593952949828077,9933.140260299604,36061.212019571605,34.22667657700513,205.67369352822658,928.8487200045927,3.1807912201898074,14.815546891989737,0.08789524787207176,0.5371297799010833,0.002087538638474093,32.919020284222746,58.76124672046969,11.51932838973347,64.39660592975856,84.63155935783863,0.08202325903747537,14.89,174.5615
TX-116,86,2026-09-09,7.623537066526454,10152.203179816417,35139.17224053342,30.161652070442386,216.17929597627116,911.9830992463585,2.8192830121806063,15.05848532771922,0.11113133329466139,0.5230735632257297,0.002056589692285906,34.41655237224718,64.2287143248376,12.35951331118825,67.28738968200841,70.93758037711156,0.05189573694162871,13.4,180.0
TX-116,87,2026-09-10,15.544824230401622,9044.025105792567,33566.67847930751,27.40075751683081,193.37323608068266,814.412869187113,3.0219280181504726,17.794717227796816,0.10260977399468113,0.4409364772164042,0.0016907288290403208,34.62294885079051,57.87659022815705,12.304457083960859,69.05929660930033,70.39276629813969,0.05076133906778965,15.95,170.6925
TX-116,88,2026-09-11,13.713117936986382,9685.186074361589,35379.15213584495,27.772320063452703,189.2762286952526,770.4566894456462,3.032294113869323,17.134018789905404,0.11414617577084678,0.5745996665374304,0.001797645363581128,35.85080938737335,58.346051072231795,12.709258645727894,69.93256183697132,78.98705202489691,0.06661811616943741,15.38,172.773
TX-116,89,2026-09-12,13.203804005772044,9932.884467243312,33168.63260965248,31.27517005888997,210.89958049182587,902.0828050105916,2.762930526347042,14.01856847858727,0.10690341183966745,0.4920356534824918,0.001654459098449339,33.102713954026896,59.10676726960369,10.617731263283538,62.4932900344118,71.61355799204848,0.04853900827109468,14.47,176.0945
TX-117,0,2026-06-15,21.5736033244845,9369.448483201017,37418.4249158808,29.187159951535953,186.84947217318813,947.0060808313017,2.77356122436583,13.386070627121128,0.13579619804497214,0.3902769976865865,0.001926537852352281,35.19007162049412,62.11203379976638,11.601569102154516,72.98304573300501,81.07295249078598,0.026327071892455305,13.4,180.0
TX-117,1,2026-06-16,10.63895181309731,10118.467000395885,32712.267485286142,32.7480665020126,190.96990572872417,804.3178876897048,2.5177053130277423,16.703827210159382,0.05954092912184389,0.5522637412582782,0.002322361061842363,34.66859319620544,57.89333603573908,12.555864209099063,63.54092204847128,62.87905855410344,0.06909140227946062,15.93,170.7655
TX-117,2,2026-06-17,12.346760112233646,9263.92455663496,35570.10163961514,29.678563376189782,229.81277017290807,869.5583779934107,2.815021841649157,15.670456464392325,0.10399035842442764,0.5115018857452,0.0020815854491403225,35.164616294895524,59.37527555156727,12.832677596768901,63.920307791631345,81.43480238081966,0.06387762088278554,14.15,177.2625
TX-117,3,2026-06-18,12.967377397989182,11202.241709334554,33574.77418964883,26.499759943153222,210.93332081193705,935.3249923515793,3.035907612755007,16.636502175954373,0.10505260085006592,0.6032870998750075,0.0019840323746380837,34.14550637841377,59.17243605470745,12.471324381729522,66.45785505996628,76.65180825534216,0.041504964279291415,14.39,176.3865
TX-117,4,2026-06-19,18.325944359832146,10968.49532834414,35058.45064379057,39.08862583093685,217.50312550492134,1077.4949739717335,3.2363220452842727,15.273206151545757,0.11684802465959268,0.4783207500330363,0.0021221352163578915,36.3307164466199,61.22926568357826,11.969042341928308,65.6012467822947,81.06141425041429,0.057244466097898745,13.4,180.0
TX-117,5,2026-06-20,17.250193149385595,10169.71905270981,33350.91072112425,26.718737074989885,209.44584226557154,966.5167535607252,3.3509681120074193,13.64956656729786,0.09697665262034741,0.44128606678068705,0.0015825713961185517,35.081479300326436,62.03723454705342,12.099804000704813,70.72440628662108,73.6871682306171,0.050312172081468966,13.4,180.0
TX-117,6,2026-06-21,12.026979326942556,9826.378008331456,32620.12353276118,22.326715251403808,176.8083826863568,906.8220071972838,2.631646859882193,14.000254365275719,0.10819741139449325,0.4225600813739264,0.002024310817625731,35.84807543597905,61.40183923661935,12.516567049753338,64.84345318942225,70.01008882818363,0.049176412467595444,13.4,180.0
TX-117,7,2026-06-22,19.960389683769954,10136.533101273462,34786.23625935148,32.88076579061468,201.3059947352879,918.0634360543173,2.876641422634301,14.17012449185059,0.11992000520393123,0.4024825154803647,0.002143580521024477,34.52324701349873,57.142181304253896,11.025390577547585,64.89186173210639,75.81183383336312,0.057400044555134457,16.83,167.4805
TX-117,8,2026-06-23,17.424054703634837,9226.64251838639,35755.00717270278,33.71392209754628,204.73446357080337,940.1953188165379,2.0337395967634677,13.019570021168391,0.12732094004764236,0.4860145838929281,0.0026669311744207504,33.721577588418334,62.34565836169877,11.389294387015356,67.58730794884508,72.63694067606555,0.05115678147905278,13.4,180.0
TX-117,9,2026-06-24,16.786629922254754,9693.323369280064,36602.21278974959,28.750733775628884,203.9615112204561,688.3862883992974,2.8313323627881957,17.527083976703288,0.11389354374237404,0.5443272807171862,0.0020159953033584265,36.67627450289107,60.43265807485315,11.339899917791623,67.56542262532284,82.38078687590729,0.05629591224767452,13.4,180.0
TX-117,10,2026-06-25,13.791198337609979,10140.736086034953,37786.649721999456,32.47675276052171,170.8897632063588,849.6989030024389,2.662367329870387,13.491353176238503,0.05777431395509895,0.5945288763892231,0.0017371137160971388,34.19605169045699,57.087437317409275,12.866428984693648,64.72740544133211,72.19269115933682,0.04701998647552784,16.9,167.225
TX-117,11,2026-06-26,16.76341317680087,9759.989244662456,31022.197874631514,23.64022336194444,173.62008579950927,922.025427312847,3.465009520266574,17.9316112597403,0.06730211165464162,0.5310135046126293,0.0018154786423386735,37.92345807781554,62.07533119597686,13.70189541213449,67.40731946073991,78.05510557180155,0.0459741702929608,13.4,180.0
TX-117,12,2026-06-27,13.202037567524485,9599.947456521177,36235.15131612401,37.90881734149179,193.39785991378204,842.2120952013631,2.258248297428759,15.489383336787032,0.1245853496203304,0.563966366135991,0.0024135316220770687,35.4154066129951,60.13528295599485,13.282252262014753,61.6698162135422,71.47324058771716,0.06710848080367281,13.4,180.0
TX-117,13,2026-06-28,11.776183430725537,9982.770933601112,36262.66121141545,30.529196401076785,223.5668682546578,1022.0542535073516,3.2398321601395845,17.780125451514856,0.08142649071072362,0.4921230382640354,0.002721557353978108,36.9429304211714,58.08459117401615,11.987237591491203,65.40822387957017,78.3322056380059,0.0627404266170917,15.7,171.60500000000002
TX-117,14,2026-06-29,20.51747724881332,10018.708087797537,37243.9715932608,33.36558431878766,200.20040395605835,764.1473460508226,3.509236810019525,16.210387424437364,0.10779178460226689,0.4509367047492694,0.0025877411819817935,35.152471882448864,58.28793663677568,10.697679620195599,67.0324172013917,80.65799791792223,0.045369898433533506,15.45,172.5175
TX-117,15,2026-06-30,16.387875483990882,10333.803171268839,35279.85044199384,26.626798577338928,219.8946398936498,967.0105048392953,3.28384002002468,13.33253624644405,0.07337935012991402,0.5038261955202886,0.002278871337984337,36.0403728809619,60.876572751149915,11.549545821886545,62.58737780001746,74.86506536002626,0.04992616008708308,13.4,180.0
TX-117,16,2026-07-01,18.321885879596046,9760.142801839438,34206.70144675135,40.41735996222867,231.7364670320618,829.3775647068728,3.734375949473514,12.756236506862177,0.09131882568380814,0.4839878251090076,0.0019767225131756072,35.61975633719763,60.15970997742889,12.61472735438537,63.79447741231925,77.99378099152199,0.050789668384782334,13.4,180.0
TX-117,17,2026-07-02,10.835009776692702,10241.505104345533,35192.11073697257,26.581756833687184,192.259681129756,867.974340418061,2.8775407627875853,18.517916241264142,0.14180508877964784,0.36369806583276115,0.002146452319047162,35.95495136850919,59.6758848329813,12.928090084781806,69.96250306613824,64.02526407852733,0.051337618862249926,13.79,178.5765
TX-117,18,2026-07-03,20.87024153133917,9381.117349500886,34769.535317756905,27.918218638002468,221.8388798939581,995.2996757757033,3.081163679071775,15.064418593820363,0.06561704308957385,0.5711501260572301,0.0018940501053929318,34.85767494154365,61.45739970392934,12.197599675482287,68.01152585123448,79.8272810877238,0.052037870608357385,13.4,180.0
TX-117,19,2026-07-04,15.931328185410699,9438.613626711794,34702.03974100129,35.58934054692872,182.8727254385452,842.7779137041503,2.5601878563104647,15.306761193812106,0.1280505770554213,0.5273579997189032,0.0013469112260420853,35.64862500014089,59.33686491811999,12.509382352476045,64.55149947399497,68.11634755009011,0.04928528408357708,14.2,177.08
TX-117,20,2026-07-05,13.67558969887536,10153.857474111031,33227.98990604235,24.554156303724316,215.5316648299414,988.7071601093144,3.2900288964582423,13.702454330654168,0.0851986012996705,0.46587553834111284,0.002267118478925129,34.174951141858486,61.326060764444144,12.636903157457468,68.71318094460125,83.50522463190467,0.0554265558228125,13.4,180.0
TX-117,21,2026-07-06,10.593956449899645,10305.064187928454,35230.94678406472,28.32063716101712,228.17901422911567,887.8931464392218,2.7352755415251293,17.248112335853932,0.0918981461944439,0.47102533896886534,0.0016618537693298538,34.179823978587656,58.898415989126,12.621047522315454,61.94278308394407,60.137288992785386,0.05303229800561488,14.72,175.182
TX-117,22,2026-07-07,13.098146123507123,9991.866541061885,37564.83195153246,30.553529864482474,231.17145297690257,894.5482503174394,3.503478240678255,13.905145535825707,0.1021538130077114,0.45335159986897716,0.001755740267824582,34.77533357037751,58.00719891815457,12.159359971738866,64.09172005341635,76.87663944893558,0.03686809015474489,15.79,171.2765
TX-117,23,2026-07-08,17.105196931953273,10848.806832735696,37973.066198511864,39.72423906016766,201.8721519541288,871.813771733072,3.2437917699350183,14.523560461674807,0.06519125701783385,0.5409649756861323,0.0019296794361273065,33.53264722425515,59.237576602116604,11.788339847499639,65.0354975547117,75.1907599782202,0.06369019745094523,14.31,176.67849999999999
TX-117,24,2026-07-09,11.134378532602797,9923.927913549946,33242.072314845864,36.49444794751403,189.83895132837375,872.4936129988483,3.524847682680689,17.649549644887742,0.12945247075760896,0.4178443452170799,0.0021448742308064132,35.27011694467169,59.923160781679925,12.066568111099022,68.8573218168751,83.30871381635693,0.058969132266560025,13.49,179.6715
TX-117,25,2026-07-10,15.620742595447373,11135.295389208197,34198.754312024044,22.142699885479196,195.8076545534346,904.6190195884534,3.651592048858928,13.978043872967728,0.10982460148058149,0.42613778628104637,0.002324425370879209,35.068319414455914,59.5791658927387,14.13165242408996,68.20972123883031,66.68126497165716,0.04890608225343975,13.91,178.1385
TX-117,26,2026-07-11,23.208958620012957,10989.408393270614,36845.92626056839,20.996166564135965,227.80004168412796,849.1851869785381,3.661758967090008,13.554663028890161,0.109776590924594,0.4679858686791172,0.0018910159074351646,35.62219663610796,58.02165236499322,14.37241803407957,61.91833559836388,66.33479819155423,0.056251337679286244,15.77,171.3495
TX-117,27,2026-07-12,18.87582340986771,9838.148616708877,32857.0615651578,25.62841298427052,180.6011462185673,924.6543704158943,2.9650069399584096,15.851665217810632,0.10729738855214838,0.54121561441635,0.0018770167940391754,34.26179526112558,60.23444110255134,11.94500999060012,65.75885604307867,69.30629647179016,0.05642217289452464,13.4,180.0
TX-117,28,2026-07-13,11.464880163417655,9779.807670302367,37258.0826665327,24.592633011399357,222.2508999457535,787.2720501510709,2.2073870628504175,12.012275479947819,0.10233612334491073,0.5364797875221464,0.002387778231166722,36.212870757136784,61.29404787738339,11.16821654814218,62.47848939812029,81.30233857215629,0.06421308439974402,13.4,180.0
TX-117,29,2026-07-14,11.906577360269,10646.999669694553,31159.325063421482,32.207733554994135,199.21439507106993,883.6648204130419,3.015635565349847,13.292539625517138,0.10892156203110795,0.5030334240396376,0.0022805934447009918,36.59039039666212,60.190375369062195,11.181281633961541,61.586302618037834,88.58601454527857,0.06570372990634522,13.4,180.0
TX-117,30,2026-07-15,17.662114831449433,10029.926951063288,36630.33112059694,36.78933526941984,188.97590227821834,902.3836241796238,2.446882231537944,14.74187674874525,0.13088547093004904,0.5539273894212204,0.0020405020404229857,32.306766883338696,59.0163110468441,12.102405964866104,64.35225974095454,75.26218065030648,0.05242589921243072,14.58,175.693
TX-117,31,2026-07-16,13.398957722721008,9996.2345250944,34701.11322566631,26.75989530466954,238.30629645502827,861.8833155255123,1.8728953936441555,18.566531720171973,0.08307448030985122,0.5449954174572018,0.0017957340712978533,35.56927813559284,59.927778960007196,13.00033083731368,64.35888728508607,69.7574407394265,0.05257019851896215,13.49,179.6715
TX-117,32,2026-07-17,13.85252480559893,9035.413573300582,33796.99854071297,44.6286538018569,164.9965867578392,919.2839858416746,2.8785519858667126,18.67283979036248,0.07777923371548726,0.5050651718140108,0.002205859305158039,34.8207053303552,58.84867041835554,11.97780383308633,64.071511268413,72.50157999511819,0.059307123465545036,14.78,174.963
TX-117,33,2026-07-18,16.208848749818866,10275.88343865715,35660.59236566584,35.093111198444035,227.55374001414805,877.0629411842905,3.409734452937066,12.407623408853121,0.054938880647305816,0.5913202516972695,0.001899992467929954,35.25247283996302,58.16217630615549,10.728656286401915,62.86116832530377,80.14318183857404,0.044834571993875263,15.61,171.9335
TX-117,34,2026-07-19,13.992628650295867,9627.744460633241,37331.576178620664,34.64525952475809,191.83008244145,954.7293012312293,2.8773814989604913,14.324901509247882,0.09900578450602705,0.5321616982437691,0.0017323401455318012,35.50239461755066,63.746731459700335,12.183121180355206,65.10715427582946,74.32665863524922,0.05478211661668925,13.4,180.0
TX-117,35,2026-07-20,10.16878840528151,10850.542153109092,36962.37390860804,27.088930400656764,202.1884933931231,855.4121440134584,3.149617511946006,15.122701726976723,0.10457267111969842,0.4485839224739147,0.0018555369481983222,36.146057912900176,59.19931296150365,9.356505465150857,64.548108844454,94.29192888369519,0.058488776627816146,14.36,176.496
TX-117,36,2026-07-21,13.247562582168632,9974.699111447708,36359.71873998593,21.539151147395188,184.4808702861164,931.8677500263797,3.7972432869054478,14.121353636651826,0.13134034745195133,0.4622838202333199,0.0009843462014747918,35.74381084024992,60.81059841451614,12.736184283467914,67.09131461622,76.53400043542473,0.04741184816836721,13.4,180.0
TX-117,37,2026-07-22,14.337934868009322,9769.79929916452,34199.218472786095,21.27413652945448,177.36039264009577,886.9262961499262,1.879566509661167,10.984320353961293,0.09331435653076539,0.49358345418474936,0.0019059933949906538,32.62009266864692,62.32859283491089,10.563769332121995,62.54551678857451,64.90585612160383,0.0629903086304951,13.4,180.0
TX-117,38,2026-07-23,16.264260366121487,9763.378439425735,33912.68820813052,31.23617676494291,176.75996694828584,930.4591521717008,2.725677581299166,16.039278363893466,0.10971445022973306,0.4703194190820252,0.0013841865442433493,34.75317476155714,57.82579042591627,12.07863468589337,64.23028439936004,70.29604096096095,0.03704437719490543,16.01,170.4735
TX-117,39,2026-07-24,18.56036753709669,9773.158852535904,39706.70172756369,30.521758920640586,208.76734160048633,903.1369755504292,3.1707858649250875,17.185374666122957,0.12208452661490887,0.4116696143921989,0.0022566492198841073,35.49713941858966,60.053838298880784,13.712550923475717,70.2583004550768,82.23677015911304,0.04456466012271403,13.4,180.0
TX-117,40,2026-07-25,11.422550607123203,10377.200066083402,37719.067117101535,20.212722344429224,223.50595036880776,879.6107570118389,2.0954985827927866,15.938792310459938,0.11818773306947722,0.4824325671266282,0.0016827936105190582,36.71209092689427,58.997044520529144,13.159472317418366,60.460849024437934,78.32804038123002,0.05387507157658493,14.6,175.62
TX-117,41,2026-07-26,17.62024801952672,10746.491696617039,33372.7405767292,32.96878529039169,174.49320945866071,789.7668039621901,2.7108327092196,15.818654545212391,0.13353735640290126,0.5929472794916953,0.0018935326012773236,35.30553445859283,61.41450819793574,12.765382688475626,64.49162976928156,75.60884030364177,0.04889819078304512,13.4,180.0
TX-117,42,2026-07-27,14.374878161472587,9829.29478658696,34760.68301997662,28.344741301895905,179.16070534082417,969.006422643815,3.258128866955869,18.75318748633726,0.10739036040538602,0.479151992564703,0.0018120693859918866,35.04736606734953,60.82931274506339,11.755289395809822,60.58922759438806,69.08791749953508,0.05018025015811887,13.4,180.0
TX-117,43,2026-07-28,17.220850979458305,9257.088119144155,35530.16690124334,31.488309639862692,192.88203003699152,853.0462224599114,2.6318381293110233,15.281612606730665,0.12253637325495562,0.5598892244745485,0.0016628058958344575,34.8130218193311,56.70973529652307,12.10918431102117,66.79294376039341,87.5676894844319,0.03213542612675509,17.35,165.58249999999998
TX-117,44,2026-07-29,11.735820234058126,10072.068400937815,31763.22326705075,31.252673021634827,214.41811223830084,797.4969820837553,3.066292685024236,12.575578129969896,0.1275085173787661,0.5103323046230096,0.0018079807913098903,33.761858619700014,60.58372454029537,13.357935502102416,62.68548827239442,71.4828426714247,0.042478592992918104,13.4,180.0
TX-117,45,2026-07-30,19.66647771315644,9045.67976551621,37571.18644560045,28.514522103946724,200.5702603335869,872.7492280226257,3.1198004407410735,13.540402490120453,0.1211676627317536,0.5549498521397053,0.0017049772880669768,35.66746696553404,59.46525920965032,12.051633490061427,69.57545269205282,69.6077266564135,0.05926549439829587,14.04,177.66400000000002
TX-117,46,2026-07-31,16.37137553685691,9902.985930274559,35734.80713505765,31.651472441570853,178.8799978828382,851.462092510425,2.477373807520461,14.446762457022613,0.12690070592136435,0.5290513900813222,0.001570223276749919,34.72663231292068,60.35043729137896,12.74408848030621,63.047698886245946,65.10054540988617,0.04943657096225584,13.4,180.0
TX-117,47,2026-08-01,16.70708901309423,10117.423243316598,33230.64503891686,39.19140712119202,200.11525472108184,915.4968218721614,2.669016299138917,17.21301599672909,0.11143693785102149,0.5157331714580284,0.0016545035530064049,36.094030226618266,61.135354459465425,13.014933397539199,65.11108807307046,74.40111068914692,0.0481790711825287,13.4,180.0
TX-117,48,2026-08-02,21.83699383293257,9728.776866038896,32627.510313153172,28.56093255303521,191.47352700343174,1000.7877469178069,2.322003800691803,13.877418303934563,0.10381046328477728,0.56341464273174,0.0022139396919791435,36.61901735061555,60.518689351181735,11.79638051992197,67.56666958451659,64.06271253982868,0.03290114975755709,13.4,180.0
TX-117,49,2026-08-03,17.92879078374399,10105.283412986942,36928.007622888996,26.174251471326205,227.8762443891482,953.628710177032,2.984439809242176,15.414695833584155,0.10693855787873388,0.4571633915085105,0.0018844956345845547,35.331122347445174,59.362299125876646,10.530581125478346,65.8846662936167,81.68827339141832,0.060685346289237954,14.17,177.1895
TX-117,50,2026-08-04,16.59693169061553,10409.153625428315,36975.01813979986,30.843293027127267,159.84673605437536,992.7824973340038,2.5533408540786633,12.738246235711197,0.07793185093367629,0.6242288966042984,0.002132164305903294,33.958383591727284,58.97487535132739,11.999275024207668,66.62721133311902,77.2343387034572,0.0407139355897215,14.63,175.5105
TX-117,51,2026-08-05,15.95143963103478,9694.406095187853,37093.83004142833,30.735397230430504,187.08288913859315,955.1163301005602,3.1916224848925117,14.050268600994979,0.11460184108443677,0.5314558555156985,0.0023605466595228524,35.71013853215618,59.67907967939665,10.309470157269532,65.55993978454012,77.7344338007974,0.05051196941854723,13.79,178.5765
TX-117,52,2026-08-06,5.967376793234212,10339.414979177025,33175.89948394225,33.89142855553198,236.3277669922379,879.7761935234199,3.2192420162410578,15.065555572590014,0.11051167159706805,0.5051722552327488,0.0018449059066495575,34.095057782182906,62.385698580236586,12.438552984723112,67.49154475583089,78.19250322257867,0.05975768114049475,13.4,180.0
TX-117,53,2026-08-07,12.312098153217654,10041.59072223482,36010.97222925068,36.9350627555511,255.82009587308528,932.6014897633934,2.669449629923874,12.60871382659773,0.08190370532761264,0.46129402778303313,0.0011296752703043532,34.32434498794017,61.07511105200721,12.07539973918813,64.22412619908833,62.024378794090175,0.060504099795852986,13.4,180.0
TX-117,54,2026-08-08,16.535439872761188,9993.534177698273,30594.961575239086,28.02675253732888,211.077442977581,897.7146098159357,3.0959690340851704,16.37089232313641,0.10309477950709786,0.5324837516496032,0.0017469352729144003,33.77722824359697,60.71604102340994,12.682408461538165,66.55692138748282,76.05268942977328,0.04675959061966702,13.4,180.0
TX-117,55,2026-08-09,15.632958021655769,10189.649969332753,35878.59489524471,43.52521311736624,184.03150096107206,1158.079449931834,2.3715894540858553,15.771337452821205,0.07610314838143938,0.5153121888698664,0.0022946368474561253,35.032582679843024,61.45962064344782,11.57631778859773,58.85040757703374,80.01367306031402,0.050306383245151694,13.4,180.0
TX-117,56,2026-08-10,13.561158114359976,9794.719233779047,35813.163470357234,26.425751127137197,209.99697425636984,995.0909615165564,4.030035072306528,17.809053075524528,0.10323490865933208,0.5128832549952385,0.0018799254418564572,34.53435652338404,61.30804769769068,11.692489941675728,66.09829892326907,67.29992394075347,0.0637031264930552,13.4,180.0
TX-117,57,2026-08-11,14.032630009049228,10543.98958533248,33592.35364545114,26.72376342868733,229.0972150863123,849.9193988251582,2.2160498748141513,12.920118926517219,0.11713417361996539,0.5380310271625929,0.0017712496751101047,34.36828129880104,61.00952373943895,13.315920545192737,64.7936013815847,79.43390732349461,0.058734330665479895,13.4,180.0
TX-117,58,2026-08-12,21.459009695539613,9422.142009399768,33662.553183472395,27.983849500061204,219.13156382747007,879.8465822359068,3.156122919362199,15.243685906349526,0.10003474251781365,0.5053698287193182,0.002308970214478628,34.02941435106094,59.77731571360364,10.784722254200489,65.67967078439493,73.43576911407648,0.06069243132567896,13.67,179.0145
TX-117,59,2026-08-13,14.985530338351811,9778.080433298497,34506.57990385455,39.14223751747496,171.2239700284211,849.7987119507527,3.0180040220000337,13.727147106839865,0.10981363345527917,0.49717572809445426,0.0020767954707891037,35.11782813527829,59.84543191065403,10.709176264776511,65.52827728758092,60.89272931284743,0.04328039018370157,13.59,179.3065
TX-117,60,2026-08-14,16.467615858067965,10594.843767854214,39698.832250563675,28.39274683622285,185.3675910368135,941.7826840688151,3.9349844074143254,18.065489585521814,0.07929841589516237,0.49297454062688495,0.002255110184943627,35.91971115243636,60.88779288576857,11.551251415990878,66.74889565372199,82.43480643901594,0.04067979924349465,13.4,180.0
TX-117,61,2026-08-15,18.990707697331658,10495.979756982335,33516.077000936624,35.16746614884443,218.97685814492496,968.0922122218961,3.7879865272203403,14.97907644186032,0.10663042631645817,0.36806358724199084,0.002334746808972313,36.01958641759019,62.03405145717709,11.06331959283047,67.88613615738535,83.14999437150364,0.043490833872604315,13.4,180.0
TX-117,62,2026-08-16,18.167893280892166,10231.520355516484,31603.97645254193,33.47422138820075,187.41494916068962,765.9254468310754,3.183276637783321,14.869338593805077,0.12807627142061814,0.5090859560520244,0.0022335557980211057,35.50880936605015,61.531436032039196,11.113592654959755,65.59560989033805,73.87411277542242,0.05653683383838771,13.4,180.0
TX-117,63,2026-08-17,15.767439230292492,9692.981067007084,34324.13292016297,38.8032311073498,168.9165654590508,956.7491765492267,3.620723148366508,16.157674305004775,0.1394201650259599,0.5469257823537611,0.002115237114121309,34.53327044158211,60.604001170771404,12.681681920188094,65.01050127308083,69.05738712604345,0.03795777333993555,13.4,180.0
TX-117,64,2026-08-18,15.556220656142917,9259.841896109214,34056.91462108497,18.410915489075037,219.50845980972167,992.323736733695,3.03947403013122,18.662918063719598,0.12694773504432547,0.5239892857573605,0.0019660356917263347,34.65060188111675,60.84373661153998,11.858773159105713,66.64469060497235,79.97962891066277,0.04770420752189855,13.4,180.0
TX-117,65,2026-08-19,18.287357446868967,9885.724371513794,35042.67709729065,25.690895120641567,197.48025591145847,1072.655876478033,2.5498067155648902,15.875424720748205,0.09091017695510867,0.3893049249242029,0.0021676911269860526,34.4438757410596,60.478561824512006,12.989718962571871,65.70379515256427,77.62639076723597,0.041320600761929255,13.4,180.0
TX-117,66,2026-08-20,17.12047608257388,9905.157993104864,31003.142785398937,34.7236405446271,225.59674906398755,1018.4897964446777,4.085411501203112,16.547069095255516,0.11027944235537081,0.5545773870977534,0.001733901455995435,33.32803056885515,59.28448678724336,13.277244177353015,63.01670260344667,78.72488470127296,0.055732973027154846,14.26,176.861
TX-117,67,2026-08-21,15.732795412325746,9361.18382241578,35685.41149222436,28.48855136113139,237.03881724347,990.9502770348171,2.8068534620429473,18.531472956982608,0.10687422818583722,0.4164181734278927,0.00197650841515809,36.63527792796227,58.770242245777105,11.931760094864268,60.92046104670859,65.39093626771883,0.0416576025609605,14.88,174.598
TX-117,68,2026-08-22,11.317805265625577,9690.862957648773,38476.56656900206,30.42485612868009,218.73652881161985,987.325521352647,2.4457817675640943,13.33697517514811,0.11531637454921728,0.46828584972432274,0.0022098761514873903,36.677322421037644,57.816925668883904,11.643065837156525,64.40518588186717,70.78906839143663,0.04392025993334449,16.02,170.437
TX-117,69,2026-08-23,13.523637555754922,9992.374637019093,35329.76960326743,35.38117345069451,202.568222811198,989.453995784078,2.704099961625864,12.59727432477676,0.09390491931176163,0.5231246327285995,0.002258140010943427,36.46023358562254,60.43530045597553,12.75302600583383,69.10633810214438,68.76602481489128,0.047898590006090806,13.4,180.0
TX-117,70,2026-08-24,23.312739631598866,10428.194471151288,36021.40061739274,35.091473737912295,176.4015546686312,848.253885713467,2.493851060260977,15.837216639418331,0.09262067870179447,0.504769424456521,0.0019066951258103527,33.373594072514365,61.327464655731035,10.237803562862059,62.817059782186064,64.4762217600951,0.04120258829793104,13.4,180.0
TX-117,71,2026-08-25,15.605575688459231,10617.51148030141,31878.0100221326,27.845879703583073,168.17871311658595,851.5670379444718,3.0359460343164737,16.53415513430513,0.057628760270557924,0.5275275909962261,0.001708207997278396,33.78380922280643,60.10123154263762,12.627146304497568,64.69863579460112,66.2549548434232,0.048990189988571395,13.4,180.0
TX-117,72,2026-08-26,12.824464399500807,10302.01623747745,37150.715662605195,35.69813002831565,202.8091304098586,989.812854764979,2.4895098566892004,18.565732664849584,0.07946835845203758,0.3984940404824716,0.0024096309228484104,34.289865578797375,60.175108323757826,10.969191953075722,72.09081022202136,89.57454136046051,0.06546553931224362,13.4,180.0
TX-117,73,2026-08-27,15.265073211823047,10490.34961487518,34893.89587268262,36.2607270846631,195.0364144898449,1026.7763532589533,2.769563843375471,14.305418191349379,0.09066942050616292,0.5096226182358341,0.0018835412471222433,35.48725556920696,59.27851952489797,12.790788521184032,69.55510105432569,75.62037715036037,0.07218328434769848,14.27,176.8245
TX-117,74,2026-08-28,18.3825880286151,11069.11825588745,34877.60214589632,22.35132463008353,189.17035867228498,851.6690647866187,2.523487275618978,10.608190707402015,0.12049293481424514,0.40699904191177944,0.0022786637851520924,37.18554996946985,58.83250009146846,12.387570491134033,63.80410312611582,81.61660757419823,0.03805589213494867,14.8,174.89
TX-117,75,2026-08-29,14.604626761228419,10560.590131865956,34902.25894034427,22.52438247152391,228.1706728925328,796.3219271706917,3.039367071607109,16.165288593718017,0.10239700636470316,0.6268718571083459,0.0022201440233215832,34.79764987925299,60.903994356896895,12.209944628607357,65.13310823781582,76.95029754986182,0.04565913024587891,13.4,180.0
TX-117,76,2026-08-30,15.638704990889718,9747.254430922054,31207.607484351374,36.37742424292149,192.07314939684775,911.3109629866236,2.619788801743602,13.539527675636117,0.07922021725462192,0.547414847893675,0.0023569164792182503,35.02593456456561,59.1950134048526,10.30692993564881,67.38629355251548,69.58754344672563,0.03882739327564441,14.37,176.4595
TX-117,77,2026-08-31,15.087790264512634,9832.937154433157,31963.891601228253,23.781718464888872,210.157470794916,847.5446931559093,3.255129287348189,15.29306261295345,0.12095083932605802,0.45839274580083617,0.002069815348251503,35.63827458987396,59.060673771145225,13.127203255636124,60.00116692525606,68.33647202416289,0.03296312228863088,14.53,175.87550000000002
TX-117,78,2026-09-01,12.792375080027382,9922.707972279737,36663.001438052466,29.917770060489133,191.5636343558293,776.0621763052261,2.3929106772958253,15.620411901023738,0.11762909522367745,0.4790389027897526,0.002363304356847384,34.050082600920845,59.41418907179571,11.693854420219333,69.58824136491327,76.06927301440761,0.032015672107423156,14.1,177.445
TX-117,79,2026-09-02,17.854962915777037,10922.963788313944,34500.51855579729,26.217710400289057,220.80075842128892,1057.1411709374063,3.4243658769764593,11.753987293074792,0.11509363630744829,0.5202103693888509,0.0017136109029682314,36.288817845949296,60.65752672316873,13.314958592565933,61.81557154965838,78.19022195492019,0.04104905248261655,13.4,180.0
TX-117,80,2026-09-03,15.743000935466835,10738.612725127447,32147.164536741457,23.867016495761593,222.66960505237225,898.870178005644,3.5856316130762753,13.385430450074335,0.10102381185565437,0.5344064409957628,0.002063060057012072,33.211252671337775,64.23389738432842,12.212324481902515,60.97874874339045,77.51359914032194,0.05429145043439499,13.4,180.0
TX-117,81,2026-09-04,17.981770723745893,10463.572450529444,34572.31090920696,22.110524139948186,212.83187355171947,768.6067156536224,3.6076223015927904,13.534484068969963,0.11269920669311026,0.4671915594078069,0.0018523893013630325,34.19903018340579,61.07412229044105,11.378653019280433,67.30559626457345,70.23847713017528,0.04768581747494645,13.4,180.0
TX-117,82,2026-09-05,15.106694819877728,10076.9108029575,33151.59133089377,34.24886110843908,198.22233019080676,943.5120589844407,2.9918858651436198,16.172907800849796,0.09177316504039702,0.4605200955062814,0.0021280574703316756,34.506266164200746,62.188179674619164,12.067656702211712,60.87910616661551,70.31627237266119,0.040006954600164096,13.4,180.0
TX-117,83,2026-09-06,18.218756341144925,10386.770296429313,34877.913407993394,32.189091657737855,201.9400268459174,968.8321640547774,3.259915821411831,16.399951408445194,0.09616308039640907,0.46842200976487613,0.0021995189255072617,36.5513403487142,61.65901565840016,13.581658703880153,65.48609554662195,67.24007126124997,0.04118812840395525,13.4,180.0
TX-117,84,2026-09-07,19.138709536541178,9069.028239064868,38009.51341134586,26.809450071838818,242.20591646482313,894.3518566655168,3.361285411128177,19.770092796532484,0.09339704397888694,0.4826533488447714,0.0017915482402777823,33.998216730800976,59.50526351814711,11.445159137641395,61.24922910760332,73.31615113457623,0.054497865694317436,13.99,177.8465
TX-117,85,2026-09-08,12.31228379721431,9918.775097636695,37813.00894913042,23.658867992432352,242.41596357045444,846.0781141623199,3.100452050596267,17.558326331393047,0.13168680428779003,0.5234910351806761,0.0017916483446675084,34.21718872722954,59.13766137216853,13.889256543464455,63.8505634817518,77.58901930124749,0.03956242772668782,14.43,176.2405
TX-117,86,2026-09-09,11.530968309272492,10013.196112025487,34350.5113139098,29.50689568536431,174.2457235268127,894.1210181621854,3.7746350833167384,13.293924000573151,0.11794870415506814,0.3267818306235026,0.0017592964413740155,33.089609345423874,61.85430558341448,12.878777724962477,61.897000189607084,77.31421720962099,0.062017094292909886,13.4,180.0
TX-117,87,2026-09-10,19.07157506869724,9797.104669513392,30582.28764066806,26.281624423637965,219.1945131782476,1067.9115339086704,2.972837499214265,13.786356428574974,0.14798722975198017,0.5202866327335314,0.0016316695982314016,34.881092379917504,61.499891470024025,11.92962581567652,67.38308175701567,62.15994106403036,0.03565825857476943,13.4,180.0
TX-117,88,2026-09-11,12.79543186756897,9858.903305427371,35667.89764174336,33.967025758904825,253.23839892480655,840.9154565493632,2.843005500447146,13.578689513989465,0.12158776688212682,0.5566975196432323,0.0018657033442409958,37.06574583220346,58.93665150513012,13.029917884213628,69.36356768300136,64.10736165031979,0.05577632291200905,14.68,175.328
TX-117,89,2026-09-12,6.824861876233847,10412.106177816779,32796.78835858987,33.629472883543066,219.06039742721612,989.611078364503,3.4451076750338383,15.11178998490322,0.092390469776871,0.4962805334998702,0.0016651995456148587,34.788312050520716,59.563956527565374,11.211781506163918,59.776420345724425,64.78451105916601,0.018498884495010727,13.92,178.102
TX-118,0,2026-06-15,16.081495944899096,8658.716881011806,35473.4295596759,29.387629194458192,176.4648847656506,865.5035833934894,3.525402082608666,13.05162187853969,0.10157702151503441,0.5173297952517646,0.00175333780807257,36.008271005591254,60.60576141717841,11.748089061644544,72.08972141575249,83.1006274974812,0.03313839114312166,13.4,180.0
TX-118,1,2026-06-16,13.83252778660128,11233.321303888693,33035.637047318094,30.349939742369838,224.71122142358558,952.1857270164104,3.3982346728603927,16.475182737033407,0.10050785453312515,0.4603842803631512,0.002130429257746864,34.597223372907756,59.277973198710136,13.482471887136587,63.85701202526947,88.64904321925304,0.05256766341148804,14.27,176.8245
TX-118,2,2026-06-17,14.52255680557795,9091.21913804552,39239.71145587685,30.006693780151696,154.7671118920375,979.0180505713083,2.9749040939814497,13.137349095800458,0.11862366829678367,0.3725633801482423,0.0017857714417021371,34.700597607330856,61.27828192066618,14.240251544731507,64.26569356075305,78.67955355841376,0.07748388294793151,13.4,180.0
TX-118,3,2026-06-18,15.01421042368183,10234.099528011644,32525.297004988926,39.85064814284566,186.0145347754662,921.4857036144044,3.1201178935598985,15.170676644030268,0.09131372644193159,0.5120663122503306,0.0025272042425630897,37.28093397591298,59.737285689113584,11.550536710988734,62.57370671771779,96.4890848509785,0.051288348982968204,13.72,178.832
TX-118,4,2026-06-19,18.345127708711566,10348.33032063958,39416.80339736542,28.8345817224356,178.22404938371355,1048.7561401349642,3.4516532223207324,15.912566204642502,0.13070385252827874,0.5256665242774133,0.002470970207191913,35.246591895509006,61.35292323705283,12.526391325444488,64.02414879490932,73.35687645330006,0.04607137784689813,13.4,180.0
TX-118,5,2026-06-20,15.796461285948999,9772.098796800745,35871.7991282077,32.100861724422984,204.559852126759,917.8014935789777,2.7169207887773474,14.43604726431255,0.06658782347974374,0.4940065326848966,0.0017042566309636562,35.09985243078313,58.928266316379805,9.949327201551137,71.75732893900542,73.14856501323456,0.064470578616837,14.69,175.2915
TX-118,6,2026-06-21,13.419030904293944,10849.058212154125,32696.6042731635,30.98978254854943,178.70233495340753,1108.0594550902285,2.8753692626307603,16.656905105911537,0.10901154852637683,0.49872421866073424,0.002155315959374907,36.35917293866525,61.002308896648415,12.162454873278929,66.55796881393505,90.32030948426228,0.04583189626920977,13.4,180.0
TX-118,7,2026-06-22,9.438339286055431,9451.749514677365,32955.752984455525,25.721497265617018,183.701337607098,898.1120339880778,3.123708964446899,15.473343450917735,0.08539444172949624,0.5496950033897403,0.0021603367465335603,36.581308637457475,61.270141560670076,11.650468241411229,68.91646491089749,77.18868869050284,0.057979786188805504,13.4,180.0
TX-118,8,2026-06-23,17.161289204092007,9937.84008336013,35206.54076086121,29.48929306542456,183.6719053636472,728.4244177635468,2.6530972236164923,15.398331312932772,0.12171169758447448,0.5397994994224152,0.0019161160715035286,34.319823366179705,59.73018871306067,11.024993536421547,58.65419111795028,62.63884300020202,0.06374741358161484,13.72,178.832
TX-118,9,2026-06-24,20.57185471631547,10376.970486965696,34883.694749499766,23.199535140657296,197.59954450904013,948.9471398138969,3.414940636246993,16.37762200163,0.12419136135382532,0.5971476132105608,0.0018784932944779656,37.8053120481031,56.97009367744887,11.221688554444803,65.60000076024426,79.39220738094733,0.04818364346273409,17.04,166.714
TX-118,10,2026-06-25,13.512702180760064,11101.292707002482,33912.95484781038,25.08583798596726,234.7300519682412,967.932215292768,3.547358610873852,15.391742475151064,0.07248026618344189,0.5042309857416294,0.001545893721586646,35.24230706559474,60.98010440067061,13.075419687582883,64.72283570059727,80.98471715508731,0.04096154459663529,13.4,180.0
TX-118,11,2026-06-26,17.8998943724032,10337.288968039958,33399.48480542689,32.85279177821484,222.79931700286883,906.2916739345319,2.5887436855547037,15.355511610131812,0.11104901493768006,0.4584990274692115,0.0016977068183515937,35.52162234185597,61.23497692766252,14.149757347743229,66.99717986705939,65.3273463921916,0.07039783538325023,13.4,180.0
TX-118,12,2026-06-27,18.164961443938243,8997.364439165776,32939.41997546289,27.761457234018643,217.85821053594577,709.6436028465677,2.940443791956782,16.562097710910944,0.04331775168981773,0.5373379209644182,0.0022600830355675623,34.153347463451716,58.27006909750635,11.137706444175475,56.98370634725381,72.3904808470344,0.05219596255752969,15.48,172.408
TX-118,13,2026-06-28,11.341989608120668,10486.024791279215,35205.13436131073,31.537608857522528,193.14766732609004,959.4435158417914,3.6452803429279426,14.184962715057978,0.11522063541789913,0.5386013728914035,0.002125361182952458,36.67705419410651,58.91026549094903,11.57845168496305,62.66912187091249,80.80017315792833,0.04727513735250473,14.71,175.2185
TX-118,14,2026-06-29,12.912752583159442,10831.57381337227,38619.01162812151,28.612326363659317,173.93079307404395,1049.081396027916,3.2353652688732266,15.841444751225847,0.10210002019191147,0.4599841135649545,0.0018760143632183912,35.677720042437805,59.328659459198754,12.432983528251551,65.04009673147048,66.54490415198806,0.06621130642806151,14.21,177.0435
TX-118,15,2026-06-30,16.78209878268586,10165.323837949833,36110.04244161879,21.3096031297375,191.50671632482351,777.8159567658527,3.062343109895659,15.651824408867464,0.10282677649828006,0.558929457666798,0.0015507943357392952,34.20074902762978,60.621521999219,12.26393665724848,61.05370780134647,84.57223894383444,0.0654322212248508,13.4,180.0
TX-118,16,2026-07-01,16.276761021831394,9245.464300720152,35319.45049077701,31.994045280971427,196.02481592959543,1007.7795702464882,2.942030669681175,19.209084708112975,0.11566234429067074,0.513804006498102,0.002276128215200126,36.530885273131766,61.348578026165676,11.92416498331617,63.020239198227884,66.02314130188174,0.025592808901468252,13.4,180.0
TX-118,17,2026-07-02,15.522700140892457,9806.16518094055,34331.74292009468,35.45489090127078,199.31156593537696,1051.6082918596721,2.7134500842304035,13.058097675158745,0.07484727251298826,0.5361375528848816,0.0023454458167490194,34.40560510374128,58.40402594680966,13.53027622206083,60.64879435905341,83.08176142293354,0.04429018639677156,15.32,172.992
TX-118,18,2026-07-03,16.191286071330563,10538.460861160313,35952.51237937485,28.852593693869856,229.56631526335738,923.1281107943719,4.841254752991105,11.589690665349455,0.06560146053527371,0.5497130283966862,0.001990474650180349,35.79260939531327,58.35242866518586,12.054132749213977,66.37195244334849,70.65031325027974,0.05231829705843262,15.38,172.773
TX-118,19,2026-07-04,10.91542145736543,10197.411429074158,37890.89604874108,24.159254963437007,175.77665704977784,995.193685096333,2.342181095301936,16.681201956950183,0.10110696971892867,0.47910890285862195,0.002439957448401797,35.92814780841702,60.4195734424378,9.847333481456218,67.13676114920315,66.43312059344791,0.04778618050770092,13.4,180.0
TX-118,20,2026-07-05,15.022002205288558,10948.638660612483,34493.51588410157,23.251556383973902,231.2199519876648,958.0585771998576,3.3814879024691633,17.976836007058367,0.1344641769726596,0.45541329680752324,0.0015827030741774847,35.84246924352171,59.6062990247894,11.828221996970127,61.63499182130352,79.67117292630127,0.05402131173810809,13.87,178.2845
TX-118,21,2026-07-06,14.533505740056391,9305.828876182237,37418.300057612905,31.66220888365536,224.27530631537897,731.7589981696348,3.02841157648164,13.566202382667175,0.10072294574049304,0.5471605282723615,0.002110984209858988,35.01812223408704,60.0191706525446,10.44023482229329,62.280295838556206,83.97030035633345,0.0449446316814315,13.4,180.0
TX-118,22,2026-07-07,18.421257134309773,10413.185467740259,36758.4102207352,32.066529069645355,193.2896209382238,887.9078351878316,3.3201929502933494,10.748771751461478,0.12487552785255615,0.4749940278399763,0.0019741147522393775,34.922337460455125,59.940251129856215,10.686358315941813,65.45517510103689,79.75491705600801,0.02955548488603905,13.47,179.7445
TX-118,23,2026-07-08,11.097642727163077,10447.932678147898,36419.594288195985,31.9139340753286,188.4581775889268,957.2490088208054,2.39854965457211,14.72532791406711,0.07387014126202807,0.4918999028589224,0.0016908827382883954,35.75581086081025,60.649772746177675,11.429424419749258,68.27089764941825,67.34947714611481,0.04964715531531916,13.4,180.0
TX-118,24,2026-07-09,13.155536017556816,10371.185884022241,36286.88491118269,36.94828137446682,203.85218235697923,663.2322593390413,2.7845657651328577,18.13051941068578,0.09350010715526834,0.4041231895771176,0.0021347995563138745,35.524059372344844,58.90920153221124,11.753250894907806,62.458112188629556,79.18055759292893,0.050565994499671765,14.71,175.2185
TX-118,25,2026-07-10,11.502674509391763,9995.228086388894,33533.95125526565,37.76207292427572,220.1578019406612,890.2176524858322,3.040532077297311,17.02755245587596,0.09652779221216864,0.5379196262231745,0.0024432158388606037,34.5091179341507,62.469217651378955,13.35511689050585,65.74567640714278,71.44870398485133,0.05236111538087149,13.4,180.0
TX-118,26,2026-07-11,14.266497312366592,9603.61407203144,36064.55039065403,25.357418736882355,195.60410936782984,873.9678644954214,2.3173702716145286,16.316944046231068,0.09543323919138422,0.5649421655047195,0.0019266040991380198,34.59340482447584,58.64303592772871,12.039029206029292,65.13403469661705,80.93413388186798,0.05067018990333338,15.03,174.0505
TX-118,27,2026-07-12,21.281753086663677,10228.108632060375,33026.326030887845,25.135929296894396,213.16250443552676,818.5337508346382,3.2974221922703286,16.791278090012835,0.11839484352354665,0.4565406374887164,0.0022764413524842594,35.322589238349856,59.088193408928134,11.84059885416762,66.41383927854271,69.61719121740487,0.053018594524229995,14.49,176.0215
TX-118,28,2026-07-13,19.336805845618063,10482.028065178029,35163.97238702879,31.68229483334033,191.79665018950897,859.2082874213069,2.231401852248293,15.502219440245488,0.11364996863193508,0.4964578257158475,0.0017368027414597278,35.06612847552785,62.0126468517143,12.897981654236135,64.91157690822108,91.37944321397106,0.07698716989889866,13.4,180.0
TX-118,29,2026-07-14,13.559572156389224,9877.05761591485,36386.662598483235,25.964970732459637,219.63194750990624,908.1174154769183,3.1858192447434597,13.849124311202011,0.08424593286107462,0.400726726704224,0.00244543426893729,35.941446443046914,61.01003850938865,12.34832615087948,58.087316777675625,68.99119059983936,0.04743919046364466,13.4,180.0
TX-118,30,2026-07-15,11.755960942475916,9153.239022532141,33045.274301402715,30.793838089345357,203.72859636218968,972.6018267150176,4.03158985044649,16.371523040195992,0.09648900632285752,0.5900163256030844,0.0015254190716204297,32.92115690138309,58.66991488460296,12.812187447898303,65.50568075606623,65.97341035570724,0.04272905464605116,15.0,174.16
TX-118,31,2026-07-16,11.275549498527141,9379.245795051378,38102.11554950257,29.849219280818694,238.22361238922966,828.7988497203631,3.2455625066140477,15.454165320633122,0.11759363145997974,0.5127274252407014,0.0022955250179817416,35.554197612509796,58.36309216512743,12.73271476442739,64.69070290777297,68.78624336672405,0.056939777767008114,15.36,172.846
TX-118,32,2026-07-17,17.76467564342167,9758.217417845666,34298.870163393294,23.649063396192233,166.82878195717566,880.6153362367179,3.3960272410737735,13.853468611186447,0.12855587327760315,0.48974630040840844,0.0019396972024629442,34.71090828946285,61.472388860696526,11.041089429696326,64.61311949802324,70.62102437770872,0.04438431961658323,13.4,180.0
TX-118,33,2026-07-18,15.105463033434997,9943.338354608963,37103.342597308045,30.549064679994842,214.11479330461756,913.8204117249335,3.7018795001047304,14.39523006249393,0.0940085721286498,0.5372519293888244,0.0019051991474422652,35.498391684743545,63.506871608305204,11.021047337300086,69.59501139916509,71.06234697351614,0.06337678661010752,13.4,180.0
TX-118,34,2026-07-19,17.058137565677264,10300.163829657757,34698.07370567776,29.36869011259025,188.66588069519912,900.5020833197182,2.908044276867989,15.382036506224177,0.07178689796924059,0.5011322559912773,0.0023787958956793254,35.944048534683404,60.03450266461001,14.562418102224983,63.267940085238024,74.3066236574509,0.03549485003029855,13.4,180.0
TX-118,35,2026-07-20,13.789094065172172,10893.90706468349,34269.03763556095,23.00032127163792,220.63736385298301,931.1368193767023,3.4153230330126583,14.405897843514259,0.0798575227079529,0.4908188348448889,0.002166453495915366,34.927673059923286,60.58193275992325,11.463181712157429,66.27528958679301,74.97588849631788,0.04294126083810126,13.4,180.0
TX-118,36,2026-07-21,15.41985046527053,9806.653927027624,36234.32893575706,35.02353257179138,213.31949590919078,769.2010070767374,2.517614623118653,13.726846267119448,0.08407371911338477,0.472857651250251,0.00227757454222025,35.69865443853888,59.364223005395054,12.591793659991646,65.98652615739644,74.73712951196914,0.06148224702605033,14.16,177.226
TX-118,37,2026-07-22,13.016111077729777,10026.37976863171,32898.279795329196,25.66137151990935,176.1647934714596,821.1314279095013,3.041550280577743,14.395031641516145,0.09460257419186836,0.4850418440904067,0.002531822787517623,33.86281985120287,58.13386002040139,11.154577407426565,64.78431549606503,79.11817050069644,0.05618587613885469,15.64,171.824
TX-118,38,2026-07-23,17.833914949109364,9945.880566978904,34207.357760186394,38.86159304681541,147.78728032133895,905.0207217955318,3.215003472246971,18.74736800475383,0.06678867656289508,0.4789931180785322,0.0015927169396664823,33.20172363242373,59.693211461060365,12.833093757612408,68.6179087649933,70.74501753908608,0.05666526240531589,13.77,178.6495
TX-118,39,2026-07-24,14.40684390500407,10278.28688956126,37308.95049531845,29.741408153519565,225.10228939982926,802.9578169716523,3.3282552584845178,17.067346545576967,0.1186041841324624,0.44074893438377516,0.0019382567001683946,35.30217513022301,60.66457866060209,12.115875949367894,69.28755884625454,64.63483191463928,0.04759749166016831,13.4,180.0
TX-118,40,2026-07-25,9.936683699883309,10310.624405101948,36109.23889488057,47.47384795705906,224.18134881010548,926.5092112922684,3.127447537836918,14.366778178747108,0.10260975387929024,0.513812448079694,0.0014105721986067336,35.196913590507,60.15151435256211,13.754013276726152,64.60498472059254,68.8756371693638,0.05268532082079965,13.4,180.0
TX-118,41,2026-07-26,15.223044215643913,9934.699688438322,32442.022378406782,29.96900441264298,192.16167208876828,882.6814800870135,3.36607661159555,13.650971321508283,0.09557535034000915,0.5270602483470744,0.0019191793147632695,37.60918598719949,60.37329975136958,10.758102967724163,62.48209177077071,67.48052169130132,0.0417497371365097,13.4,180.0
TX-118,42,2026-07-27,16.610934354658255,9446.745271849619,34337.58848732954,36.481107226205076,193.44142033346313,953.7189250247707,2.1585148730948345,14.258769891752015,0.0822810922511841,0.5149885478296149,0.0016895665616873908,37.06965688021839,57.54092265887274,13.135781143878742,67.63483125681275,77.47888925224002,0.05054433253511991,16.35,169.2325
TX-118,43,2026-07-28,20.564876011969723,11235.48194470561,34585.466623454435,31.574490332034326,192.88021296050903,806.4570081660248,3.2315563771322875,15.499244805970752,0.06779557427229913,0.5228000992594831,0.0020849419559168,34.398755312458405,59.000216008681754,12.423779767410206,69.82664496554193,78.18716503724322,0.05780484251252761,14.6,175.62
TX-118,44,2026-07-29,12.503410819080424,9792.863805211911,36216.0335457721,24.01218981808022,208.16360517269794,939.4738426557965,2.9807329500192123,15.638744064876535,0.10115639695567545,0.46889191986360845,0.0016465679701263421,34.909686650702085,61.956759005090404,13.024380730927126,63.964003113491685,72.07116449095757,0.045602876105630206,13.4,180.0
TX-118,45,2026-07-30,13.681248392432565,10143.874711551096,37114.96279073281,42.136231194363695,187.51397468730073,952.0944277531287,3.271167201503027,14.340507161045911,0.0794798150189428,0.513768654842234,0.002635963936062518,35.26904710451863,58.81915258932392,11.842733691350158,61.57947791867461,75.14808228714612,0.05683408027666782,14.82,174.817
TX-118,46,2026-07-31,12.922199746248017,8372.194982702218,35553.76214552449,28.332692996284543,189.18888229305793,839.2558717308277,3.200125962848423,14.184188175347106,0.1186089126484082,0.5476225833553978,0.0019188103985377028,34.47913402499023,60.19156275805484,11.854606818197805,59.74245892588212,90.31283001647267,0.057143357474106045,13.4,180.0
TX-118,47,2026-08-01,13.609544875416239,9041.808394063686,34639.13627586231,27.918842475784587,203.0821688182699,726.8903612576255,2.7638766790564735,14.177356195117992,0.09615449448172331,0.48818961594626037,0.0020156752498618202,36.52117737847906,59.22747871912945,11.088842044135074,59.81800843602904,70.91111074266377,0.035987490760338144,14.33,176.6055
TX-118,48,2026-08-02,17.880288883824985,9951.94708468261,36878.92997001305,38.2054826364238,187.08382942471675,872.2112191882552,3.665843400768572,15.3784351587542,0.11043019873995788,0.5516488785734875,0.002268954396099211,35.41035955329104,62.09454222776699,11.931745691411884,66.55824319477355,73.58593196518535,0.06020551669074101,13.4,180.0
TX-118,49,2026-08-03,12.897706086237857,9158.571830960213,36309.8495748403,25.794575469731704,182.09148744226545,1001.1943947584324,3.4831397755955873,14.314998538309407,0.03909073745438429,0.5266620069620561,0.0021987514617690575,35.51681133486363,60.70628023634582,11.818610827854027,63.76859256869723,66.15070504309611,0.04302603324313205,13.4,180.0
TX-118,50,2026-08-04,15.964453979825516,10168.963475447506,36579.64909817397,23.88138263374661,171.38318165905125,869.6235910068172,2.49002617727733,15.371974912975723,0.07380246764920202,0.5590116071295032,0.001753381892468123,36.59267424129949,60.78645277576779,10.944767949989165,71.28423504606147,77.1236185169401,0.05166119406168757,13.4,180.0
TX-118,51,2026-08-05,14.804363842880738,10233.276660968473,36050.841222945266,26.606939929483655,200.3880194334401,909.2560766200381,3.2913702323269813,16.19937855412795,0.10329083588347927,0.4724838522188753,0.001819522426854129,33.808511596992076,60.88890174657065,11.384022905886027,64.42473650739822,76.90195125581987,0.05003934168227692,13.4,180.0
TX-118,52,2026-08-06,14.983166049813686,9547.519040343865,35537.725116774185,29.385937179881573,203.02239338596866,992.6374792852796,3.252659096966571,13.858388789112608,0.09702172148820395,0.5799718452256752,0.001907785264411518,35.039881243176666,60.99621835298619,12.215191487903425,63.88154564405897,69.052635501935,0.04989901058266783,13.4,180.0
TX-118,53,2026-08-07,16.974058033091634,10660.450103320893,32069.291826009918,39.7822728827159,199.07357517168623,973.986133460449,2.6312323613955844,11.778321150349104,0.0737410765983092,0.48345216251474676,0.0021572279457713595,35.03119245697692,59.62464805401204,13.118023318531554,65.00595746318348,77.23827736235124,0.08111027321837237,13.85,178.35750000000002
TX-118,54,2026-08-08,14.975884480001872,9652.077443566885,35961.919534867004,34.65706677287121,210.9527792828429,912.5529969815512,3.741115481328943,17.71449442455126,0.09765797695776059,0.46782527190550693,0.002128760852943871,34.350766642018215,61.32774250216454,12.424056276226906,73.01009311542342,86.78637516443364,0.03921259502026625,13.4,180.0
TX-118,55,2026-08-09,13.44363395517185,9043.024832798086,30724.506386705198,31.57402713823071,181.17678988245123,1031.2948585303361,3.5789577281760585,14.457011132868725,0.09343375119315235,0.5742686478393673,0.0025143821876964876,34.067402092039465,58.40822529074448,11.698908852940244,66.29357511611862,70.89062674931267,0.05452214164161989,15.31,173.0285
TX-118,56,2026-08-10,20.85089591633507,9296.984401417882,34108.64823987487,24.08820400239591,188.3841216607734,876.4258806294038,2.6363944176195657,16.039955132696008,0.10301912566247853,0.5149509540315883,0.0019079906661102028,34.785392012790936,59.47396417859985,11.751342270045045,66.25702793362122,59.61207451553147,0.052879413265314784,14.03,177.7005
TX-118,57,2026-08-11,12.393808309257976,9830.57117995059,31876.934202993,29.248075834147812,210.76485245277155,936.5667485574608,2.4068342412195936,15.817677235881572,0.12279552217927141,0.47531549802235984,0.0020002739345169255,32.9314534338243,58.65444891653923,12.270520217198138,67.86640221261779,70.20577767379231,0.0766938607175677,15.01,174.1235
TX-118,58,2026-08-12,15.941668920604501,9363.321562122917,37574.365422488074,24.794989481389056,211.86706618942122,825.6607149844094,2.321282775321152,16.924304379087452,0.09480446073107882,0.5862836027280127,0.001694619923596266,33.44035929835925,59.280501773631364,14.89050879973298,67.50174682210117,79.43114410989254,0.05586939210155912,14.26,176.861
TX-118,59,2026-08-13,13.545469675014788,11364.675136849282,35916.17084783969,32.89955733243121,225.08713856279365,798.1405421082363,2.5603265404209017,14.508972219681448,0.11982656436866923,0.43509734936309197,0.001979793674288952,34.7911504796339,57.63842128856147,11.491068360993113,66.6267563545191,63.13384283446812,0.0641133459370896,16.23,169.6705
TX-118,60,2026-08-14,16.404136156297433,10173.003325665704,35016.37615590014,25.6346368273488,192.4872964560696,928.9483770405697,2.67417239776096,15.377498146818905,0.082022373615103,0.5225714956501827,0.0021578241793987715,33.37231134410033,60.100962804751475,10.478332072109655,59.41687706882989,70.24886199590102,0.07796917562179317,13.4,180.0
TX-118,61,2026-08-15,17.326163859074736,10696.052021828502,36216.833077047384,32.14173439244273,223.48041968932984,848.8342905069987,3.2352573083653873,17.35419562484967,0.11398843444019553,0.5621389982518333,0.002054780047888599,36.69208065183054,59.68765236927406,14.11769243000882,66.72082226718246,71.92842995338597,0.038208698158705215,13.77,178.6495
TX-118,62,2026-08-16,12.576026900788316,9520.319166871717,34822.56158723764,24.762996570574554,231.51911021958114,908.8578299523463,3.035074839428847,12.669226341672108,0.08461924592818812,0.388981632746066,0.002485341542143238,33.58228335624014,57.98714438540122,13.413173392072045,66.16269397645922,75.96589429968064,0.053402684753920536,15.82,171.167
TX-118,63,2026-08-17,17.8617011197835,10049.93765837182,31912.930511964347,34.81700838923025,214.20217266962817,993.7242677963029,2.3754505682622575,13.541316204828656,0.1078417776942837,0.4527744216729034,0.0012941472491282706,35.19733057873687,61.34251144965035,11.87106817905843,66.64440538176336,78.22694011454307,0.0501049535759603,13.4,180.0
TX-118,64,2026-08-18,15.407889470091256,10674.569055998116,33071.49884721274,35.03455386701939,182.2290938547918,836.4175829867821,3.5979586573632245,12.580337209504977,0.09516817504511907,0.6180673552763655,0.0023076651980932904,34.26282803706254,59.15126212495962,11.829883871816453,68.93583269311742,66.98682285606094,0.03937831058131697,14.42,176.27700000000002
TX-118,65,2026-08-19,17.14005917063828,9159.43151636115,33177.84569469785,30.76215567589831,205.26159867931653,790.8304082481661,3.17687019956699,16.10753005586529,0.08675021347924586,0.5830378655683226,0.0021018818205043193,33.99514102682912,62.43117081942426,11.476675614732983,65.53662039296782,71.10575021440457,0.0562415309953774,13.4,180.0
TX-118,66,2026-08-20,13.555415136588113,9789.571842728148,34680.044715964184,28.69612008693823,227.46564857896777,799.3765379100862,2.9814261618558726,15.178930138462048,0.09750731436145531,0.5484149311700014,0.001548815601749025,35.56791724355496,58.132571627987076,11.491223480466589,60.95692956247557,72.3432705978408,0.04421788724020018,15.64,171.824
TX-118,67,2026-08-21,19.914815392422078,10120.683201375567,35879.5720402918,25.686624303035213,220.92225295785957,1031.0580784300912,3.434954584283108,12.37597484996265,0.09071716294417173,0.5054245055547424,0.0018268510472556545,37.532990853260806,59.27658535385718,11.95664864927881,63.199316037472215,76.85346971076085,0.06382350016022165,14.27,176.8245
TX-118,68,2026-08-22,15.344566358331274,9890.493372608822,32852.17910750823,37.28659476024909,203.3381858304513,885.0642972261571,1.8305314096755838,14.745566798259754,0.09197790045268674,0.40869977948134856,0.0022968834290633487,34.46475758077306,62.84335331656497,13.41444153968906,62.840289167748686,85.95450921816752,0.06610542194479235,13.4,180.0
TX-118,69,2026-08-23,13.32289333343433,9483.669945274614,30689.290641943153,33.16289169207282,186.83690103325534,932.83943420185,2.7160745076707906,13.44053681788942,0.08877017524602622,0.43500915402658863,0.001831414015886722,34.26338733109586,59.97876654246779,12.10425808618534,61.78647473678336,83.80644152487955,0.048404313662084385,13.43,179.8905
TX-118,70,2026-08-24,19.507318049871998,10120.541150493036,35138.20807770772,28.824063972204414,218.69156021559886,902.6853400929346,3.4292328545614925,18.20932479511692,0.08546294263639727,0.530673178916896,0.002175534852924633,35.45811190825884,59.35020123045825,11.587033604584727,63.24835348910297,70.17026351184747,0.041598755340475434,14.18,177.153
TX-118,71,2026-08-25,14.686508142745307,9621.090823011047,35871.28738769209,31.581995700515765,209.86857782298597,878.1208701005937,3.034449146816869,14.505355043598286,0.11559086159535933,0.4778805360358954,0.0021126573406208145,33.693629056250195,61.068112247907784,11.440739109999726,62.26318580657305,65.88960293155435,0.037820785534037143,13.4,180.0
TX-118,72,2026-08-26,13.555586003624438,10749.313847370053,33713.35428630827,20.26964011925322,213.88680588740692,810.8594765949894,3.4074037894488316,14.15784648234587,0.09451983964812098,0.559865542692763,0.002185318853230518,33.75362294966035,58.35111211731585,10.216470059734359,72.80966288756417,68.098341719166,0.06169812984727281,15.38,172.773
TX-118,73,2026-08-27,13.403176303098583,9460.072226379103,35043.12155215332,29.700445866254757,222.706327702633,965.1507131665,2.704929490532861,12.120091164656063,0.07605671899697111,0.3858771018351175,0.0019176621075238957,34.9881996515093,58.28575812248383,10.7363488923515,64.95174836481331,69.94436281178886,0.047870710446852795,15.46,172.481
TX-118,74,2026-08-28,13.898325453062567,10124.365120358178,33869.44196553862,28.9083165728543,169.1242122618668,895.9733948752471,3.0443459111988167,14.644601100844952,0.13823668081017018,0.5081389351179202,0.0019530568696229044,35.4991449688599,63.16929530650159,12.252723043942575,58.32954994773207,78.45646841579627,0.0412076457362007,13.4,180.0
TX-118,75,2026-08-29,9.232574442578542,10848.780623540244,37962.893000656775,26.844420761345212,188.87891945149696,912.8133769530466,2.5574105791034207,14.729852712688613,0.08573635954731927,0.4799798842943695,0.0015786934413961238,35.82689832745435,61.80568355939974,11.89979601082656,64.89127248837777,80.03325614907787,0.05001901144838905,13.4,180.0
TX-118,76,2026-08-30,20.18869154650022,9341.818571811436,36721.88391936368,30.81756731859848,184.51864584698527,1079.7670994303248,4.192600186257899,14.584260125144407,0.10889450696084513,0.47644068687465285,0.0019069115472306556,33.867500813548475,58.07960671343033,13.844149971922759,64.88369634849116,75.4046794151314,0.041894817806443135,15.7,171.60500000000002
TX-118,77,2026-08-31,15.569910606819171,9248.102914075433,33452.52287504391,25.407976362400326,232.89193198604897,767.8481309017602,2.4103922513894136,10.904821457035393,0.08219975336004237,0.47702395095434147,0.002293334113117733,34.77800216053024,59.384119636752054,12.29990812364498,63.67129063135875,94.27926290152708,0.04408996576738031,14.14,177.299
TX-118,78,2026-09-01,16.241135347709346,10413.227891677823,33760.57199151172,32.25198236373843,197.10869446741114,921.9216646357352,3.0504620955276938,14.719434019282376,0.07688872887061232,0.5931847398603431,0.002175919771452729,33.41136264745866,59.36944561499342,10.430603970893557,67.28624409813479,74.82573838020654,0.05004077775162714,14.16,177.226
TX-118,79,2026-09-02,12.472898321714569,9842.218006868074,36574.3682012259,36.722552237982484,224.14537979261337,775.826650838712,2.9069419867276562,15.50662691455619,0.08530448821297477,0.4170492136545329,0.0016140108361243739,36.49977476870244,58.21280792799099,12.0475606983976,64.5309950149682,73.76974657814927,0.046801385331823625,15.54,172.189
TX-118,80,2026-09-03,17.367411040353087,10017.806459525993,33748.69068008808,31.71838137813152,181.7574280085718,938.0755677803113,2.6595165748319087,13.753257694460617,0.11026095074161937,0.4796342042696622,0.0018946951536314392,36.16763023531468,58.54021839964165,12.498385001712748,67.84857208196294,84.33517759177316,0.07176520018842261,15.15,173.6125
TX-118,81,2026-09-04,13.073579284565515,9566.032083352435,36634.43090281835,36.18113860450428,191.58497222068877,938.7843592983693,4.362103430349559,15.20932881261293,0.11846997609829746,0.5788368692799964,0.0027511238448811566,35.24569963129568,61.87955031877583,11.21150588373909,65.07464283342108,71.42838020080175,0.03114659332850625,13.4,180.0
TX-118,82,2026-09-05,10.190898681533156,10215.01628641464,35899.37785196584,26.290060913080875,238.63872630953495,811.2014722310373,3.1286344797542354,14.169521085309391,0.10213896048435242,0.5449266633306428,0.002227202604893196,35.707842263771454,60.87023344112507,10.727255558257228,68.40358889374902,66.5176920498942,0.048939659081500164,13.4,180.0
TX-118,83,2026-09-06,13.946019235993623,10175.061646311367,34030.56950724892,30.723921527515557,239.95973372414426,796.3797301452906,2.9987667841492605,12.771745671464824,0.11348699279133188,0.46366355937615333,0.0020115609320755304,33.675335066063845,61.93730974679226,12.07278991692233,65.41329654319352,81.632492968107,0.0374859147373643,13.4,180.0
TX-118,84,2026-09-07,13.15493307376039,10085.027080789907,31476.023313583566,23.26161194384027,191.24848033989983,808.7201885587773,2.8280683265397486,16.044864283211087,0.11499760654172463,0.5904705324217665,0.0019932126668130855,35.15435879836841,59.9626791567961,12.32026826467316,66.19510222497442,82.37694207584843,0.059182082516043635,13.44,179.854
TX-118,85,2026-09-08,16.55808981853784,10755.086410826905,35053.51411927771,28.495177651527367,198.8041796983198,891.5332122446208,2.458182459483544,13.773264877693752,0.0772032474319635,0.5171980130817484,0.0021061463297384446,33.231084973207636,59.01887678513656,13.82518884592026,66.88934002342852,78.63469202436156,0.043357467427669896,14.58,175.693
TX-118,86,2026-09-09,15.861847662117698,9992.745040805972,33406.50728407102,29.102339500860243,198.43136625636507,780.9061391195153,2.3382163671015754,14.60106243385269,0.08304003817233832,0.4849540931768638,0.0015183041475130433,35.80132600707756,63.120719162280544,13.027395599501052,68.39160408548099,80.0089799840054,0.052655858411461094,13.4,180.0
TX-118,87,2026-09-10,15.259568701980914,9542.736693525563,36380.11152205514,34.74309995017389,198.6875967965606,942.0803266328771,2.6530273498581916,13.739489262743088,0.11550210698169996,0.5215263716775943,0.0019304166989790085,34.652333845204105,60.262159123959194,10.164599451268455,62.726691746457305,64.87912709587337,0.05011853067660184,13.4,180.0
TX-118,88,2026-09-11,18.26585538198668,10238.579359738982,33977.0040637867,28.074844263742854,192.96181444968732,1059.9693698843894,3.034031148254665,15.399501880577697,0.05777740748183901,0.44095307078031565,0.001986746935438964,34.50183793043213,60.19958712032949,12.119878871015217,66.8013567410611,60.04670686821739,0.03894771416764643,13.4,180.0
TX-118,89,2026-09-12,14.701163016166117,9676.298395841657,34379.44482837883,32.17123636757985,193.23183556128555,915.3816098074661,3.271992265672386,15.130158136195961,0.11441455558632363,0.3913529308160442,0.001824189514186966,35.8923309089036,58.70347039054422,10.999940940355133,64.62119543028402,74.86144775378732,0.04465303070427578,14.96,174.306
